Label,Count,Frequency(%)
greedy,96853,21.7129
dynamic programming,77879,17.4592
math,66289,14.8609
simulation,61060,13.6887
combinatorics,54773,12.2792
graph theory,52528,11.7759
sorting,42451,9.5168
prefix sum,38403,8.6093
string manipulation,29639,6.6446
modular arithmetic,28690,6.4318
graph traversal,25256,5.6620
breadth first search bfs,24916,5.5858
binary search,22717,5.0928
sliding window,22024,4.9374
greedy algorithms,18731,4.1992
number theory,18095,4.0566
bit manipulation,16896,3.7878
data structures,15611,3.4997
segment tree,14845,3.3280
tree traversal,14121,3.1657
hashing,13098,2.9364
backtracking,12063,2.7043
union find disjoint set union,11938,2.6763
shortest path,11930,2.6745
geometry,11870,2.6611
greedy algorithm,11561,2.5918
two pointers,11247,2.5214
game theory,11226,2.5167
stack,11094,2.4871
string processing,10834,2.4288
hash map,9509,2.1318
priority queue,9481,2.1255
depth first search dfs,9282,2.0809
brute force,9074,2.0342
frequency count,8545,1.9157
recursion,8478,1.9006
cycle detection,8296,1.8598
array manipulation,8113,1.8188
array traversal,8002,1.7939
computational geometry,7948,1.7818
permutations,7633,1.7112
topological sorting,7467,1.6740
grid traversal,7339,1.6453
probability,7104,1.5926
set operations,6742,1.5114
tree,6658,1.4926
pattern recognition,6376,1.4294
modulo arithmetic,6326,1.4182
dijkstras algorithm,6136,1.3756
dfs,6116,1.3711
string matching,5754,1.2900
minimum spanning tree,5727,1.2839
efficient query processing,5682,1.2738
mathematics,5644,1.2653
gcd,5397,1.2099
prime factorization,5073,1.1373
sieve of eratosthenes,4880,1.0940
permutation,4711,1.0561
range query,4562,1.0227
lazy propagation,4068,0.9120
coordinate compression,3971,0.8902
graph,3961,0.8880
dynamic programming on trees,3902,0.8748
array,3872,0.8680
efficient counting,3544,0.7945
state space search,3531,0.7916
constructive algorithms,3455,0.7746
lexicographical order,3333,0.7472
optimization,3285,0.7364
matrix exponentiation,3196,0.7165
inclusion exclusion,3146,0.7053
bipartite graph,3117,0.6988
divisors,3105,0.6961
memoization,3103,0.6956
trie,3022,0.6775
connected components,3000,0.6726
bipartite matching,2880,0.6457
expected value,2769,0.6208
observation,2757,0.6181
divide and conquer,2729,0.6118
string parsing,2709,0.6073
bitmasking,2657,0.5957
linear algebra,2622,0.5878
breadth first search,2597,0.5822
palindrome,2517,0.5643
counting,2494,0.5591
constructive algorithm,2491,0.5584
parsing,2437,0.5463
queue,2410,0.5403
monotonic stack,2327,0.5217
constraint satisfaction,2241,0.5024
mathematical analysis,2223,0.4984
linked list,2171,0.4867
bitwise operations,2142,0.4802
bitmask,2107,0.4724
interval scheduling,2087,0.4679
event processing,2028,0.4546
knapsack problem,1996,0.4475
nim game,1964,0.4403
subset sum,1938,0.4345
sweep line,1910,0.4282
binary tree,1909,0.4280
interactive problem,1860,0.4170
matrix traversal,1814,0.4067
digit manipulation,1809,0.4055
divisibility,1783,0.3997
binary indexed tree fenwick tree,1757,0.3939
heap,1740,0.3901
palindrome check,1739,0.3899
precomputation,1717,0.3849
matrix manipulation,1692,0.3793
enumeration,1689,0.3786
lowest common ancestor lca,1658,0.3717
state compression,1619,0.3630
inversion count,1606,0.3600
efficient data structures,1603,0.3594
digit dp,1591,0.3567
sprague grundy theorem,1586,0.3556
dfsbfs,1586,0.3556
pathfinding,1541,0.3455
suffix automaton,1541,0.3455
kruskals algorithm,1539,0.3450
longest increasing subsequence,1537,0.3446
adjacency list,1512,0.3390
interactive problems,1507,0.3378
efficient computation,1504,0.3372
tree construction,1490,0.3340
prime checking,1476,0.3309
efficient query handling,1466,0.3287
regular expressions,1463,0.3280
convex hull,1440,0.3228
greatest common divisor gcd,1423,0.3190
inclusion exclusion principle,1415,0.3172
conditional logic,1414,0.3170
exponentiation,1413,0.3168
set,1410,0.3161
bfs,1400,0.3139
pattern matching,1372,0.3076
coordinate geometry,1370,0.3071
ad hoc,1352,0.3031
subsequence,1336,0.2995
xor properties,1321,0.2961
line segment intersection,1305,0.2926
prime numbers,1300,0.2914
fenwick tree binary indexed tree,1282,0.2874
mathematical optimization,1276,0.2861
set theory,1241,0.2782
arithmetic progression,1240,0.2780
binary search tree,1206,0.2704
strongly connected components scc,1194,0.2677
expression evaluation,1167,0.2616
dfs depth first search,1136,0.2547
efficient algorithms,1123,0.2518
validation,1121,0.2513
circular array,1119,0.2509
case analysis,1116,0.2502
base conversion,1095,0.2455
multi source bfs,1089,0.2441
line intersection,1088,0.2439
kmp algorithm,1083,0.2428
string,1078,0.2417
strongly connected components,1076,0.2412
depth first search,1073,0.2405
efficient search,1071,0.2401
optimal strategy,1054,0.2363
efficient updates,1044,0.2340
merge sort,1044,0.2340
query optimization,1036,0.2323
grundy numbers,1007,0.2258
dfs traversal,986,0.2210
union find,979,0.2195
monotonic queue,976,0.2188
eulers totient function,971,0.2177
priority queue heap,968,0.2170
euler tour,960,0.2152
2d prefix sum,948,0.2125
binary lifting,948,0.2125
pattern generation,944,0.2116
matrix,944,0.2116
tree structures,940,0.2107
greedy strategy,934,0.2094
grid processing,931,0.2087
distance calculation,929,0.2083
graph representation,927,0.2078
kadanes algorithm,925,0.2074
disjoint set union dsu,919,0.2060
tree algorithms,919,0.2060
graph construction,918,0.2058
mathematical modeling,916,0.2054
hash table,909,0.2038
scheduling,888,0.1991
convex polygon,881,0.1975
brute force with optimization,877,0.1966
data structure design,862,0.1932
graph coloring,860,0.1928
histogram,860,0.1928
line sweep,847,0.1899
binary tree traversal,845,0.1894
tree diameter,842,0.1888
prims algorithm,839,0.1881
tree properties,839,0.1881
eulerian path,836,0.1874
mathematical insight,831,0.1863
fibonacci sequence,829,0.1858
arithmetic operations,827,0.1854
gaussian elimination,821,0.1841
priority queue min heap,809,0.1814
looping,808,0.1811
subsequence counting,802,0.1798
tree dp,795,0.1782
prefix suffix analysis,793,0.1778
prime number generation,793,0.1778
lexicographical comparison,793,0.1778
set data structure,789,0.1769
heavy light decomposition,787,0.1764
manhattan distance,783,0.1755
edge case handling,782,0.1753
lca lowest common ancestor,777,0.1742
big integers,776,0.1740
state representation,776,0.1740
heap priority queue,775,0.1737
recurrence relation,770,0.1726
string traversal,766,0.1717
optimal play,759,0.1702
hamiltonian path,757,0.1697
coordinate transformation,749,0.1679
event based processing,745,0.1670
expression parsing,745,0.1670
flow network,743,0.1666
string construction,740,0.1659
trigonometry,738,0.1654
time calculation,718,0.1610
modulo operation,715,0.1603
mex calculation,715,0.1603
binary representation,709,0.1589
tree data structure,709,0.1589
recursive parsing,707,0.1585
median calculation,707,0.1585
manachers algorithm,700,0.1569
range update,698,0.1565
2d array,688,0.1542
point in polygon,684,0.1533
max flow,682,0.1529
arithmetic,680,0.1524
query processing,679,0.1522
path finding,671,0.1504
depth calculation,656,0.1471
minimum cut,655,0.1468
difference array,655,0.1468
xor,652,0.1462
parity analysis,649,0.1455
deque,645,0.1446
brute force optimization,639,0.1433
recursive algorithms,626,0.1403
operator precedence,623,0.1397
permutation analysis,623,0.1397
maximum matching,621,0.1392
set cover,620,0.1390
grid manipulation,618,0.1385
connectivity,615,0.1379
prefix and suffix arrays,610,0.1368
modular exponentiation,610,0.1368
constraints handling,610,0.1368
mos algorithm,608,0.1363
floyd warshall,607,0.1361
least common multiple lcm,606,0.1359
state tracking,604,0.1354
probability theory,604,0.1354
combinatorial game,593,0.1329
spanning tree,590,0.1323
error handling,590,0.1323
hash map dictionary,586,0.1314
graph algorithms,579,0.1298
maximum flow,577,0.1294
hash set,569,0.1276
2d grid,568,0.1273
fast exponentiation,568,0.1273
fenwick tree,567,0.1271
convex hull trick,562,0.1260
directed graph,560,0.1255
longest common subsequence,557,0.1249
prime generation,551,0.1235
xor operation,547,0.1226
data processing,544,0.1220
factorial,544,0.1220
suffix array,541,0.1213
efficient querying,539,0.1208
array processing,538,0.1206
cyclic shifts,532,0.1193
factorization,532,0.1193
physics simulation,532,0.1193
unbounded knapsack,529,0.1186
suffix sum,528,0.1184
hungarian algorithm,521,0.1168
recursive search,520,0.1166
angle calculation,519,0.1164
path queries,519,0.1164
symmetry,516,0.1157
interactive,513,0.1150
shunting yard algorithm,497,0.1114
implementation,496,0.1112
efficient traversal,493,0.1105
large number handling,488,0.1094
offline processing,483,0.1083
path counting,482,0.1081
data validation,479,0.1074
median finding,479,0.1074
bellman ford,471,0.1056
state transition,471,0.1056
rolling hash,462,0.1036
2d range query,461,0.1033
efficient enumeration,457,0.1025
grid navigation,456,0.1022
gcdlcm,454,0.1018
numerical methods,453,0.1016
dynamic connectivity,452,0.1013
palindrome detection,451,0.1011
data analysis,450,0.1009
preprocessing,450,0.1009
permutation construction,449,0.1007
dynamic programming dp,448,0.1004
system of equations,443,0.0993
rotation,442,0.0991
area calculation,442,0.0991
divisibility check,433,0.0971
cycle decomposition,432,0.0968
string algorithms,428,0.0960
pattern construction,424,0.0951
sweep line algorithm,421,0.0944
traveling salesman problem,420,0.0942
traveling salesman problem tsp,419,0.0939
matrix construction,418,0.0937
circle intersection,413,0.0926
minimax algorithm,410,0.0919
directed acyclic graph dag,409,0.0917
state management,405,0.0908
subarray processing,404,0.0906
balanced parentheses,402,0.0901
in place algorithm,402,0.0901
dynamic programming on graphs,397,0.0890
parity check,396,0.0888
big integer handling,393,0.0881
minimum spanning tree mst,393,0.0881
heuristic search,392,0.0879
perfect squares,391,0.0877
tarjans algorithm,391,0.0877
markov chains,386,0.0865
knapsack,385,0.0863
union find disjoint set union dsu,385,0.0863
fibonacci numbers,382,0.0856
matrix operations,381,0.0854
in order traversal,381,0.0854
lcm,380,0.0852
factorial precomputation,378,0.0847
efficient simulation,378,0.0847
edmonds karp,377,0.0845
fraction handling,375,0.0841
custom comparator,374,0.0838
minimum cost flow,373,0.0836
efficient input handling,372,0.0834
time complexity optimization,372,0.0834
interval processing,371,0.0832
grid,367,0.0823
prefix xor,367,0.0823
precision handling,365,0.0818
lucas theorem,365,0.0818
quantum computing,364,0.0816
linear time complexity,364,0.0816
constraints checking,363,0.0814
doubly linked list,362,0.0812
linear time algorithm,360,0.0807
exponentiation by squaring,359,0.0805
big integer arithmetic,358,0.0803
kosarajus algorithm,355,0.0796
efficient calculation,354,0.0794
floating point arithmetic,354,0.0794
data parsing,350,0.0785
primality testing,347,0.0778
event scheduling,346,0.0776
priority queue max heap,345,0.0773
permutation cycles,344,0.0771
prefix processing,341,0.0764
josephus problem,341,0.0764
edit distance,338,0.0758
multiset,336,0.0753
array construction,334,0.0749
collision detection,332,0.0744
slope calculation,330,0.0740
longest path in dag,330,0.0740
centroid decomposition,329,0.0738
input validation,329,0.0738
reflection,327,0.0733
subsequence check,321,0.0720
minimax,321,0.0720
euclidean distance,317,0.0711
order statistics,317,0.0711
bipartite checking,316,0.0708
avl tree,314,0.0704
character frequency count,314,0.0704
two pass,314,0.0704
brute force with pruning,313,0.0702
segment processing,313,0.0702
in place sorting,313,0.0702
efficient summation,312,0.0699
binary strings,310,0.0695
huffman coding,310,0.0695
bellman ford algorithm,310,0.0695
linear programming,309,0.0693
probability calculation,307,0.0688
matrix chain multiplication,306,0.0686
3d geometry,306,0.0686
search,306,0.0686
randomized algorithms,305,0.0684
matching,303,0.0679
image processing,303,0.0679
circular data structures,302,0.0677
in place manipulation,302,0.0677
cycle sort,298,0.0668
arithmetic series,297,0.0666
arithmetic sequence,296,0.0664
wildcard matching,296,0.0664
sorting algorithms,294,0.0659
mathematical expectation,293,0.0657
interval merging,290,0.0650
digit sum,288,0.0646
heuristics,286,0.0641
matrix multiplication,285,0.0639
2d grid traversal,285,0.0639
subarray sum,285,0.0639
lru cache,283,0.0634
modulo operations,280,0.0628
efficient range query,279,0.0625
segmentation,278,0.0623
prime sieve,278,0.0623
negative cycle detection,277,0.0621
a search,277,0.0621
string comparison,276,0.0619
geometric algorithms,276,0.0619
floyd warshall algorithm,276,0.0619
mathematical functions,274,0.0614
simulation optimization,273,0.0612
path optimization,273,0.0612
binary exponentiation,273,0.0612
numerical integration,272,0.0610
combinatorial optimization,271,0.0608
digit counting,269,0.0603
catalan numbers,269,0.0603
plane sweep,268,0.0601
burnsides lemma,267,0.0599
group theory,266,0.0596
direction handling,264,0.0592
lexicographic order,264,0.0592
gcd greatest common divisor,263,0.0590
longest non decreasing subsequence,263,0.0590
symmetry check,261,0.0585
complement graph,261,0.0585
loop optimization,260,0.0583
dynamic updates,260,0.0583
heavy light decomposition hld,260,0.0583
matrix processing,259,0.0581
prefix minimum,259,0.0581
efficient data processing,259,0.0581
state machine,256,0.0574
strongly connected components sccs,256,0.0574
bracket matching,253,0.0567
2 sat,253,0.0567
interval covering,252,0.0565
aho corasick,252,0.0565
biconnected components,251,0.0563
fraction arithmetic,250,0.0560
mathematical construction,250,0.0560
prefix function,249,0.0558
gcd and lcm,249,0.0558
in place reversal,248,0.0556
mathematical reasoning,248,0.0556
bridges in graph,248,0.0556
offline query processing,248,0.0556
meet in the middle,248,0.0556
condition checking,247,0.0554
grid construction,247,0.0554
median,247,0.0554
equation solving,247,0.0554
time complexity analysis,247,0.0554
mathematical computation,246,0.0551
point update,246,0.0551
minimum vertex cover,242,0.0543
data aggregation,242,0.0543
sparse table,242,0.0543
2d grid processing,242,0.0543
0 1 bfs,241,0.0540
substring search,239,0.0536
tree reconstruction,238,0.0534
recursive descent parser,238,0.0534
factorial number system,238,0.0534
independent set,238,0.0534
path compression,238,0.0534
pascals triangle,237,0.0531
prefix suffix processing,237,0.0531
substrings,237,0.0531
space optimization,237,0.0531
divisors counting,236,0.0529
arithmetic evaluation,236,0.0529
sequence generation,235,0.0527
string generation,233,0.0522
tree rotation,232,0.0520
polynomials,232,0.0520
prime number check,231,0.0518
sieve,231,0.0518
prefix maximum,230,0.0516
time constraints,230,0.0516
binary tree construction,230,0.0516
mathematical operations,230,0.0516
date manipulation,230,0.0516
event based simulation,229,0.0513
algebra,229,0.0513
comparison,228,0.0511
recursive construction,226,0.0507
math operations,226,0.0507
reverse thinking,226,0.0507
efficient data handling,225,0.0504
2d array manipulation,223,0.0500
data structure manipulation,222,0.0498
dynamic programming on dag,222,0.0498
string handling,221,0.0495
interval management,221,0.0495
vector math,221,0.0495
partitioning,220,0.0493
dynamic data structures,219,0.0491
subsequence problems,219,0.0491
subtree queries,219,0.0491
greedy optimization,218,0.0489
data structures arrays,217,0.0486
randomization,217,0.0486
condition handling,216,0.0484
digit sum calculation,216,0.0484
bitwise xor,215,0.0482
inorder traversal,215,0.0482
tree processing,214,0.0480
euclidean algorithm,214,0.0480
complex numbers,214,0.0480
polygon intersection,214,0.0480
date calculation,211,0.0473
2d array processing,210,0.0471
segmented sieve,210,0.0471
data compression,210,0.0471
expected value calculation,210,0.0471
linear recurrence,209,0.0469
integer partition,209,0.0469
boolean logic,209,0.0469
object oriented programming,209,0.0469
mathematical pattern recognition,208,0.0466
filtering,207,0.0464
graph isomorphism,207,0.0464
subtree processing,206,0.0462
character mapping,206,0.0462
counting inversions,206,0.0462
factorials,205,0.0460
pointer manipulation,205,0.0460
subsequence matching,205,0.0460
reverse operations,204,0.0457
2d array traversal,203,0.0455
lcm least common multiple,202,0.0453
longest increasing subsequence lis,201,0.0451
kahns algorithm,200,0.0448
grid pathfinding,199,0.0446
digit dynamic programming,199,0.0446
cactus graph,197,0.0442
mathematical observations,197,0.0442
prefix and suffix analysis,197,0.0442
permutation sorting,197,0.0442
hamiltonian cycle,197,0.0442
subset counting,196,0.0439
adjacency matrix,195,0.0437
chinese remainder theorem,195,0.0437
line detection,193,0.0433
next permutation,193,0.0433
determinant calculation,190,0.0426
planar graph,190,0.0426
balanced trees,189,0.0424
articulation points,188,0.0421
constraints satisfaction,188,0.0421
string search,188,0.0421
subarray,188,0.0421
file io,188,0.0421
numpy,188,0.0421
subarray counting,186,0.0417
cyclic sort,185,0.0415
iterative algorithms,185,0.0415
linearity of expectation,184,0.0412
mobius function,184,0.0412
segment tree or binary indexed tree fenwick tree,184,0.0412
math optimization,183,0.0410
max flow min cut theorem,182,0.0408
prefix product,182,0.0408
array rotation,182,0.0408
quickselect,182,0.0408
polynomial evaluation,181,0.0406
finite state machine,181,0.0406
preorder traversal,181,0.0406
range maximum query,180,0.0404
pattern searching,180,0.0404
path construction,179,0.0401
pattern printing,178,0.0399
string analysis,177,0.0397
polygon area,177,0.0397
mapdictionary,176,0.0395
2 coloring,176,0.0395
itertools,176,0.0395
custom sorting,175,0.0392
insertion,175,0.0392
prefixsuffix arrays,175,0.0392
multi source shortest path,175,0.0392
system of linear equations,173,0.0388
tiling,173,0.0388
problem solving,173,0.0388
range minimum query,173,0.0388
longest path,172,0.0386
hamming distance,172,0.0386
prefix suffix,172,0.0386
prefix matching,172,0.0386
segment tree with lazy propagation,172,0.0386
line circle intersection,171,0.0383
sieve algorithms,170,0.0381
set intersection,170,0.0381
recurrence relations,170,0.0381
picks theorem,170,0.0381
memory management,169,0.0379
matrix inversion,169,0.0379
prefix suffix matching,168,0.0377
residual graph,168,0.0377
connectivity check,167,0.0374
line of sight,167,0.0374
priority queue dijkstras algorithm,167,0.0374
radix sort,167,0.0374
tree isomorphism,167,0.0374
digit processing,166,0.0372
geometric progression,166,0.0372
subsequence processing,166,0.0372
mathematical algorithms,165,0.0370
path reconstruction,165,0.0370
periodicity,164,0.0368
partition problem,164,0.0368
time conversion,164,0.0368
permutation generation,163,0.0365
binary manipulation,163,0.0365
hexagonal grid,163,0.0365
inputoutput handling,163,0.0365
event simulation,163,0.0365
in place hashing,162,0.0363
minkowski sum,162,0.0363
stars and bars,161,0.0361
string hashing,160,0.0359
convex optimization,160,0.0359
mathematical logic,159,0.0356
reverse engineering,159,0.0356
insertion sort,159,0.0356
bfsdfs,158,0.0354
nim game variant,158,0.0354
balanced binary search tree,158,0.0354
assignment problem,157,0.0352
bucket sort,157,0.0352
modular inverse,157,0.0352
four sum,157,0.0352
reverse polish notation,156,0.0350
comparison logic,155,0.0347
stable sort,155,0.0347
character counting,155,0.0347
coordinate manipulation,155,0.0347
random number generation,155,0.0347
all pairs shortest path,154,0.0345
degree analysis,154,0.0345
graph connectivity,154,0.0345
puzzle solving,153,0.0343
random sampling,153,0.0343
exception handling,152,0.0341
extended euclidean algorithm,151,0.0339
mathematical calculation,151,0.0339
mathematical patterns,151,0.0339
transformation,151,0.0339
prefix tree,151,0.0339
trie data structure,151,0.0339
fast fourier transform fft,151,0.0339
logical deduction,150,0.0336
a search algorithm,150,0.0336
basis construction,149,0.0334
efficient range updates,149,0.0334
run length encoding,148,0.0332
efficient event processing,148,0.0332
linear traversal,147,0.0330
voronoi diagram,147,0.0330
cross product,147,0.0330
bitmask dynamic programming,147,0.0330
geometric series,146,0.0327
eulerian circuit,146,0.0327
longest common prefix lcp,146,0.0327
efficient comparison,145,0.0325
constant space complexity,145,0.0325
optimal play analysis,144,0.0323
tournament simulation,144,0.0323
matrix rotation,143,0.0321
character frequency analysis,143,0.0321
input parsing,143,0.0321
bitmask dp,143,0.0321
character frequency,143,0.0321
dictionary manipulation,143,0.0321
recursive algorithm,142,0.0318
flood fill,142,0.0318
optimal substructure,142,0.0318
floating point handling,141,0.0316
floating point precision,141,0.0316
rounding,140,0.0314
selection algorithm,140,0.0314
graph matching,139,0.0312
prefix counting,139,0.0312
inversions,139,0.0312
time optimization,139,0.0312
numerical stability,139,0.0312
graph shortest path,138,0.0309
formula derivation,138,0.0309
lca,138,0.0309
segment intersection,137,0.0307
efficient inputoutput,137,0.0307
legendres formula,137,0.0307
fractions,137,0.0307
in place modification,136,0.0305
symbolic computation,136,0.0305
string formatting,135,0.0303
sorting algorithm,134,0.0300
efficient arithmetic,134,0.0300
transitive closure,134,0.0300
integration,134,0.0300
gauss elimination,133,0.0298
search algorithms,133,0.0298
level order traversal,132,0.0296
game logic,131,0.0294
pruning,131,0.0294
on time complexity,131,0.0294
continued fractions,130,0.0291
floyds tortoise and hare,130,0.0291
constraint propagation,129,0.0289
hash map frequency count,129,0.0289
subset generation,129,0.0289
longest decreasing subsequence,129,0.0289
mathematical properties,129,0.0289
numpy operations,129,0.0289
red black tree,129,0.0289
code golf,128,0.0287
counting sort,128,0.0287
dynamic resizing,128,0.0287
date handling,127,0.0285
deletion,127,0.0285
recursive structure,126,0.0282
quick sort,126,0.0282
cryptography,125,0.0280
three pointers,125,0.0280
big integers handling,125,0.0280
network flow,125,0.0280
stirling numbers,125,0.0280
interval intersection,124,0.0278
edge coloring,124,0.0278
primitive root,124,0.0278
difference constraints,123,0.0276
palindrome construction,123,0.0276
nested loops,123,0.0276
divisibility rules,123,0.0276
rotating calipers,123,0.0276
interval tree,123,0.0276
path enumeration,123,0.0276
interval graph,122,0.0274
data stream processing,122,0.0274
subarray analysis,122,0.0274
mapping,121,0.0271
rotated sorted array,121,0.0271
subtree size calculation,120,0.0269
brute force with constraints,120,0.0269
2d geometry,119,0.0267
ternary search,119,0.0267
z algorithm,119,0.0267
gcd lcm,118,0.0265
xor operations,118,0.0265
efficient subarray processing,118,0.0265
frequency array,118,0.0265
multi source traversal,118,0.0265
dynamic graph,118,0.0265
gcd properties,117,0.0262
maximum spanning tree,117,0.0262
sqrt decomposition,117,0.0262
leap year handling,116,0.0260
polygon area calculation,116,0.0260
duplicate handling,116,0.0260
data structures trees,115,0.0258
maximum bipartite matching,115,0.0258
degree counting,115,0.0258
rabin karp algorithm,115,0.0258
probabilistic algorithms,115,0.0258
matrix analysis,114,0.0256
memory optimization,114,0.0256
fraction reduction,113,0.0253
graham scan,113,0.0253
0 1 knapsack,113,0.0253
clique detection,113,0.0253
recursive,112,0.0251
time parsing,112,0.0251
in place operations,112,0.0251
palindrome properties,112,0.0251
parity,112,0.0251
longest common subsequence lcs,111,0.0249
prefix analysis,111,0.0249
coloring,111,0.0249
subarray problems,111,0.0249
min heap,111,0.0249
text processing,111,0.0249
file handling,111,0.0249
submatrix sum,110,0.0247
looping structures,110,0.0247
stock trading,110,0.0247
quine,110,0.0247
path tracking,109,0.0244
json parsing,109,0.0244
clustering,109,0.0244
logic,109,0.0244
dag,109,0.0244
constant space,109,0.0244
heap sort,109,0.0244
functional programming,108,0.0242
binary indexed tree,108,0.0242
list manipulation,108,0.0242
interpreter,108,0.0242
prefix sum on tree,108,0.0242
expand around center,108,0.0242
eulerian tour,107,0.0240
b tree,107,0.0240
condensation,106,0.0238
tree manipulation,106,0.0238
queue data structure,106,0.0238
coordinate analysis,106,0.0238
subset selection,106,0.0238
max flow min cut,106,0.0238
polynomial interpolation,106,0.0238
recursive backtracking,106,0.0238
tokenization,106,0.0238
lcm and gcd,105,0.0235
tournament graphs,105,0.0235
tower of hanoi,104,0.0233
permutation processing,104,0.0233
digit analysis,104,0.0233
finite fields,104,0.0233
anagram detection,104,0.0233
vertex cover,104,0.0233
visibility graph,104,0.0233
component analysis,103,0.0231
coordinate processing,103,0.0231
interval analysis,103,0.0231
mathematical series,103,0.0231
median maintenance,103,0.0231
cycle analysis,102,0.0229
vector operations,102,0.0229
maximum independent set,102,0.0229
sequence processing,102,0.0229
recursive strategy,102,0.0229
offline queries,102,0.0229
fenwick tree bit,102,0.0229
2 coloring bipartite check,102,0.0229
efficient maximum tracking,102,0.0229
tree decomposition,102,0.0229
eulers theorem,101,0.0226
persistent data structures,101,0.0226
character processing,100,0.0224
state expansion,100,0.0224
string validation,100,0.0224
calculus,100,0.0224
regular expression matching,100,0.0224
derangements,99,0.0222
range constraints,99,0.0222
dfs bfs,99,0.0222
math analysis,99,0.0222
sethashing,99,0.0222
matrix determinant,99,0.0222
condensation graph,99,0.0222
python,99,0.0222
constraints propagation,98,0.0220
factorial computation,98,0.0220
degree constraints,98,0.0220
measurement,97,0.0217
set construction,97,0.0217
gcd computation,97,0.0217
generating functions,97,0.0217
prefix hashing,97,0.0217
k th smallest element,97,0.0217
resource allocation,96,0.0215
reverse simulation,96,0.0215
grid search,96,0.0215
magic square,96,0.0215
summation,96,0.0215
automata theory,96,0.0215
character classification,96,0.0215
segment analysis,96,0.0215
conditionals,96,0.0215
factorial calculation,96,0.0215
minimum path,96,0.0215
multiple queries,96,0.0215
suffix analysis,95,0.0213
bridges,95,0.0213
data streams,95,0.0213
multiplicative functions,95,0.0213
permutation reconstruction,95,0.0213
triangle inequality,94,0.0211
cyclic permutations,94,0.0211
2d dp,94,0.0211
pattern observation,94,0.0211
object oriented design,94,0.0211
bracket sequences,94,0.0211
expression trees,94,0.0211
efficient sorting,94,0.0211
online processing,94,0.0211
cost optimization,93,0.0208
dinics algorithm,93,0.0208
divisor counting,93,0.0208
integer programming,93,0.0208
physics,92,0.0206
reversal operations,92,0.0206
stack simulation,92,0.0206
vector mathematics,92,0.0206
levenshtein distance,92,0.0206
constraint checking,92,0.0206
subtree sum calculation,92,0.0206
tree deletion,91,0.0204
coordinate mapping,91,0.0204
binary search tree bst,91,0.0204
line sphere intersection,91,0.0204
maximum subarray,91,0.0204
dynamic array,91,0.0204
interval dp,90,0.0202
boolean satisfiability,90,0.0202
minimum cost path,90,0.0202
data preprocessing,90,0.0202
prefix and suffix sum,90,0.0202
binary arithmetic,90,0.0202
efficient string processing,90,0.0202
symmetry handling,89,0.0200
two heaps,89,0.0200
binary conversion,89,0.0200
edmonds karp algorithm,89,0.0200
numerical optimization,89,0.0200
self balancing tree,89,0.0200
counting pairs,88,0.0197
average calculation,88,0.0197
fractional knapsack,88,0.0197
perfect square check,88,0.0197
range minimum query rmq,88,0.0197
cycle construction,87,0.0195
efficient array manipulation,87,0.0195
logarithmic calculations,87,0.0195
loop control,87,0.0195
dictionary,87,0.0195
leap year calculation,87,0.0195
matrix representation,87,0.0195
ray casting,87,0.0195
max heap,87,0.0195
recursive function,87,0.0195
coprime check,86,0.0193
binary numbers,86,0.0193
round robin scheduling,86,0.0193
tree validation,86,0.0193
path validation,86,0.0193
tree theory,85,0.0191
interactive algorithms,85,0.0191
edge manipulation,85,0.0191
minimum spanning tree conceptual,85,0.0191
swapping,85,0.0191
symmetry analysis,85,0.0191
modified dijkstra,85,0.0191
gray code,85,0.0191
symmetry detection,85,0.0191
maximum subarray sum,85,0.0191
control flow,84,0.0188
dag directed acyclic graph,84,0.0188
3d grid,84,0.0188
ratio calculation,84,0.0188
postorder traversal,84,0.0188
histogram area,84,0.0188
inequality analysis,83,0.0186
disjoint set union,83,0.0186
diameter of tree,83,0.0186
polynomial arithmetic,83,0.0186
logarithms,83,0.0186
efficient exponentiation,83,0.0186
grid movement,83,0.0186
path sum,83,0.0186
space complexity optimization,83,0.0186
miller rabin primality test,83,0.0186
next greater element,82,0.0184
triplets,82,0.0184
two sum,82,0.0184
recursive evaluation,82,0.0184
efficient update and query,82,0.0184
parentheses matching,82,0.0184
prefix comparison,82,0.0184
normalization,82,0.0184
data structure implementation,82,0.0184
ordered set,81,0.0182
arbitrary precision arithmetic,81,0.0182
pattern analysis,81,0.0182
efficient lookup,81,0.0182
string concatenation,80,0.0179
efficient multiplication,80,0.0179
linear scan,80,0.0179
frequency analysis,80,0.0179
polygon clipping,80,0.0179
collision handling,80,0.0179
quicksort,80,0.0179
diffie hellman key exchange,80,0.0179
discrete logarithm,80,0.0179
cycle handling,79,0.0177
largest rectangle in histogram,79,0.0177
looping techniques,79,0.0177
chess logic,79,0.0177
time management,79,0.0177
lcm calculation,79,0.0177
perfect matching,79,0.0177
linear algebra over gf2,79,0.0177
coordinate system,79,0.0177
line separation,79,0.0177
circle packing,79,0.0177
polygon processing,79,0.0177
serialization,79,0.0177
greatest common divisor,78,0.0175
code generation,78,0.0175
construction,78,0.0175
design,78,0.0175
iteration,78,0.0175
visited tracking,77,0.0173
sequence construction,77,0.0173
in place algorithms,77,0.0173
merge intervals,77,0.0173
binomial coefficients,77,0.0173
maximum clique,77,0.0173
collision resolution,77,0.0173
rotation handling,77,0.0173
dynamic graph updates,77,0.0173
line polygon intersection,77,0.0173
pigeonhole principle,76,0.0170
counting subarrays,76,0.0170
ford fulkerson,76,0.0170
data structure simulation,76,0.0170
mathematical sequences,76,0.0170
permutation check,76,0.0170
subsequence generation,76,0.0170
recursive decomposition,76,0.0170
3d grid traversal,76,0.0170
minimum weight matching,76,0.0170
dependency resolution,76,0.0170
wildcard search,76,0.0170
date parsing,75,0.0168
interval constraints,75,0.0168
efficient preprocessing,75,0.0168
logical constraints,75,0.0168
palindrome generation,75,0.0168
trial division,75,0.0168
efficient array traversal,75,0.0168
bubble sort,75,0.0168
interpolation search,75,0.0168
prefix and suffix processing,74,0.0166
prefix search,74,0.0166
factorial properties,74,0.0166
square numbers,74,0.0166
anagram checking,74,0.0166
optimal parenthesization,74,0.0166
string operations,74,0.0166
prefix constraints,74,0.0166
logarithmic time complexity,74,0.0166
multisets,73,0.0164
pythagorean triples,73,0.0164
coin change problem,73,0.0164
hexadecimal conversion,73,0.0164
goldbachs conjecture,73,0.0164
set partitioning,73,0.0164
closest pair,73,0.0164
update operation,73,0.0164
disjoint set union union find,73,0.0164
prefix arrays,72,0.0161
n queens problem,72,0.0161
polygon triangulation,72,0.0161
convex polygon properties,72,0.0161
linear search,72,0.0161
aho corasick algorithm,72,0.0161
cartesian product,71,0.0159
optimal partitioning,71,0.0159
queue processing,71,0.0159
fraction approximation,71,0.0159
numerical computation,71,0.0159
longest common substring,71,0.0159
iterative calculation,71,0.0159
lexical analysis,71,0.0159
reachability,71,0.0159
regular expression,71,0.0159
bitonic sort,71,0.0159
pattern replacement,70,0.0157
in place conversion,70,0.0157
tree dynamic programming,70,0.0157
efficient substring counting,70,0.0157
prefix and suffix products,70,0.0157
recursive divide and conquer,70,0.0157
convolution,70,0.0157
rectangle intersection,69,0.0155
efficient pair counting,69,0.0155
greedy coloring,69,0.0155
hierholzers algorithm,69,0.0155
sequence analysis,69,0.0155
line reflection,69,0.0155
01 knapsack,69,0.0155
expectation calculation,69,0.0155
path manipulation,69,0.0155
math functions,69,0.0155
hashmap,68,0.0152
root finding,68,0.0152
volume calculation,68,0.0152
prefix suffix arrays,68,0.0152
vector algebra,68,0.0152
event based scheduling,68,0.0152
character encoding,68,0.0152
precision calculation,68,0.0152
circular permutations,68,0.0152
maze traversal,67,0.0150
subsequence analysis,67,0.0150
logarithmic comparison,67,0.0150
2d pattern matching,67,0.0150
date validation,67,0.0150
nimber calculation,67,0.0150
permutation recovery,67,0.0150
isomorphism checking,67,0.0150
string rotation,67,0.0150
bridge detection,67,0.0150
merge k sorted lists,67,0.0150
grundy numbers nimbers,67,0.0150
plane partitioning,67,0.0150
frequency map,66,0.0148
ascii art,66,0.0148
least common multiple,66,0.0148
geometric transformations,66,0.0148
tournament tree,66,0.0148
bitmasks,66,0.0148
classification,66,0.0148
dynamic programming on grid,66,0.0148
data filtering,66,0.0148
o1 space complexity,66,0.0148
edge classification,66,0.0148
polygon reconstruction,66,0.0148
efficient sieve,65,0.0146
negative weights,65,0.0146
boolean algebra,65,0.0146
ordered data structures,65,0.0146
interval coverage,65,0.0146
perimeter calculation,65,0.0146
iterative search,65,0.0146
minimum cost,65,0.0146
dynamic programming on states,65,0.0146
depth tracking,65,0.0146
statistical analysis,65,0.0146
negative cycles,64,0.0143
mathematical manipulation,64,0.0143
controlled operations,64,0.0143
subarray enumeration,64,0.0143
recursive traversal,64,0.0143
event handling,64,0.0143
latin square,64,0.0143
version control,64,0.0143
balanced bst,64,0.0143
regular bracket sequences,63,0.0141
quadratic residues,63,0.0141
coprime,63,0.0141
sieve algorithm,63,0.0141
minimum enclosing circle,63,0.0141
efficient state transition,63,0.0141
spiral traversal,63,0.0141
circle construction,63,0.0141
path constraints,63,0.0141
efficiency optimization,63,0.0141
transformations,63,0.0141
closest pair of points,62,0.0139
logarithmic calculation,62,0.0139
integer factorization,62,0.0139
qubit manipulation,62,0.0139
polygon,62,0.0139
array analysis,62,0.0139
feasibility check,62,0.0139
heap data structure,62,0.0139
ray tracing,62,0.0139
fermats little theorem,62,0.0139
eulers formula,62,0.0139
fraction comparison,61,0.0137
height calculation,61,0.0137
lagrange multipliers,61,0.0137
fft,61,0.0137
looping and iteration,61,0.0137
bitonic sequence,61,0.0137
floyds cycle detection,61,0.0137
multiple sources,61,0.0137
maximum weight matching,61,0.0137
path query on tree,61,0.0137
finite differences,60,0.0135
undirected graph,60,0.0135
greedy matching,60,0.0135
minimum spanning tree concepts,60,0.0135
arithmetic calculation,60,0.0135
functional graphs,60,0.0135
recursive descent parsing,60,0.0135
fraction simplification,60,0.0135
rectangle detection,60,0.0135
constraint handling,60,0.0135
event based,60,0.0135
combination sum,60,0.0135
iterative computation,60,0.0135
superposition,59,0.0132
wildcard handling,59,0.0132
2d range minimum query,59,0.0132
time interval processing,59,0.0132
degree calculation,59,0.0132
dilworths theorem,59,0.0132
matrix rank,59,0.0132
data cleaning,59,0.0132
linear probing,59,0.0132
relative motion,59,0.0132
geometric probability,59,0.0132
link cut tree,59,0.0132
time manipulation,58,0.0130
morris traversal,58,0.0130
array partitioning,58,0.0130
recursive generation,58,0.0130
binary heap,58,0.0130
pisano period,58,0.0130
modeling,58,0.0130
trapping rain water,58,0.0130
mathematical proof,57,0.0128
efficient operations,57,0.0128
state optimization,57,0.0128
circle properties,57,0.0128
combinations,57,0.0128
traversal,57,0.0128
boyer moore voting algorithm,57,0.0128
iterators,56,0.0126
interval handling,56,0.0126
caching,56,0.0126
disjoint intervals,56,0.0126
subsets,56,0.0126
recursive computation,56,0.0126
knuth morris pratt kmp algorithm,56,0.0126
merge process,56,0.0126
string reconstruction,56,0.0126
arithmetic expression evaluation,56,0.0126
time based movement,56,0.0126
pattern counting,56,0.0126
unitary transformation,55,0.0123
binary search tree validation,55,0.0123
dictionary lookup,55,0.0123
triple iteration,55,0.0123
path planning,55,0.0123
cyclic operations,55,0.0123
setmap,55,0.0123
counting paths,55,0.0123
degree sequence,55,0.0123
multiset permutations,55,0.0123
median optimization,55,0.0123
prefix minimummaximum,55,0.0123
efficient factorization,55,0.0123
selection,55,0.0123
matrix properties,55,0.0123
array indexing,55,0.0123
subset enumeration,55,0.0123
space complexity analysis,55,0.0123
stream processing,55,0.0123
twos complement,54,0.0121
logical operations,54,0.0121
minimum cost matching,54,0.0121
geometric analysis,54,0.0121
subsequence search,54,0.0121
linked list traversal,54,0.0121
induced subgraph,54,0.0121
eulerian trail,54,0.0121
mathematical transformation,54,0.0121
permutation properties,54,0.0121
xml parsing,54,0.0121
sudoku,54,0.0121
conflict detection,54,0.0121
obstacle avoidance,54,0.0121
commutative function,54,0.0121
in place reordering,53,0.0119
polygon traversal,53,0.0119
uniqueness check,53,0.0119
2d convolution,53,0.0119
frequencies,53,0.0119
longest common prefix,53,0.0119
symbol table,53,0.0119
square roots,53,0.0119
numerical analysis,53,0.0119
type checking,53,0.0119
case insensitivity,53,0.0119
signal processing,53,0.0119
aho corasick automaton,53,0.0119
infix to postfix conversion,53,0.0119
iterative algorithm,53,0.0119
path query processing,53,0.0119
date and time manipulation,53,0.0119
map dictionary,52,0.0117
in place swapping,52,0.0117
oracle implementation,52,0.0117
word break,52,0.0117
xor basis,52,0.0117
formatting,52,0.0117
list traversal,52,0.0117
exhaustive search,52,0.0117
recursive simulation,52,0.0117
color counting,52,0.0117
interval overlap,52,0.0117
efficient prime checking,52,0.0117
dictionary operations,52,0.0117
path decomposition,52,0.0117
efficient set operations,52,0.0117
data mapping,51,0.0114
recursive counting,51,0.0114
interval partitioning,51,0.0114
shortest path algorithms,51,0.0114
binary tree properties,51,0.0114
maximization,51,0.0114
generators,51,0.0114
automata,51,0.0114
fraction manipulation,51,0.0114
logical reasoning,51,0.0114
efficient prime factorization,51,0.0114
tournament method,51,0.0114
constant space algorithm,51,0.0114
polar coordinates,50,0.0112
coordinate calculation,50,0.0112
prefix or,50,0.0112
complete binary tree,50,0.0112
file system simulation,50,0.0112
order statistic tree,50,0.0112
substring counting,50,0.0112
grouping,50,0.0112
path traversal,50,0.0112
parametric equations,50,0.0112
task scheduling,50,0.0112
performance optimization,50,0.0112
sparse matrix,50,0.0112
state discrimination,49,0.0110
array operations,49,0.0110
recursive patterns,49,0.0110
weighted graph,49,0.0110
line segment distance,49,0.0110
scientific notation,49,0.0110
case insensitivity handling,49,0.0110
nearest neighbor search,49,0.0110
polynomial expansion,49,0.0110
center of mass calculation,49,0.0110
efficient string search,49,0.0110
xor grundy numbers,49,0.0110
efficient string manipulation,49,0.0110
minimum flow,49,0.0110
time based state management,49,0.0110
in place rotation,49,0.0110
dynamic tree,49,0.0110
line geometry,48,0.0108
data distribution,48,0.0108
efficient array update,48,0.0108
string pattern matching,48,0.0108
brackets,48,0.0108
suffix operations,48,0.0108
orthogonal vectors,48,0.0108
lagrange interpolation,48,0.0108
cyclic patterns,48,0.0108
maze navigation,48,0.0108
tiling problem,48,0.0108
html parsing,48,0.0108
lowest common ancestor,48,0.0108
lookup table,48,0.0108
string compression,48,0.0108
2d difference array,48,0.0108
machine learning,48,0.0108
mathematical strategy,48,0.0108
crc32,48,0.0108
efficient substring search,48,0.0108
time measurement,48,0.0108
simulated annealing,48,0.0108
tree balancing,48,0.0108
efficient area calculation,48,0.0108
line distance calculation,48,0.0108
prefix function kmp,48,0.0108
prefix and suffix counting,48,0.0108
implicit graph traversal,48,0.0108
line projection,48,0.0108
roman numerals,47,0.0105
grid filling,47,0.0105
circle area,47,0.0105
reverse operation,47,0.0105
knuth morris pratt kmp,47,0.0105
multiple test cases,47,0.0105
range processing,47,0.0105
edge cases,47,0.0105
time interval analysis,47,0.0105
state space exploration,47,0.0105
finite automaton,47,0.0105
subsequence handling,47,0.0105
sieve techniques,47,0.0105
lexicographical sorting,47,0.0105
efficient filtering,47,0.0105
efficient state tracking,47,0.0105
time complexity,47,0.0105
queue deque,47,0.0105
minimum query,47,0.0105
parametric search,47,0.0105
polygon rotation,47,0.0105
gravity simulation,46,0.0103
two coloring,46,0.0103
character manipulation,46,0.0103
digital root,46,0.0103
prefix check,46,0.0103
consistency check,46,0.0103
math pattern recognition,46,0.0103
recursive data structures,46,0.0103
coordinate calculations,46,0.0103
in place array manipulation,46,0.0103
dijkstra,46,0.0103
efficient distance calculation,46,0.0103
combinatorial search,46,0.0103
mathematical formulas,46,0.0103
efficient concatenation,46,0.0103
rule based processing,46,0.0103
segment tree or fenwick tree,46,0.0103
absolute value,46,0.0103
counting elements,46,0.0103
tree insertion,46,0.0103
field extensions,46,0.0103
2d sliding window,45,0.0101
mathematical simulation,45,0.0101
gift wrapping algorithm,45,0.0101
monotonic sequence,45,0.0101
efficient range processing,45,0.0101
tree parsing,45,0.0101
inequalities,45,0.0101
set cover problem,45,0.0101
permutation optimization,45,0.0101
mathematical formula,45,0.0101
slope trick,45,0.0101
flood fill bfsdfs,45,0.0101
dot product,45,0.0101
knapsack variation,45,0.0101
mathematical formulation,45,0.0101
water trapping problem,45,0.0101
list processing,45,0.0101
context free grammar,45,0.0101
stirling numbers of the second kind,45,0.0101
circle polygon intersection,45,0.0101
function iteration,44,0.0099
shortest path counting,44,0.0099
pre order traversal,44,0.0099
lattice points,44,0.0099
minimum distance calculation,44,0.0099
prefix suffix comparison,44,0.0099
iterator,44,0.0099
cyclic structures,44,0.0099
prefix computation,44,0.0099
median filter,44,0.0099
linear basis,44,0.0099
string periodicity,44,0.0099
union by rank,44,0.0099
line and circle intersection,44,0.0099
pattern finding,44,0.0099
linear time sorting,44,0.0099
efficient merging,44,0.0099
searching algorithm,44,0.0099
product calculation,44,0.0099
circular motion,44,0.0099
triangulation,44,0.0099
sliding window maximum,43,0.0096
loop iteration,43,0.0096
balanced heaps,43,0.0096
minimum path cover,43,0.0096
validation check,43,0.0096
next smaller element,43,0.0096
efficient power calculation,43,0.0096
knuths optimization,43,0.0096
brainfuck,43,0.0096
permutations with repetition,43,0.0096
in degree tracking,43,0.0096
linear equations,43,0.0096
data structure list,43,0.0096
substring processing,43,0.0096
date and time parsing,43,0.0096
graph transformation,43,0.0096
efficient memory usage,43,0.0096
division algorithm,43,0.0096
lucky numbers,43,0.0096
factorial trailing zeros,42,0.0094
line equation,42,0.0094
hashing frequency count,42,0.0094
anagram,42,0.0094
formatting output,42,0.0094
k th element,42,0.0094
subarray problem,42,0.0094
min cut,42,0.0094
mathematical observation,42,0.0094
sieve like techniques,42,0.0094
data structures queue,42,0.0094
vector addition,42,0.0094
dynamic state tracking,42,0.0094
max subarray,42,0.0094
multiple constraints,42,0.0094
comparison based sorting,42,0.0094
character replacement,42,0.0094
2d grid manipulation,42,0.0094
karatsuba algorithm,42,0.0094
baby step giant step,42,0.0094
range query processing,42,0.0094
suffix product,42,0.0094
hypothesis testing,42,0.0094
alternating sum,42,0.0094
adversarial strategy,41,0.0092
circle fitting,41,0.0092
iterative processing,41,0.0092
triple counting,41,0.0092
mathematical constraints,41,0.0092
farey sequence,41,0.0092
mex,41,0.0092
cartesian tree,41,0.0092
prefix and suffix maximums,41,0.0092
permutation matching,41,0.0092
greedy selection,41,0.0092
permutation manipulation,41,0.0092
minimum distance,41,0.0092
unicode handling,41,0.0092
higher order functions,41,0.0092
online queries,41,0.0092
line container,41,0.0092
contour detection,41,0.0092
graph conversion,40,0.0090
sum calculation,40,0.0090
point in circle,40,0.0090
ancestor queries,40,0.0090
integer division,40,0.0090
multinomial coefficients,40,0.0090
coordinate tracking,40,0.0090
kmp,40,0.0090
linear diophantine equation,40,0.0090
euler totient function,40,0.0090
multiset priority queue,40,0.0090
multi dimensional dp,40,0.0090
graph traversal dfsbfs,40,0.0090
randomized algorithm,40,0.0090
graph validation,40,0.0090
majority element,40,0.0090
coprime numbers,40,0.0090
efficient iteration,40,0.0090
load balancing,40,0.0090
histogram maximum area,40,0.0090
polygon visibility,40,0.0090
floyds cycle finding algorithm,40,0.0090
mathematical combinatorics,40,0.0090
online query processing,40,0.0090
edge constraints,39,0.0087
recursive string comparison,39,0.0087
grid analysis,39,0.0087
union of rectangles,39,0.0087
cellular automata,39,0.0087
reverse processing,39,0.0087
finite automata,39,0.0087
periodicity check,39,0.0087
multiset counting,39,0.0087
integer arithmetic,39,0.0087
path tracing,39,0.0087
permutations and combinations,39,0.0087
spiral matrix,39,0.0087
stability check,39,0.0087
quadratic equations,39,0.0087
modified bfs,39,0.0087
recursive processing,39,0.0087
invariants,39,0.0087
duality,39,0.0087
graph traversal bfsdfs,39,0.0087
subarray manipulation,39,0.0087
binary tree structure,39,0.0087
adjugate matrix,39,0.0087
negative numbers handling,39,0.0087
circumcircle,39,0.0087
3d array manipulation,39,0.0087
angle processing,39,0.0087
validation logic,38,0.0085
pattern design,38,0.0085
conflict resolution,38,0.0085
data structure set,38,0.0085
reverse subarray,38,0.0085
prefix code,38,0.0085
string decoding,38,0.0085
string conversion,38,0.0085
nested data structures,38,0.0085
gcd calculation,38,0.0085
prefixsuffix analysis,38,0.0085
minimum bounding rectangle,38,0.0085
reachability analysis,38,0.0085
modified shortest path,38,0.0085
iterative approach,38,0.0085
range query optimization,38,0.0085
centroid detection,38,0.0085
prefix gcd,38,0.0085
string rearrangement,38,0.0085
deques,38,0.0085
dictionary usage,38,0.0085
square root calculation,38,0.0085
2d range update,38,0.0085
rabin miller,38,0.0085
strassens algorithm,38,0.0085
truth tables,38,0.0085
centroid calculation,38,0.0085
approximation algorithm,38,0.0085
minimum absolute difference,38,0.0085
segment construction,38,0.0085
trajectory calculation,37,0.0083
house robber problem,37,0.0083
factorial decomposition,37,0.0083
floating point representation,37,0.0083
digit constraints,37,0.0083
circle detection,37,0.0083
suffix matching,37,0.0083
circle separation,37,0.0083
mathematical enumeration,37,0.0083
hypergeometric distribution,37,0.0083
nested structures,37,0.0083
bipartite graph check,37,0.0083
prefix sum optimization,37,0.0083
shell sort,37,0.0083
triangle properties,37,0.0083
subtree sum,37,0.0083
binary search tree bst properties,37,0.0083
permutation validation,37,0.0083
set for uniqueness,37,0.0083
substring enumeration,37,0.0083
deep copy,37,0.0083
ordered dictionary,37,0.0083
data deduplication,37,0.0083
subarray queries,37,0.0083
numpy array manipulation,37,0.0083
running median,37,0.0083
rearrangement,37,0.0083
maximum query,37,0.0083
data transformation,37,0.0083
k th shortest path,37,0.0083
controlled gates,36,0.0081
heuristic search a optional,36,0.0081
efficient checking,36,0.0081
suffix maximum,36,0.0081
directed graph construction,36,0.0081
date and time handling,36,0.0081
multi level bfs,36,0.0081
computer vision,36,0.0081
vector spaces,36,0.0081
set matching,36,0.0081
isomorphism,36,0.0081
centroid,36,0.0081
path analysis,36,0.0081
efficient gcd calculation,36,0.0081
graph reconstruction,36,0.0081
implication graph,36,0.0081
bitwise and,36,0.0081
konigs theorem,36,0.0081
percentage calculation,36,0.0081
geometric modeling,36,0.0081
interactive programming,36,0.0081
time based state tracking,36,0.0081
equivalence classes,36,0.0081
segment reversal,36,0.0081
collatz conjecture,36,0.0081
random generation,36,0.0081
tree rotations,36,0.0081
order statistics tree,36,0.0081
plane intersection,36,0.0081
prefix and suffix gcd,35,0.0078
longest repeated substring,35,0.0078
text wrapping,35,0.0078
tournament bracket,35,0.0078
iterative traversal,35,0.0078
square free numbers,35,0.0078
floyds cycle detection algorithm,35,0.0078
permutations with constraints,35,0.0078
floating point precision handling,35,0.0078
graph modification,35,0.0078
2d grid navigation,35,0.0078
integer linear programming,35,0.0078
digit extraction,35,0.0078
maze solving,35,0.0078
line representation,35,0.0078
fractal generation,35,0.0078
numerical precision,35,0.0078
mean calculation,35,0.0078
tree enumeration,35,0.0078
graph traversal dfs,35,0.0078
input handling,35,0.0078
fenwick tree 2d,35,0.0078
minimization,35,0.0078
sudoku solver,35,0.0078
tree centroid,35,0.0078
difference of squares,35,0.0078
noise handling,35,0.0078
inversion,35,0.0078
dependency graph,35,0.0078
recursive insertion,34,0.0076
data structures stacks,34,0.0076
array slicing,34,0.0076
line segment,34,0.0076
line equations,34,0.0076
tandem repeats,34,0.0076
math insight,34,0.0076
unbounded knapsack variation,34,0.0076
square root optimization,34,0.0076
circular arrangement,34,0.0076
character arithmetic,34,0.0076
range dp,34,0.0076
priority queue or dijkstras algorithm,34,0.0076
plane geometry,34,0.0076
multi source bfsdfs,34,0.0076
array rearrangement,34,0.0076
parity constraints,34,0.0076
comparison sorting,34,0.0076
time validation,34,0.0076
list comprehension,34,0.0076
csv parsing,34,0.0076
space complexity,34,0.0076
shortest paths,34,0.0076
histogram problem,34,0.0076
bidirectional search,34,0.0076
deletion in tree,34,0.0076
data normalization,34,0.0076
egg drop problem,34,0.0076
time based simulation,34,0.0076
line parsing,34,0.0076
large exponent handling,34,0.0076
array reconstruction,34,0.0076
gregorian calendar,34,0.0076
implicit graph,34,0.0076
sliding window minimum,34,0.0076
base representation,34,0.0076
stable matching,33,0.0074
reverse sublist,33,0.0074
kirchhoffs theorem,33,0.0074
time based constraints,33,0.0074
number formatting,33,0.0074
update query,33,0.0074
topological analysis,33,0.0074
hash maps dictionaries,33,0.0074
reverse number,33,0.0074
path sum calculation,33,0.0074
merge sorted arrays,33,0.0074
subset construction,33,0.0074
path blocking,33,0.0074
edge weight manipulation,33,0.0074
minimum weight bipartite matching,33,0.0074
permutation mapping,33,0.0074
bounded knapsack,33,0.0074
bitwise manipulation,33,0.0074
recursive multiplication,33,0.0074
bijection check,33,0.0074
two heaps technique,33,0.0074
chinese postman problem,33,0.0074
graph constraints,33,0.0074
optimal control,33,0.0074
comb sort,33,0.0074
time zone conversion,33,0.0074
quadratic probing,33,0.0074
constant time operations,33,0.0074
lfu cache,33,0.0074
symbol table management,33,0.0074
prims algorithm or kruskals algorithm,32,0.0072
2 coloring bipartite graph,32,0.0072
critical path method,32,0.0072
gradient descent,32,0.0072
digit checking,32,0.0072
adjacency grid,32,0.0072
multiplication algorithm,32,0.0072
plane division by lines,32,0.0072
ascii handling,32,0.0072
rational numbers,32,0.0072
circular doubly linked list,32,0.0072
matrix transformation,32,0.0072
kinematics,32,0.0072
counting substrings,32,0.0072
perfect binary tree,32,0.0072
lcs longest common subsequence,32,0.0072
treap,32,0.0072
bitwise or,32,0.0072
eulers criterion,32,0.0072
efficient string matching,32,0.0072
boundary checking,32,0.0072
andrews monotone chain,32,0.0072
set coverage,32,0.0072
efficient looping,32,0.0072
clique,32,0.0072
smallest enclosing circle,32,0.0072
grid path counting,32,0.0072
longest path in tree,32,0.0072
perfect powers,32,0.0072
combinatorial game analysis,32,0.0072
intersection detection,32,0.0072
linear time,32,0.0072
circular strings,32,0.0072
post order traversal,32,0.0072
three sum,32,0.0072
command processing,32,0.0072
duplicate removal,32,0.0072
grammar parsing,32,0.0072
geometric calculations,32,0.0072
correct bracket sequence check,32,0.0072
padding,31,0.0069
matrix tree theorem,31,0.0069
matrix generation,31,0.0069
text formatting,31,0.0069
sum of divisors,31,0.0069
formula evaluation,31,0.0069
de bruijn sequence,31,0.0069
fast walsh hadamard transform,31,0.0069
triangle area calculation,31,0.0069
trie prefix tree,31,0.0069
tree coloring,31,0.0069
adaptive algorithms,31,0.0069
alpha beta pruning,31,0.0069
tree representation,31,0.0069
in place merge,31,0.0069
basic arithmetic,31,0.0069
segment counting,31,0.0069
cube net validation,31,0.0069
four sum problem,31,0.0069
maze generation,31,0.0069
miller rabin test,31,0.0069
logging,31,0.0069
pancake sort,31,0.0069
splay tree,31,0.0069
obstacle handling,31,0.0069
algorithm design,31,0.0069
spatial data structures,31,0.0069
defaultdict,31,0.0069
monte carlo integration,31,0.0069
tree rebalancing,31,0.0069
suffix mod tracking,31,0.0069
worst case analysis,31,0.0069
fourier transform,31,0.0069
divisor function,31,0.0069
case conversion,31,0.0069
efficient state management,31,0.0069
tie breaking logic,31,0.0069
segment tree or sparse table,31,0.0069
sequence detection,30,0.0067
coin change,30,0.0067
reversal,30,0.0067
modified dijkstras algorithm,30,0.0067
minimum bounding circle,30,0.0067
prefix suffix techniques,30,0.0067
summation formula,30,0.0067
board traversal,30,0.0067
maximum path sum,30,0.0067
string subsequence,30,0.0067
algorithm analysis,30,0.0067
bnf grammar,30,0.0067
ray casting algorithm,30,0.0067
high precision arithmetic,30,0.0067
interval arithmetic,30,0.0067
rank calculation,30,0.0067
topological order,30,0.0067
dictionary order,30,0.0067
bfs breadth first search,30,0.0067
swapping strategy,30,0.0067
polynomial manipulation,30,0.0067
heuristic algorithms,30,0.0067
two pointer technique,30,0.0067
mathematical calculations,30,0.0067
prefix and suffix tracking,30,0.0067
parallel processing,30,0.0067
boyer moore algorithm,30,0.0067
conditional checks,30,0.0067
data structure optimization,30,0.0067
backpack problem,30,0.0067
deserialization,30,0.0067
optimal binary search tree,30,0.0067
counting frequencies,30,0.0067
path normalization,30,0.0067
histogram processing,30,0.0067
efficient tree traversal,30,0.0067
edge detection,30,0.0067
segment tree or mos algorithm,30,0.0067
set validation,30,0.0067
floating point optimization,30,0.0067
self replicating code,30,0.0067
prefix suffix counting,29,0.0065
time based events,29,0.0065
loop detection,29,0.0065
3d prefix sum,29,0.0065
encodingdecoding,29,0.0065
sequence validation,29,0.0065
dag processing,29,0.0065
conservation of flow,29,0.0065
priority queue sorting,29,0.0065
logical expressions,29,0.0065
dynamic data handling,29,0.0065
3d array,29,0.0065
factors,29,0.0065
segment tree or monotonic stack,29,0.0065
expectation,29,0.0065
shoelace formula,29,0.0065
triple loop,29,0.0065
floating point comparison,29,0.0065
bipartition,29,0.0065
suffix structures,29,0.0065
prefix tree trie,29,0.0065
recursive deletion,29,0.0065
knapsack variant,29,0.0065
subset problems,29,0.0065
factorial calculations,29,0.0065
data conversion,29,0.0065
set generation,29,0.0065
longest increasing subsequence variant,29,0.0065
binary indexed tree fenwick tree or segment tree,29,0.0065
non comparative sorting,29,0.0065
random selection,29,0.0065
bisect module,29,0.0065
histogram area calculation,29,0.0065
largest rectangle,29,0.0065
insertion in tree,29,0.0065
efficient array processing,29,0.0065
linear feedback shift register,29,0.0065
constraints validation,29,0.0065
greedy construction,29,0.0065
nimber arithmetic,29,0.0065
shape recognition,29,0.0065
triangular numbers,28,0.0063
multi agent pathfinding,28,0.0063
multiset map,28,0.0063
efficient event handling,28,0.0063
recursive sequence,28,0.0063
array transformation,28,0.0063
efficient pairing,28,0.0063
prefix and suffix,28,0.0063
grid simulation,28,0.0063
tree set,28,0.0063
coordinate movement,28,0.0063
coordinate assignment,28,0.0063
square root decomposition,28,0.0063
min cost flow,28,0.0063
data structures maps,28,0.0063
big integer multiplication,28,0.0063
cyclic array,28,0.0063
heap min heap,28,0.0063
outlier detection,28,0.0063
substring matching,28,0.0063
minimum cost assignment,28,0.0063
dictionary data structure,28,0.0063
sequence alignment,28,0.0063
efficient deletion,28,0.0063
sliding puzzle,28,0.0063
brute force with preprocessing,28,0.0063
pattern checking,28,0.0063
fraction maximization,28,0.0063
numerical precision handling,28,0.0063
approximation algorithms,28,0.0063
mathematical evaluation,28,0.0063
median of three,28,0.0063
data structures graph,28,0.0063
parsing expressions,28,0.0063
circular buffer,28,0.0063
load factor management,28,0.0063
rain water trapping,28,0.0063
open addressing,28,0.0063
negative weight handling,28,0.0063
heuristic function,28,0.0063
data manipulation,28,0.0063
heapq,28,0.0063
graph cycle detection,28,0.0063
control flow analysis,28,0.0063
lazy evaluation,28,0.0063
subtree counting,28,0.0063
edge connectivity,28,0.0063
expression simplification,28,0.0063
multiple source shortest path,28,0.0063
information theory,28,0.0063
recursive function analysis,28,0.0063
chess simulation,28,0.0063
3d state representation,28,0.0063
merge sort tree,28,0.0063
character transformation,27,0.0061
rabin karp,27,0.0061
median properties,27,0.0061
gale shapley algorithm,27,0.0061
activity selection,27,0.0061
unit conversion,27,0.0061
reverse substring,27,0.0061
spiral order,27,0.0061
recursive expansion,27,0.0061
tiling problems,27,0.0061
sieve like preprocessing,27,0.0061
mathematical gcd,27,0.0061
truth table evaluation,27,0.0061
directed acyclic graph,27,0.0061
statistics,27,0.0061
minimum vertex cut,27,0.0061
bipartite graph construction,27,0.0061
efficient inputoutput handling,27,0.0061
efficient string handling,27,0.0061
dequeue double ended queue,27,0.0061
cayleys formula,27,0.0061
ip address handling,27,0.0061
edge reversal,27,0.0061
line intersection detection,27,0.0061
graph orientation,27,0.0061
polygon properties,27,0.0061
tree centroid decomposition,27,0.0061
minimax strategy,27,0.0061
correct bracket sequence,27,0.0061
data structures mapdictionary,27,0.0061
slicing,27,0.0061
fast walsh hadamard transform fwht,27,0.0061
parallel algorithms,27,0.0061
array update,27,0.0061
time interval handling,27,0.0061
cooley tukey algorithm,27,0.0061
logarithmic transformation,27,0.0061
decorator pattern,27,0.0061
rabin miller algorithm,27,0.0061
dictionary hash map,27,0.0061
ceiling function,27,0.0061
art gallery problem,27,0.0061
parabola,27,0.0061
unitary operations,27,0.0061
maximum weight independent set,27,0.0061
cursor navigation,27,0.0061
critical node analysis,27,0.0061
minimum difference,27,0.0061
propositional logic,26,0.0058
conditional filtering,26,0.0058
tree to graph conversion,26,0.0058
mode calculation,26,0.0058
binary array,26,0.0058
path generation,26,0.0058
efficient grid updates,26,0.0058
poker hand evaluation,26,0.0058
unweighted graph,26,0.0058
fractals,26,0.0058
divisor summation,26,0.0058
mbius function,26,0.0058
prefix and suffix matching,26,0.0058
interpreter design,26,0.0058
time based analysis,26,0.0058
square detection,26,0.0058
redundancy,26,0.0058
prefix maximums,26,0.0058
suffix processing,26,0.0058
problem solving with constraints,26,0.0058
absolute difference,26,0.0058
weighted average,26,0.0058
grovers algorithm,26,0.0058
quantum oracle,26,0.0058
fibonacci strings,26,0.0058
subsequence sum,26,0.0058
matrix validation,26,0.0058
tournament structure,26,0.0058
functional equations,26,0.0058
floyds algorithm,26,0.0058
efficient indexing,26,0.0058
exponential growth,26,0.0058
permutation ranking,26,0.0058
maxmin tracking,26,0.0058
power of two check,26,0.0058
circular linked list,26,0.0058
balanced tree check,26,0.0058
dynamic tree operations,26,0.0058
ip address manipulation,26,0.0058
data structures 2d arrays,26,0.0058
matrix decomposition,26,0.0058
array comparison,26,0.0058
top k elements,26,0.0058
numerical approximation,26,0.0058
heap operations,26,0.0058
node deletion,26,0.0058
matrix transposition,26,0.0058
longest palindromic subsequence,26,0.0058
efficient subarray counting,26,0.0058
large number arithmetic,26,0.0058
canonical tree representation,26,0.0058
minimal polynomial,26,0.0058
segment representation,26,0.0058
cube simulation,26,0.0058
dynamic rooting,26,0.0058
orientation check,25,0.0056
multi criteria optimization,25,0.0056
data stream median,25,0.0056
bfs dfs,25,0.0056
cost minimization,25,0.0056
prfer sequence,25,0.0056
array validation,25,0.0056
multi dimensional arrays,25,0.0056
binary string manipulation,25,0.0056
traversals,25,0.0056
oracle construction,25,0.0056
polygon analysis,25,0.0056
pollards rho algorithm,25,0.0056
game simulation,25,0.0056
projection,25,0.0056
binary matrix,25,0.0056
unbounded knapsack variant,25,0.0056
linear diophantine equations,25,0.0056
event sweeping,25,0.0056
minimum enclosing sphere,25,0.0056
efficient gcd computation,25,0.0056
multiset handling,25,0.0056
efficient sieve techniques,25,0.0056
bronkerbosch algorithm,25,0.0056
graph partitioning,25,0.0056
set union,25,0.0056
set reconstruction,25,0.0056
dijkstras algorithm variant,25,0.0056
two pointer,25,0.0056
parentheses handling,25,0.0056
least squares,25,0.0056
adjacency detection,25,0.0056
reverse traversal,25,0.0056
dynamic shortest path,25,0.0056
inequality solving,25,0.0056
data structure traversal,25,0.0056
filtering algorithms,25,0.0056
custom exceptions,25,0.0056
data structure dictionary,25,0.0056
submatrix,25,0.0056
job scheduling,25,0.0056
efficient grid traversal,25,0.0056
largest rectangle in binary matrix,25,0.0056
scheduling algorithms,25,0.0056
variance calculation,25,0.0056
function overloading,25,0.0056
angle sweeping,25,0.0056
fibonacci heap,25,0.0056
custom edge weights,25,0.0056
probability distributions,25,0.0056
arithmetic simplification,25,0.0056
z function,25,0.0056
robot navigation,25,0.0056
hypercube properties,25,0.0056
plane sweep algorithm,25,0.0056
multiset operations,25,0.0056
xor decoding,25,0.0056
index mapping,24,0.0054
spiral pattern,24,0.0054
visibility check,24,0.0054
constraints analysis,24,0.0054
in place transformation,24,0.0054
multi objective optimization,24,0.0054
rectangle union,24,0.0054
multidimensional dp,24,0.0054
multi test case handling,24,0.0054
interval checking,24,0.0054
object tracking,24,0.0054
boundary traversal,24,0.0054
tournament scheduling,24,0.0054
priority queue multiset,24,0.0054
permutations with duplicates,24,0.0054
implicit graph construction,24,0.0054
graph diameter,24,0.0054
circular shift,24,0.0054
lcp array,24,0.0054
prime counting,24,0.0054
complete search,24,0.0054
multi source search,24,0.0054
range generation,24,0.0054
iterator design,24,0.0054
error correction,24,0.0054
grid reconstruction,24,0.0054
efficient generation,24,0.0054
problem analysis,24,0.0054
multiplication table,24,0.0054
conflict checking,24,0.0054
vector analysis,24,0.0054
partial ordering,24,0.0054
brute force search,24,0.0054
logarithmic properties,24,0.0054
chess movement simulation,24,0.0054
data structures hash map,24,0.0054
concurrency,24,0.0054
recursive exponentiation,24,0.0054
ramsey theory,24,0.0054
command parsing,24,0.0054
binary to decimal conversion,24,0.0054
fractional optimization,24,0.0054
subarray generation,24,0.0054
data generation,24,0.0054
digit based sorting,24,0.0054
iterative methods,24,0.0054
lattice theory,24,0.0054
golden ratio,24,0.0054
cache design,24,0.0054
commutative operations,24,0.0054
undo operations,24,0.0054
suffix tree,24,0.0054
bin packing,24,0.0054
goldbach conjecture,24,0.0054
circle area calculation,24,0.0054
sequence matching,24,0.0054
recursive partitioning,24,0.0054
model training,24,0.0054
fast power,24,0.0054
union of shapes,24,0.0054
divisors and multiples,24,0.0054
rollback,24,0.0054
distance from point to line,24,0.0054
efficient algorithm design,23,0.0052
divisors enumeration,23,0.0052
heuristic search optional for optimization,23,0.0052
grid generation,23,0.0052
set manipulation,23,0.0052
substring extraction,23,0.0052
matrix queries,23,0.0052
integer overflow handling,23,0.0052
verbal arithmetic,23,0.0052
priority queue queue,23,0.0052
tree analysis,23,0.0052
time interval management,23,0.0052
strategy,23,0.0052
iterative reversal,23,0.0052
mapsdictionaries,23,0.0052
data structure hashing,23,0.0052
mathematical indexing,23,0.0052
reverse graph traversal,23,0.0052
buckets,23,0.0052
resource management,23,0.0052
roots of unity,23,0.0052
string isomorphism,23,0.0052
convex polygon intersection,23,0.0052
peak detection,23,0.0052
linear time processing,23,0.0052
syntax validation,23,0.0052
time analysis,23,0.0052
recursive division,23,0.0052
recursive check,23,0.0052
suffix minimum,23,0.0052
chess rules,23,0.0052
binary optimization,23,0.0052
persistent segment tree,23,0.0052
path cover,23,0.0052
custom data structures,23,0.0052
set hashing,23,0.0052
mathematical simplification,23,0.0052
diophantine equations,23,0.0052
binomial coefficient,23,0.0052
comment handling,23,0.0052
chess,23,0.0052
debugging,23,0.0052
cost calculation,23,0.0052
set lookup,23,0.0052
magic square validation,23,0.0052
separate chaining,23,0.0052
batch processing,23,0.0052
time based propagation,23,0.0052
tree height calculation,23,0.0052
order of an element,23,0.0052
haversine formula,23,0.0052
polynomial hashing,23,0.0052
array queries,23,0.0052
card game logic,23,0.0052
fractal geometry,23,0.0052
minification,23,0.0052
permutation handling,23,0.0052
dynamic tree updates,23,0.0052
field theory,23,0.0052
incremental strategy,23,0.0052
point in circle check,22,0.0049
stack data structure,22,0.0049
multiplicative combinations,22,0.0049
circle collision detection,22,0.0049
interval matching,22,0.0049
reflection handling,22,0.0049
subset dp,22,0.0049
number conversion,22,0.0049
state enumeration,22,0.0049
grid points,22,0.0049
circular array handling,22,0.0049
mathematical computations,22,0.0049
dfs or bfs,22,0.0049
fibonacci,22,0.0049
half plane intersection,22,0.0049
taylor series,22,0.0049
no extra memory,22,0.0049
array representation,22,0.0049
line rectangle intersection,22,0.0049
dfsbfs traversal,22,0.0049
character frequency check,22,0.0049
number manipulation,22,0.0049
function evaluation,22,0.0049
roman numeral conversion,22,0.0049
cross correlation,22,0.0049
hierarchical data processing,22,0.0049
distance matrix,22,0.0049
partition algorithm,22,0.0049
regression,22,0.0049
combinatorial game theory,22,0.0049
checkmate detection,22,0.0049
observation based,22,0.0049
prefixsuffix sum,22,0.0049
shortest path dijkstras algorithm,22,0.0049
minimum in subarray,22,0.0049
range sum query,22,0.0049
burrows wheeler transform,22,0.0049
quadratic optimization,22,0.0049
generator,22,0.0049
simplification of fractions,22,0.0049
recursive splitting,22,0.0049
reconstruction,22,0.0049
search optimization,22,0.0049
list operations,22,0.0049
suffix,22,0.0049
o1 space,22,0.0049
lps array,22,0.0049
truth evaluation,22,0.0049
max and min tracking,22,0.0049
four pointers,22,0.0049
parentheses optimization,22,0.0049
counter,22,0.0049
large constraints handling,22,0.0049
point in triangle,22,0.0049
rational arithmetic,22,0.0049
search in tree,22,0.0049
trailing zeros,22,0.0049
efficient pair checking,22,0.0049
strategy game,22,0.0049
negative weight cycles,22,0.0049
decision tree,22,0.0049
majority voting,22,0.0049
kd tree,22,0.0049
gravity,22,0.0049
large numbers,22,0.0049
substitution cipher,22,0.0049
syllable counting,22,0.0049
distance queries,22,0.0049
significant figures,22,0.0049
transformation composition,22,0.0049
lipschitz constant,22,0.0049
lcmgcd,22,0.0049
priority queue multi level queue,22,0.0049
large exponentiation,22,0.0049
contour analysis,22,0.0049
palindrome counting,22,0.0049
truth table minimization,22,0.0049
reflection simulation,22,0.0049
ellipse detection,22,0.0049
blob analysis,22,0.0049
function composition,21,0.0047
union of regions,21,0.0047
lexicographic comparison,21,0.0047
maze pathfinding,21,0.0047
prefix suffix check,21,0.0047
optimal path,21,0.0047
circle tangents,21,0.0047
debt settlement,21,0.0047
two sequences,21,0.0047
text justification,21,0.0047
alphabet handling,21,0.0047
adjacency check,21,0.0047
convergence,21,0.0047
permutation search,21,0.0047
file parsing,21,0.0047
time handling,21,0.0047
max average path,21,0.0047
circumcircle calculation,21,0.0047
constraints optimization,21,0.0047
standard deviation,21,0.0047
bitset,21,0.0047
component counting,21,0.0047
recursive thinking,21,0.0047
deutsch jozsa algorithm,21,0.0047
substring,21,0.0047
efficient swapping,21,0.0047
segment management,21,0.0047
nim game analysis,21,0.0047
prefixsuffix processing,21,0.0047
multiset matching,21,0.0047
matrix state representation,21,0.0047
time series analysis,21,0.0047
subsequences,21,0.0047
sequences,21,0.0047
cycle removal,21,0.0047
binary operations,21,0.0047
date conversion,21,0.0047
nearest neighbor,21,0.0047
cycle graphs,21,0.0047
efficient number theory,21,0.0047
jump search,21,0.0047
graph cloning,21,0.0047
amortized analysis,21,0.0047
sparse data handling,21,0.0047
route optimization,21,0.0047
function wrapping,21,0.0047
primitive root calculation,21,0.0047
scope management,21,0.0047
series summation,21,0.0047
efficient string comparison,21,0.0047
floating point calculations,21,0.0047
quantum fourier transform,21,0.0047
iterative transformation,21,0.0047
tournament construction,21,0.0047
autocomplete optimization,21,0.0047
logarithms in finite fields,21,0.0047
biconnected graph,21,0.0047
union find with path compression,21,0.0047
segment tree or heavy light decomposition,21,0.0047
disjoint set union optional,20,0.0045
polynomial factorization,20,0.0045
pythagorean triplets,20,0.0045
command history,20,0.0045
net flow calculation,20,0.0045
order of operations,20,0.0045
suffix automaton or kmp,20,0.0045
range analysis,20,0.0045
scaling,20,0.0045
diameter calculation,20,0.0045
regular polygon,20,0.0045
ancestor tracking,20,0.0045
cycle detection in graphs,20,0.0045
decimal expansion,20,0.0045
division with remainders,20,0.0045
fibonacci series,20,0.0045
family tree,20,0.0045
regular graphs,20,0.0045
optimal decision making,20,0.0045
radix tree,20,0.0045
color matching,20,0.0045
factorials and inverses,20,0.0045
exponential search,20,0.0045
mathematical expression evaluation,20,0.0045
calendar calculations,20,0.0045
longest decreasing subsequence lds,20,0.0045
tape simulation,20,0.0045
tail recursion,20,0.0045
sieve of eratosthenes modified,20,0.0045
minimum cost selection,20,0.0045
minimum bounding box,20,0.0045
feature extraction,20,0.0045
interval queries,20,0.0045
egyptian fraction,20,0.0045
greedy choice,20,0.0045
ascii conversion,20,0.0045
halls theorem,20,0.0045
mathematical fractions,20,0.0045
loop handling,20,0.0045
recursive formula,20,0.0045
mathematical derivation,20,0.0045
comparison operations,20,0.0045
data structures priority queue,20,0.0045
command line arguments,20,0.0045
efficient string algorithms,20,0.0045
time based processing,20,0.0045
barycentric coordinates,20,0.0045
cloning,20,0.0045
substring generation,20,0.0045
time tracking,20,0.0045
k th largest element,20,0.0045
cosine similarity,20,0.0045
on log n time complexity,20,0.0045
subtree optimization,20,0.0045
subtree sum queries,20,0.0045
memory efficiency,20,0.0045
gift wrapping,20,0.0045
whitespace handling,20,0.0045
negative weight cycle detection,20,0.0045
tic tac toe,20,0.0045
comparison operators,20,0.0045
hough transform,20,0.0045
flip operations,20,0.0045
sparse grid handling,20,0.0045
folding simulation,20,0.0045
class design,20,0.0045
index calculation,20,0.0045
circle rectangle intersection,20,0.0045
divisor enumeration,20,0.0045
strategy design,20,0.0045
calendar systems,20,0.0045
multiple root handling,20,0.0045
analysis,20,0.0045
state equivalence,20,0.0045
suffix automaton or aho corasick,20,0.0045
efficient geometry,20,0.0045
lowest common ancestor lac,20,0.0045
xor convolution,20,0.0045
linear congruential generator,19,0.0043
segment merging,19,0.0043
natural sorting,19,0.0043
time based state transitions,19,0.0043
dag longest path,19,0.0043
interaction,19,0.0043
polygon construction,19,0.0043
bell numbers,19,0.0043
pattern avoidance,19,0.0043
gram schmidt process,19,0.0043
hash map set,19,0.0043
data flow analysis,19,0.0043
path checking,19,0.0043
segment handling,19,0.0043
tic tac toe logic,19,0.0043
function implementation,19,0.0043
data representation,19,0.0043
permutation parity,19,0.0043
grid graph,19,0.0043
prime testing,19,0.0043
cellular automaton,19,0.0043
triple iteration optimization,19,0.0043
graph manipulation,19,0.0043
intervals,19,0.0043
tree correction,19,0.0043
dual graph,19,0.0043
multiset treeset,19,0.0043
fixed point iteration,19,0.0043
nim,19,0.0043
recursion or iteration,19,0.0043
point location,19,0.0043
prefix suffix tracking,19,0.0043
dominating set,19,0.0043
adaptive strategy,19,0.0043
recursive relations,19,0.0043
edge removal,19,0.0043
equivalence checking,19,0.0043
early termination,19,0.0043
event based sweeping,19,0.0043
array generation,19,0.0043
map coloring,19,0.0043
wildcard pattern matching,19,0.0043
polyomino,19,0.0043
cofactor matrix,19,0.0043
non comparison sort,19,0.0043
python heapq,19,0.0043
reverse graph,19,0.0043
ipv4 validation,19,0.0043
lu decomposition,19,0.0043
skip list,19,0.0043
selection sort,19,0.0043
multi dimensional knapsack,19,0.0043
dequeue monotonic queue,19,0.0043
binary search tree properties,19,0.0043
reverse polish notation rpn,19,0.0043
dictionaries,19,0.0043
text parsing,19,0.0043
2d dp table,19,0.0043
planarity testing,19,0.0043
unbounded weight optimization,19,0.0043
time based scheduling,19,0.0043
symmetry operations,19,0.0043
faulhabers formula,19,0.0043
max subgraph selection,19,0.0043
closure,19,0.0043
spiral order traversal,19,0.0043
dense ranking,19,0.0043
short circuit logic,19,0.0043
euler tour heavy light decomposition,19,0.0043
polynomial coefficients,19,0.0043
minimum cost flow concepts,19,0.0043
fast io,19,0.0043
mergeable sets,19,0.0043
idempotent functions,18,0.0040
unbounded knapsack problem,18,0.0040
geometric intersection,18,0.0040
prefix suffix search,18,0.0040
catalans parenthesization,18,0.0040
subarray operations,18,0.0040
contribution technique,18,0.0040
efficient rotation,18,0.0040
conditional statements,18,0.0040
similarity metrics,18,0.0040
subtraction algorithm,18,0.0040
chinese remainder theorem crt,18,0.0040
overflow handling,18,0.0040
monotonic sequence detection,18,0.0040
validation of distance matrix,18,0.0040
utf 8,18,0.0040
operator precedence parsing,18,0.0040
all pairs shortest paths,18,0.0040
linear regression,18,0.0040
string equivalence,18,0.0040
multi pointer,18,0.0040
suffix traversal,18,0.0040
overlap detection,18,0.0040
line cover,18,0.0040
tree conversion,18,0.0040
edge cover,18,0.0040
undo mechanism,18,0.0040
tuple manipulation,18,0.0040
monotone chain,18,0.0040
automaton,18,0.0040
fast fourier transform,18,0.0040
coin problem,18,0.0040
validation algorithms,18,0.0040
median operation,18,0.0040
prefix and suffix search,18,0.0040
adjacency modeling,18,0.0040
iterative parsing,18,0.0040
data structures grid,18,0.0040
rotation simulation,18,0.0040
fibonacci precomputation,18,0.0040
number representation,18,0.0040
physics modeling,18,0.0040
arithmetic algorithms,18,0.0040
python programming,18,0.0040
rsa algorithm,18,0.0040
house robber,18,0.0040
cofactor expansion,18,0.0040
deque double ended queue,18,0.0040
closure properties,18,0.0040
time and distance calculation,18,0.0040
grid coverage,18,0.0040
genetic algorithms,18,0.0040
itertoolsproduct,18,0.0040
time simulation,18,0.0040
perfect numbers,18,0.0040
subgrid processing,18,0.0040
subset product,18,0.0040
infix to postfix,18,0.0040
sum of squares,18,0.0040
hybrid algorithm,18,0.0040
circular segments,18,0.0040
string replacement,18,0.0040
ratio optimization,18,0.0040
arithmetic coding,18,0.0040
substring queries,18,0.0040
python standard library,18,0.0040
esoteric language,18,0.0040
coin problem frobenius number,18,0.0040
geometric data structures,18,0.0040
2d binary indexed tree fenwick tree,18,0.0040
previous permutation,18,0.0040
in place,18,0.0040
repetition detection,18,0.0040
set detection,18,0.0040
boruvkas algorithm,18,0.0040
lucky numbers generation,18,0.0040
contour tracing,18,0.0040
infinite path detection,18,0.0040
symbol renaming,18,0.0040
subtree isomorphism,18,0.0040
segment tree or binary lifting,18,0.0040
fast exponentiation matrix exponentiation,18,0.0040
midpoint calculation,18,0.0040
large range handling,18,0.0040
cursor simulation,18,0.0040
factor enumeration,18,0.0040
blob detection,18,0.0040
leap year check,17,0.0038
bipartite graph matching,17,0.0038
string equivalence check,17,0.0038
polynomial parsing,17,0.0038
brainfck,17,0.0038
functional decomposition,17,0.0038
tuples,17,0.0038
pandigital check,17,0.0038
rolling dice simulation,17,0.0038
cycle traversal,17,0.0038
string reversal,17,0.0038
circular geometry,17,0.0038
regular polygons,17,0.0038
bridge finding,17,0.0038
circular list,17,0.0038
complementary graph,17,0.0038
image transformation,17,0.0038
logarithmic analysis,17,0.0038
bitonic subsequence,17,0.0038
prefix and suffix handling,17,0.0038
pie chart area calculation,17,0.0038
path simplification,17,0.0038
algebraic manipulation,17,0.0038
big integer,17,0.0038
miller rabin,17,0.0038
chess movement,17,0.0038
permutation counting,17,0.0038
digit swapping,17,0.0038
iterative optimization,17,0.0038
in degree calculation,17,0.0038
point in rectangle,17,0.0038
uninformed search,17,0.0038
greedy search,17,0.0038
set uniqueness,17,0.0038
point reflection,17,0.0038
segment tree or interval processing,17,0.0038
arithmetic derivative,17,0.0038
cache simulation,17,0.0038
logic deduction,17,0.0038
substring check,17,0.0038
math gcd,17,0.0038
recursive merging,17,0.0038
polynomial multiplication,17,0.0038
tree map,17,0.0038
prefix suffix constraints,17,0.0038
valid parentheses check,17,0.0038
linear algebra xor basis,17,0.0038
efficient prime generation,17,0.0038
recursion with memoization,17,0.0038
priority queue greedy,17,0.0038
trie or aho corasick,17,0.0038
bijection,17,0.0038
bridges and articulation points,17,0.0038
segment tree or binary indexed tree,17,0.0038
integer conversion,17,0.0038
mathematical expressions,17,0.0038
recursion optimization,17,0.0038
np hard problems,17,0.0038
gap sequence,17,0.0038
synchronization,17,0.0038
interleaving check,17,0.0038
modified bfs with state tracking,17,0.0038
cache management,17,0.0038
patience sorting,17,0.0038
quadratic equation,17,0.0038
mex minimum excluded value,17,0.0038
3sum,17,0.0038
base64 decoding,17,0.0038
splitting logic,17,0.0038
regularization,17,0.0038
gcd algorithm,17,0.0038
kth smallest element,17,0.0038
dynamic array updates,17,0.0038
insertion and deletion,17,0.0038
mutation,17,0.0038
logical operators,17,0.0038
stack manipulation,17,0.0038
piecewise functions,17,0.0038
calendar calculation,17,0.0038
indexing,17,0.0038
arbitrage detection,17,0.0038
cholesky decomposition,17,0.0038
multi source bfssssp,17,0.0038
cursor movement,17,0.0038
palindromes,17,0.0038
coordinate grid,17,0.0038
submatrix queries,17,0.0038
bernoulli numbers,17,0.0038
segment tree or monotonic queue,17,0.0038
dynamic array expansion,17,0.0038
string alignment,17,0.0038
deadlock detection,17,0.0038
sethash set,17,0.0038
control flow simulation,17,0.0038
number base conversion,17,0.0038
polygon offset,17,0.0038
mathematical counting,17,0.0038
boolean parenthesization,17,0.0038
trigonometric identities,17,0.0038
big exponent handling,17,0.0038
floyds cycle finding,17,0.0038
ellipse intersection,17,0.0038
segment tree or prefix sum,17,0.0038
subtree constraints,17,0.0038
check detection,17,0.0038
circle enclosure,17,0.0038
carryless arithmetic,17,0.0038
convex polygon area,17,0.0038
3d reconstruction,17,0.0038
polygon point in test,17,0.0038
dynamic string updates,17,0.0038
recursive substitution,17,0.0038
matrix constraints,17,0.0038
line cone intersection,17,0.0038
maphashing,16,0.0036
lowest common multiple lcm,16,0.0036
lexicographic generation,16,0.0036
tree simulation,16,0.0036
polynomial sequences,16,0.0036
tree modification,16,0.0036
edge processing,16,0.0036
horizontal distance,16,0.0036
efficient replacement,16,0.0036
monotonic queue optimization,16,0.0036
reverse delete algorithm,16,0.0036
lucas lehmer test,16,0.0036
lexer,16,0.0036
prefix and suffix operations,16,0.0036
sequence reconstruction,16,0.0036
symmetric matrix construction,16,0.0036
ratio comparison,16,0.0036
separating axis theorem,16,0.0036
flood fill game,16,0.0036
tie breaking,16,0.0036
monte carlo method,16,0.0036
folding operations,16,0.0036
pascals identity,16,0.0036
hexadecimal arithmetic,16,0.0036
compression,16,0.0036
iso 8601,16,0.0036
weighted union find,16,0.0036
probability and expectation,16,0.0036
tree counting,16,0.0036
optimal path finding,16,0.0036
hexadecimal,16,0.0036
mathematical decomposition,16,0.0036
range calculation,16,0.0036
multiples and divisors,16,0.0036
eigenvalues,16,0.0036
sliding window optimization,16,0.0036
chemical formula parsing,16,0.0036
dynamic programming conceptual,16,0.0036
dictionaryhash map,16,0.0036
polygon point inclusion,16,0.0036
edge weight assignment,16,0.0036
shortest path in unweighted graph,16,0.0036
data structures class design,16,0.0036
character analysis,16,0.0036
parent tracking,16,0.0036
arithmetic mean,16,0.0036
efficient pair processing,16,0.0036
lazy deletion,16,0.0036
graph generation,16,0.0036
selection algorithms,16,0.0036
rasterization,16,0.0036
geometric optimization,16,0.0036
grid discretization,16,0.0036
command line parsing,16,0.0036
unbounded value optimization,16,0.0036
planarity checking,16,0.0036
graph optimization,16,0.0036
suffix trie,16,0.0036
kernel of polygon,16,0.0036
minimum bottleneck path,16,0.0036
numpy functions,16,0.0036
square submatrix,16,0.0036
hashing without extra space,16,0.0036
helper functions,16,0.0036
pigeonhole sort,16,0.0036
datetime module,16,0.0036
gradient calculation,16,0.0036
hidden markov models,16,0.0036
design of algorithms,16,0.0036
edge disjoint paths,16,0.0036
bottom up approach,16,0.0036
three valued logic,16,0.0036
traveling salesperson problem tsp,16,0.0036
event counting,16,0.0036
spherical geometry,16,0.0036
median queries,16,0.0036
real time processing,16,0.0036
numerical algorithms,16,0.0036
monotonic check,16,0.0036
merge,16,0.0036
median of medians,16,0.0036
efficient number generation,16,0.0036
clique partitioning,16,0.0036
tree re rooting,16,0.0036
splitting strings,16,0.0036
segment queries,16,0.0036
cramers rule,16,0.0036
inequality constraints,16,0.0036
quantum machine learning,16,0.0036
surface area calculation,16,0.0036
feature engineering,16,0.0036
regular expression parsing,16,0.0036
data structures mapshashing,16,0.0036
nim variant,16,0.0036
mode finding,16,0.0036
tree lca lowest common ancestor,16,0.0036
time discretization,16,0.0036
optimal speed calculation,16,0.0036
graph contraction,16,0.0036
sign analysis,16,0.0036
segment coverage,16,0.0036
compressed string processing,16,0.0036
heap properties,16,0.0036
cone surface unfolding,16,0.0036
shortest path on surface,16,0.0036
shadow calculation,16,0.0036
fractional programming,16,0.0036
zig zag sequence,16,0.0036
recursive probability,16,0.0036
hexadecimal handling,16,0.0036
edge contraction,16,0.0036
infinite series,15,0.0034
subtraction,15,0.0034
tree and graph properties,15,0.0034
quadratic programming,15,0.0034
set selection,15,0.0034
efficient grid manipulation,15,0.0034
string counting,15,0.0034
frequencies counting,15,0.0034
twin primes,15,0.0034
date and time,15,0.0034
binary array manipulation,15,0.0034
recursive logic,15,0.0034
mapshashing,15,0.0034
encryption algorithm,15,0.0034
data comparison,15,0.0034
2d hashing,15,0.0034
set complement,15,0.0034
prefix handling,15,0.0034
geometric construction,15,0.0034
encoding,15,0.0034
expression generation,15,0.0034
product generation,15,0.0034
n ary tree,15,0.0034
character handling,15,0.0034
binary decision diagram,15,0.0034
recursive reduction,15,0.0034
spiral generation,15,0.0034
tree layout,15,0.0034
linear equation solving,15,0.0034
directional search,15,0.0034
binary array construction,15,0.0034
range intersection,15,0.0034
line sweep algorithm,15,0.0034
iterative filtering,15,0.0034
infix evaluation,15,0.0034
tree path finding,15,0.0034
graph reversal,15,0.0034
permutation inversion,15,0.0034
stoer wagner algorithm,15,0.0034
time and position tracking,15,0.0034
minimum cost maximum flow,15,0.0034
euclidean distance calculation,15,0.0034
condensed graph,15,0.0034
fraction decomposition,15,0.0034
full binary tree,15,0.0034
binary string processing,15,0.0034
prefix and suffix constraints,15,0.0034
prime modulo,15,0.0034
routing,15,0.0034
traversal algorithms,15,0.0034
pixel manipulation,15,0.0034
time difference calculation,15,0.0034
bisection method,15,0.0034
in place rearrangement,15,0.0034
limits,15,0.0034
periodic strings,15,0.0034
logarithmic computation,15,0.0034
greedy approximation,15,0.0034
handshaking lemma,15,0.0034
threading,15,0.0034
max tracking,15,0.0034
control structures,15,0.0034
point matching,15,0.0034
fuzzy matching,15,0.0034
datetime parsing,15,0.0034
dynamic programming optimization,15,0.0034
divisors calculation,15,0.0034
median of three pivot,15,0.0034
rehashing,15,0.0034
minimum operations,15,0.0034
brainfuck variant,15,0.0034
command pattern,15,0.0034
stooge sort,15,0.0034
numpy arrays,15,0.0034
crossover,15,0.0034
lambda functions,15,0.0034
data serialization,15,0.0034
algorithm optimization,15,0.0034
auxiliary data structures,15,0.0034
error checking,15,0.0034
union by size,15,0.0034
weiszfeld algorithm,15,0.0034
abstract syntax tree ast,15,0.0034
reduction,15,0.0034
tree search,15,0.0034
on2 time complexity,15,0.0034
url parsing,15,0.0034
island counting,15,0.0034
recursive validation,15,0.0034
inequality handling,15,0.0034
bitwise operators,15,0.0034
minimum calculation,15,0.0034
cnot gate,15,0.0034
linear time complexity on,15,0.0034
multi state tracking,15,0.0034
subtree updates,15,0.0034
in place deletion,15,0.0034
cumulative sum,15,0.0034
rectangle counting,15,0.0034
landaus criterion,15,0.0034
optimal grouping,15,0.0034
polyglot,15,0.0034
mathematical sieve,15,0.0034
minimum weight vertex cover,15,0.0034
grid modeling,15,0.0034
squared euclidean distance,15,0.0034
partial fraction decomposition,15,0.0034
efficient pattern matching,15,0.0034
large exponents,15,0.0034
k ary tree traversal,15,0.0034
path connectivity,15,0.0034
rotation and transformation,15,0.0034
boolean expression parsing,15,0.0034
knapsack optimization,15,0.0034
metaclasses,15,0.0034
type resolution,15,0.0034
priority queue deque,14,0.0031
padding algorithms,14,0.0031
matrix optimization,14,0.0031
asymptotic analysis,14,0.0031
knuth optimization,14,0.0031
trie or hashing,14,0.0031
3d range query,14,0.0031
prime powers,14,0.0031
optimal merge,14,0.0031
multiset processing,14,0.0031
minimum weight perfect matching,14,0.0031
level calculation,14,0.0031
dynamic analysis,14,0.0031
geospatial calculations,14,0.0031
exponent manipulation,14,0.0031
strongly connected graph,14,0.0031
balanced tree construction,14,0.0031
prefix and suffix gcd arrays,14,0.0031
prefix conditions,14,0.0031
sorted list,14,0.0031
min cost max flow,14,0.0031
factorial and inverse modulo,14,0.0031
digit dynamic programming digit dp,14,0.0031
roman numerals conversion,14,0.0031
connect four,14,0.0031
backward induction,14,0.0031
reflections,14,0.0031
shuffling,14,0.0031
suffix automaton or hashing,14,0.0031
union find optional,14,0.0031
fibonacci sequence generation,14,0.0031
line fitting,14,0.0031
minimum cost covering,14,0.0031
ternary arithmetic,14,0.0031
prefix free codes,14,0.0031
divisors sum,14,0.0031
line plane intersection,14,0.0031
search strategy,14,0.0031
sortings,14,0.0031
backtracking with pruning,14,0.0031
odd even iteration,14,0.0031
currency exchange,14,0.0031
region analysis,14,0.0031
hashing dictionary,14,0.0031
minimum path finding,14,0.0031
prime number properties,14,0.0031
pixel comparison,14,0.0031
k way merge,14,0.0031
palindrome substring,14,0.0031
transportation problem,14,0.0031
eulerian orientation,14,0.0031
array simulation,14,0.0031
round robin tournament,14,0.0031
grid path,14,0.0031
segment constraints,14,0.0031
2d array construction,14,0.0031
weighted median,14,0.0031
rectangle merging,14,0.0031
linear algebra basis construction,14,0.0031
rotation operations,14,0.0031
residual networks,14,0.0031
diameter of graph,14,0.0031
factorial modulo,14,0.0031
functions,14,0.0031
critical path analysis,14,0.0031
polygon covering,14,0.0031
floor function,14,0.0031
substrings enumeration,14,0.0031
long multiplication,14,0.0031
concurrent programming,14,0.0031
cocktail shaker sort,14,0.0031
rotated array,14,0.0031
efficiency,14,0.0031
primitive root verification,14,0.0031
big number handling,14,0.0031
comparison counting,14,0.0031
autocomplete,14,0.0031
aggregation,14,0.0031
vectorization,14,0.0031
greedy with binary search,14,0.0031
math library functions,14,0.0031
gap sequence optimization,14,0.0031
strassen algorithm,14,0.0031
endianness handling,14,0.0031
o1 time complexity,14,0.0031
2d prefix processing,14,0.0031
procedural programming,14,0.0031
reference counting,14,0.0031
a algorithm,14,0.0031
polynomial division,14,0.0031
minimum tracking,14,0.0031
handling negative numbers,14,0.0031
rotation of digits,14,0.0031
calendar logic,14,0.0031
rotation transformation,14,0.0031
layered graph,14,0.0031
data encoding,14,0.0031
shortest path algorithm,14,0.0031
efficient memory management,14,0.0031
endianness,14,0.0031
graph layout,14,0.0031
chess notation,14,0.0031
primorial calculation,14,0.0031
multiplicative inverse,14,0.0031
permutation composition,14,0.0031
prefix and suffix minimums,14,0.0031
efficiency calculation,14,0.0031
geometric distribution,14,0.0031
run length encoding rle,14,0.0031
heuristic search a,14,0.0031
havel hakimi algorithm,14,0.0031
sparse graph handling,14,0.0031
queue simulation,14,0.0031
nimber,14,0.0031
in degree validation,14,0.0031
tournament selection,14,0.0031
large input handling,14,0.0031
minimum edge in path,14,0.0031
time zone handling,14,0.0031
simulation analysis,14,0.0031
prefix products,14,0.0031
instruction simulation,14,0.0031
community detection,14,0.0031
efficient recursion,14,0.0031
subset handling,14,0.0031
mathematical probability,14,0.0031
malfatti circles,14,0.0031
prefix free strings,14,0.0031
ring structure,14,0.0031
trajectory checking,14,0.0031
taxicab geometry,14,0.0031
binary jumping,14,0.0031
connectivity components,14,0.0031
tree path queries,14,0.0031
path isomorphism,14,0.0031
embedding,14,0.0031
bipartite graph detection,14,0.0031
cube traversal,14,0.0031
ambiguity checking,13,0.0029
date calculations,13,0.0029
radix conversion,13,0.0029
encoding decoding,13,0.0029
sieve like approach,13,0.0029
distance constraints,13,0.0029
symbolic execution,13,0.0029
range checking,13,0.0029
intersection of intervals,13,0.0029
greman strategy,13,0.0029
max path sum,13,0.0029
triple loop optimization,13,0.0029
tree and graph traversal,13,0.0029
cyclic properties,13,0.0029
lagranges four square theorem,13,0.0029
balanced bst construction,13,0.0029
prefix suffix minimization,13,0.0029
string constraints,13,0.0029
logarithmic time algorithm,13,0.0029
arithmetic validation,13,0.0029
pythagorean theorem,13,0.0029
ciphers,13,0.0029
cyclic traversal,13,0.0029
maximum tracking,13,0.0029
data structures map dictionary,13,0.0029
small to large merging,13,0.0029
base64,13,0.0029
skiplist,13,0.0029
integer overflow,13,0.0029
boundary detection,13,0.0029
submatrix counting,13,0.0029
mathematical comparison,13,0.0029
counterexample construction,13,0.0029
efficient substring processing,13,0.0029
segment tree or range query,13,0.0029
setmap data structures,13,0.0029
affine cipher,13,0.0029
optimal caching,13,0.0029
minimum spanning concept,13,0.0029
reverse iteration,13,0.0029
matrix subarray queries,13,0.0029
line distance,13,0.0029
interactive algorithm,13,0.0029
champernowne constant,13,0.0029
multiplicative inverses,13,0.0029
data rearrangement,13,0.0029
set hash set,13,0.0029
reverse string,13,0.0029
data matching,13,0.0029
state comparison,13,0.0029
data type handling,13,0.0029
string sorting,13,0.0029
design of experiments,13,0.0029
prefix minimums,13,0.0029
mathematical preprocessing,13,0.0029
plane division,13,0.0029
line coverage,13,0.0029
basic syntax,13,0.0029
character filtering,13,0.0029
efficient sieve preprocessing,13,0.0029
efficient precomputation,13,0.0029
randomized search,13,0.0029
branch and bound,13,0.0029
lists,13,0.0029
math library usage,13,0.0029
collinearity check,13,0.0029
hamiltonian circuit,13,0.0029
median of two sorted arrays,13,0.0029
datetime handling,13,0.0029
algorithms,13,0.0029
shortest path variants,13,0.0029
maximum and minimum in subarray,13,0.0029
prime gap calculation,13,0.0029
priority sorting,13,0.0029
python built in functions,13,0.0029
timeout handling,13,0.0029
robot movement,13,0.0029
heuristic optimization,13,0.0029
data standardization,13,0.0029
string encoding,13,0.0029
insertion in bst,13,0.0029
deque operations,13,0.0029
stack based parsing,13,0.0029
histogram largest rectangle,13,0.0029
data merging,13,0.0029
genetic algorithm,13,0.0029
natural language processing,13,0.0029
reversal algorithm,13,0.0029
dutch national flag,13,0.0029
sieve theory,13,0.0029
k d tree,13,0.0029
efficient prime counting,13,0.0029
rotation matrix,13,0.0029
array reversal,13,0.0029
conditions analysis,13,0.0029
long division,13,0.0029
sorted arrays,13,0.0029
resizing,13,0.0029
newton raphson method,13,0.0029
2d packing,13,0.0029
multiplication optimization,13,0.0029
multi string lcs,13,0.0029
balance calculation,13,0.0029
union by ranksize,13,0.0029
infinite sequences,13,0.0029
square and cube numbers,13,0.0029
efficient algorithm,13,0.0029
block processing,13,0.0029
matrix search,13,0.0029
supervised learning,13,0.0029
conways game of life,13,0.0029
connected component labeling,13,0.0029
queue collectionsdeque,13,0.0029
minimum set cover,13,0.0029
chemical equation balancing,13,0.0029
unbounded knapsack optimization,13,0.0029
sum of divisors function,13,0.0029
minimum cost optimization,13,0.0029
reverse inorder traversal,13,0.0029
deterministic strategy analysis,13,0.0029
approximation,13,0.0029
entropy calculation,13,0.0029
descartes theorem,13,0.0029
observation based algorithm,13,0.0029
modularity optimization,13,0.0029
amplitude encoding,13,0.0029
subrectangle processing,13,0.0029
basis,13,0.0029
path intersection,13,0.0029
longest common prefix lcp array,13,0.0029
array compression,13,0.0029
prefix and,13,0.0029
recursive execution,13,0.0029
convex polygon clipping,13,0.0029
strong cactus construction,13,0.0029
controlled rotation gates,13,0.0029
counting subsets,13,0.0029
recursive pattern generation,13,0.0029
space filling curve,13,0.0029
clique covering,13,0.0029
minimum of maximum,13,0.0029
circular graph,13,0.0029
union of intervals,13,0.0029
binary representations,13,0.0029
binary tree concepts,13,0.0029
distance in tree,13,0.0029
rewrite rules,13,0.0029
range minimummaximum query,13,0.0029
dynamic graph connectivity,13,0.0029
time travel,13,0.0029
efficient string queries,13,0.0029
circle triangle intersection,13,0.0029
reflection calculation,13,0.0029
fractal recognition,13,0.0029
antiprefix function,13,0.0029
recursive function application,13,0.0029
line symmetry,13,0.0029
order book,13,0.0029
minimum enclosing cylinder,13,0.0029
fast inputoutput,12,0.0027
optimal bst,12,0.0027
merge with constraints,12,0.0027
logical conditions,12,0.0027
number generation,12,0.0027
forbidden path constraints,12,0.0027
constraints processing,12,0.0027
absolute difference minimization,12,0.0027
time constraints handling,12,0.0027
gcd of polynomials,12,0.0027
stack based evaluation,12,0.0027
hash mapdictionary,12,0.0027
factorial manipulation,12,0.0027
cash flow minimization,12,0.0027
tree graph traversal,12,0.0027
pair matching,12,0.0027
dynamic programming optional for optimization,12,0.0027
mathematical summation,12,0.0027
custom parsers,12,0.0027
efficient sum calculation,12,0.0027
shuffle algorithm,12,0.0027
set properties,12,0.0027
hashing in place,12,0.0027
cyclic detection,12,0.0027
mathematical equations,12,0.0027
constraint satisfaction problem,12,0.0027
visibility,12,0.0027
convex polygon triangulation,12,0.0027
3d distance calculation,12,0.0027
mathematical conditions,12,0.0027
mex function,12,0.0027
minimax simplified,12,0.0027
multi stage optimization,12,0.0027
event based sweepline,12,0.0027
delete operation,12,0.0027
insert operation,12,0.0027
data structures adjacency list,12,0.0027
prime number theory,12,0.0027
data structures mapsarrays,12,0.0027
local search,12,0.0027
2d prefix minimum,12,0.0027
binary search on answer,12,0.0027
insertion sort analysis,12,0.0027
minimum bounding square,12,0.0027
even odd counting,12,0.0027
priority queue 0 1 bfs,12,0.0027
line slope calculation,12,0.0027
reversal optimization,12,0.0027
segment tree conceptual,12,0.0027
sparse grid representation,12,0.0027
time comparison,12,0.0027
longest subsequence,12,0.0027
vector projection,12,0.0027
optimal pathfinding,12,0.0027
mathematical inversion,12,0.0027
shortest path with constraints,12,0.0027
unweighted graph traversal,12,0.0027
factorial counting,12,0.0027
pattern detection,12,0.0027
compressed states,12,0.0027
periodic functions,12,0.0027
key and door logic,12,0.0027
system of inequalities,12,0.0027
counting components,12,0.0027
handling duplicates,12,0.0027
power of two,12,0.0027
set constraints,12,0.0027
clique finding,12,0.0027
input processing,12,0.0027
priority handling,12,0.0027
largest square submatrix,12,0.0027
balanced binary heaps,12,0.0027
collaborative filtering,12,0.0027
segment tree or priority queue,12,0.0027
line and point analysis,12,0.0027
blocking flow,12,0.0027
level graph,12,0.0027
bst validation,12,0.0027
two dimensional array,12,0.0027
repeated squaring,12,0.0027
k means clustering,12,0.0027
tabulation,12,0.0027
rainwater trapping,12,0.0027
coordinate reconstruction,12,0.0027
submatrix problems,12,0.0027
kosarajus algorithm or tarjans algorithm,12,0.0027
in degree counting,12,0.0027
subtree analysis,12,0.0027
positional numeral systems,12,0.0027
maximum in subarray,12,0.0027
peak finding,12,0.0027
geometric median,12,0.0027
geometric transformation,12,0.0027
ascii manipulation,12,0.0027
fft fast fourier transform,12,0.0027
dutch national flag algorithm,12,0.0027
date arithmetic,12,0.0027
dynamic programming memoization,12,0.0027
duplicate detection,12,0.0027
data distribution handling,12,0.0027
thresholding,12,0.0027
performance measurement,12,0.0027
shortest augmenting path,12,0.0027
recursive calculation,12,0.0027
zigzag traversal,12,0.0027
composite number check,12,0.0027
vertical order traversal,12,0.0027
3d array traversal,12,0.0027
integral calculus,12,0.0027
multithreading,12,0.0027
image generation,12,0.0027
uniform distribution,12,0.0027
optimal matching,12,0.0027
ad hoc algorithms,12,0.0027
rotation check,12,0.0027
string pattern generation,12,0.0027
limit analysis,12,0.0027
event based modeling,12,0.0027
product maximization,12,0.0027
path updates,12,0.0027
prefix suffix relations,12,0.0027
cost comparison,12,0.0027
data structures arraysmaps,12,0.0027
moore neighborhood,12,0.0027
smallest enclosing sphere,12,0.0027
case handling,12,0.0027
multi commodity flow,12,0.0027
sequence manipulation,12,0.0027
density calculation,12,0.0027
histogram calculation,12,0.0027
negative base systems,12,0.0027
perfect square detection,12,0.0027
dynamic pathfinding,12,0.0027
place value calculation,12,0.0027
subsequence partitioning,12,0.0027
isomorphic strings,12,0.0027
pathfinding with constraints,12,0.0027
sliding minimum,12,0.0027
parity calculation,12,0.0027
edge removal analysis,12,0.0027
minimum enclosing equilateral triangle,12,0.0027
functional equivalence,12,0.0027
mahjong rules,12,0.0027
chain construction,12,0.0027
substring inclusion,12,0.0027
max density subgraph,12,0.0027
dimensional analysis,12,0.0027
math modular arithmetic,12,0.0027
string period check,12,0.0027
point orientation,12,0.0027
segment contribution,12,0.0027
scope resolution,12,0.0027
mos algorithm on tree,12,0.0027
periodicity analysis,12,0.0027
distance arrays,12,0.0027
binary tournament tree,12,0.0027
prefix path processing,12,0.0027
complement set calculation,12,0.0027
hitting set,12,0.0027
towers of hanoi variant,12,0.0027
mex computation,12,0.0027
efficient range iteration,12,0.0027
string theory,12,0.0027
rectangle queries,12,0.0027
greaph construction,11,0.0025
math sequence,11,0.0025
grammar processing,11,0.0025
factorial comparison,11,0.0025
cube rolling simulation,11,0.0025
recursive function evaluation,11,0.0025
directed and undirected graphs,11,0.0025
balanced tree operations,11,0.0025
euler tour edge coloring,11,0.0025
similar triangles,11,0.0025
prime sieve sieve of eratosthenes,11,0.0025
output matching,11,0.0025
string divisors,11,0.0025
circle coverage,11,0.0025
physics elastic collision,11,0.0025
base encodingdecoding,11,0.0025
mixed graphs,11,0.0025
factorial and modular arithmetic,11,0.0025
circle determination,11,0.0025
efficient grid processing,11,0.0025
iterative check,11,0.0025
efficient subarray sum calculation,11,0.0025
efficient minimum tracking,11,0.0025
suffix sorting,11,0.0025
looping and conditionals,11,0.0025
negative indexing,11,0.0025
spherical distance calculation,11,0.0025
multi set comparison,11,0.0025
in place processing,11,0.0025
subtree properties,11,0.0025
modulo grouping,11,0.0025
angle and distance calculation,11,0.0025
linear algebra vector space over gf2,11,0.0025
double string check,11,0.0025
prefix suffix bounds,11,0.0025
first digit calculation,11,0.0025
cursor manipulation,11,0.0025
pairwise comparison,11,0.0025
invariant,11,0.0025
bitmask enumeration,11,0.0025
sieve like algorithms,11,0.0025
minimum spanning path,11,0.0025
data structure tuples,11,0.0025
probabilistic data structures,11,0.0025
board representation,11,0.0025
dynamic grid updates,11,0.0025
recursive equations,11,0.0025
leap year logic,11,0.0025
line drawing,11,0.0025
2d grid construction,11,0.0025
prefix suffix traversal,11,0.0025
shortest path in grid,11,0.0025
error detection and correction,11,0.0025
sorting algorithm analysis,11,0.0025
data structures setmap,11,0.0025
dynamic programming on paths,11,0.0025
grid pattern,11,0.0025
geometric intersection check,11,0.0025
strictly convex polygon,11,0.0025
leaf node detection,11,0.0025
plane point matching,11,0.0025
efficient string concatenation,11,0.0025
damerau levenshtein distance,11,0.0025
constant time algorithm,11,0.0025
convex geometry,11,0.0025
checkmate logic,11,0.0025
geometric collision detection,11,0.0025
multiset frequency count,11,0.0025
polygon handling,11,0.0025
wilsons theorem,11,0.0025
digit rearrangement,11,0.0025
max in subarray,11,0.0025
efficient range handling,11,0.0025
efficient hashing,11,0.0025
string pattern,11,0.0025
set map,11,0.0025
symmetric ternary,11,0.0025
dice rolling,11,0.0025
interval compression,11,0.0025
arithmetic overflow handling,11,0.0025
minimum initial value,11,0.0025
custom cipher,11,0.0025
cube rotation,11,0.0025
algorithms string formatting,11,0.0025
exponential calculation,11,0.0025
disjoint sets,11,0.0025
efficient substring handling,11,0.0025
custom comparison,11,0.0025
segment deletion,11,0.0025
python generators,11,0.0025
integer manipulation,11,0.0025
robot motion planning,11,0.0025
random access,11,0.0025
minimum maximum path problem,11,0.0025
efficient io,11,0.0025
efficient insertion,11,0.0025
python implementation,11,0.0025
hybrid sorting,11,0.0025
sieve of atkin,11,0.0025
decimal arithmetic,11,0.0025
longest non increasing subsequence,11,0.0025
primitive root check,11,0.0025
operator precedence handling,11,0.0025
list filtering,11,0.0025
cube representation,11,0.0025
nimbers,11,0.0025
encryptiondecryption,11,0.0025
permutation swaps,11,0.0025
fisher yates shuffle,11,0.0025
hierarchical data structures,11,0.0025
dynamic graph processing,11,0.0025
submatrix optimization,11,0.0025
file inputoutput,11,0.0025
dictionary traversal,11,0.0025
time window constraints,11,0.0025
index manipulation,11,0.0025
in place computation,11,0.0025
streaming algorithms,11,0.0025
efficient frequency counting,11,0.0025
ray triangle intersection,11,0.0025
base64 encoding,11,0.0025
grid path optimization,11,0.0025
knuth morris pratt algorithm,11,0.0025
point query,11,0.0025
spherical coordinates,11,0.0025
knights tour,11,0.0025
linear algebra xor space,11,0.0025
max query,11,0.0025
kadanes algorithm variant,11,0.0025
turing machine,11,0.0025
prefix calculation,11,0.0025
data structures dictionaries,11,0.0025
default dictionary,11,0.0025
dynamic state handling,11,0.0025
optimal time complexity,11,0.0025
csv file handling,11,0.0025
reduce function,11,0.0025
path parsing,11,0.0025
kargers algorithm,11,0.0025
type conversion,11,0.0025
efficient rotation handling,11,0.0025
inversion of cumulative sums,11,0.0025
suffix automaton or trie,11,0.0025
golden section search,11,0.0025
8 queens problem,11,0.0025
string pattern recognition,11,0.0025
brents method,11,0.0025
probability and expected value,11,0.0025
shortest path in tree,11,0.0025
multiple sources bfs,11,0.0025
minimax optimization,11,0.0025
day of week calculation,11,0.0025
fast matrix exponentiation,11,0.0025
efficient io handling,11,0.0025
trigonometric functions,11,0.0025
gcd queries,11,0.0025
spiral calculation,11,0.0025
3d knapsack,11,0.0025
exponential functions,11,0.0025
segment tree concept,11,0.0025
multiplication,11,0.0025
circle tangency,11,0.0025
subset check,11,0.0025
math perfect squares,11,0.0025
next permutation algorithm,11,0.0025
prefix suffix queries,11,0.0025
tree lca,11,0.0025
edge reversal analysis,11,0.0025
dynamic lis,11,0.0025
line and plane constraints,11,0.0025
interval updates,11,0.0025
probabilistic strategy,11,0.0025
polygon union,11,0.0025
line comparison,11,0.0025
submatrix enumeration,11,0.0025
efficient substring matching,11,0.0025
union find with rollback,11,0.0025
logical circuits,11,0.0025
matrix simulation,11,0.0025
substrings and subsequences,11,0.0025
mex optimization,11,0.0025
polygon geometry,11,0.0025
modulo queries,11,0.0025
segment tree or interval merging,11,0.0025
abstract syntax tree,11,0.0025
rectangle processing,11,0.0025
knapsack variants,11,0.0025
set merging,11,0.0025
recursion analysis,11,0.0025
dsu on trees,11,0.0025
composite shapes,11,0.0025
routh hurwitz criterion,11,0.0025
priority queue bfs with priority,11,0.0025
unique solution check,11,0.0025
matrix filling,11,0.0025
graph labeling,11,0.0025
multi dimensional output,11,0.0025
ellipse fitting,11,0.0025
linear function composition,11,0.0025
greometry,10,0.0022
subtree check,10,0.0022
tree set ordered set,10,0.0022
multi dimensional state tracking,10,0.0022
range counting,10,0.0022
range tracking,10,0.0022
gaussian elimination over gf2,10,0.0022
regular expressions optional,10,0.0022
semi circle detection,10,0.0022
functional composition,10,0.0022
efficient conflict checking,10,0.0022
big number arithmetic,10,0.0022
custom movement constraints,10,0.0022
turans theorem,10,0.0022
word wrap problem,10,0.0022
divisors generation,10,0.0022
repeating decimals,10,0.0022
3d dp,10,0.0022
data structure construction,10,0.0022
factor counting,10,0.0022
linear congruence,10,0.0022
cyclic permutation,10,0.0022
number theoretic transform,10,0.0022
date simulation,10,0.0022
age calculation,10,0.0022
dynamic generation,10,0.0022
multiplicative closure,10,0.0022
eulerian properties,10,0.0022
maximum xor,10,0.0022
multiple transactions,10,0.0022
multiples,10,0.0022
grid pattern matching,10,0.0022
search operation,10,0.0022
ip address validation,10,0.0022
simplification,10,0.0022
tracking extremes,10,0.0022
probability analysis,10,0.0022
connectivity analysis,10,0.0022
overlap optimization,10,0.0022
minimum spanning arborescence,10,0.0022
co prime numbers,10,0.0022
standard deviation calculation,10,0.0022
shape matching,10,0.0022
circular traversal,10,0.0022
systems of equations,10,0.0022
logical implication,10,0.0022
augmenting path,10,0.0022
multiple test cases handling,10,0.0022
minimum spanning tree kruskals or prims algorithm,10,0.0022
cube folding,10,0.0022
parenthesization,10,0.0022
algebraic simplification,10,0.0022
data structures mapsdictionaries,10,0.0022
multi set,10,0.0022
tree bfs,10,0.0022
data structures priority queue heap,10,0.0022
minimum spanning tree mst concepts,10,0.0022
contribution method,10,0.0022
math greatest common divisor gcd,10,0.0022
binary tree manipulation,10,0.0022
prefix operations,10,0.0022
recursive subdivision,10,0.0022
recursive descent,10,0.0022
cache optimization,10,0.0022
inversion of operations,10,0.0022
unbounded knapsack with constraints,10,0.0022
algorithms fraction arithmetic,10,0.0022
mathematical check,10,0.0022
condensation of graph,10,0.0022
prefixsuffix minimums,10,0.0022
squares in grid,10,0.0022
mobius inversion,10,0.0022
modified edge weights,10,0.0022
palindrome processing,10,0.0022
multi layer graph,10,0.0022
sorting with custom key,10,0.0022
loop analysis,10,0.0022
power set generation,10,0.0022
data selection,10,0.0022
two pass algorithm,10,0.0022
multiple pattern search,10,0.0022
three way partitioning,10,0.0022
range handling,10,0.0022
byte manipulation,10,0.0022
checksum calculation,10,0.0022
mergesort,10,0.0022
two pass traversal,10,0.0022
subset sum problem,10,0.0022
efficient reversal,10,0.0022
unit testing,10,0.0022
crouts algorithm,10,0.0022
array search,10,0.0022
time complexity on log n,10,0.0022
custom encoding,10,0.0022
slope analysis,10,0.0022
dice rotation,10,0.0022
bitmask optimization,10,0.0022
tensor operations,10,0.0022
balance factor,10,0.0022
maximum difference,10,0.0022
graph representation adjacency list,10,0.0022
breadth first search bfs variant,10,0.0022
associative function,10,0.0022
dictionary mapping,10,0.0022
thread safety,10,0.0022
sorted data structures,10,0.0022
gauss jordan elimination,10,0.0022
cluster detection,10,0.0022
parallel computing,10,0.0022
naive bayes,10,0.0022
grid coloring,10,0.0022
sequence optimization,10,0.0022
max min tracking,10,0.0022
complex number arithmetic,10,0.0022
monotonic arrays,10,0.0022
pivot selection,10,0.0022
double ended queue deque,10,0.0022
efficient primality testing,10,0.0022
nearest greater element,10,0.0022
context management,10,0.0022
jump game,10,0.0022
edge ordering optimization,10,0.0022
data structure validation,10,0.0022
stern brocot tree,10,0.0022
critical nodes,10,0.0022
rsa,10,0.0022
3d state tracking,10,0.0022
string representation,10,0.0022
probability simulation,10,0.0022
traveling salesman problem tsp variant,10,0.0022
data structure comparison,10,0.0022
rule based logic,10,0.0022
real time updates,10,0.0022
efficiency analysis,10,0.0022
two paths optimization,10,0.0022
ratio check,10,0.0022
circular game,10,0.0022
termination conditions,10,0.0022
zellers congruence,10,0.0022
edge contribution analysis,10,0.0022
edge redundancy,10,0.0022
dequeue,10,0.0022
incircle calculation,10,0.0022
minimum number of swaps,10,0.0022
garbage collection,10,0.0022
caesar cipher,10,0.0022
vector arithmetic,10,0.0022
limit calculation,10,0.0022
net balance calculation,10,0.0022
minimum cost calculation,10,0.0022
efficient division,10,0.0022
subsequence construction,10,0.0022
sequence checking,10,0.0022
euler tour dfs,10,0.0022
complete graph,10,0.0022
minimum path with constraints,10,0.0022
backward reasoning,10,0.0022
team formation,10,0.0022
overflow checking,10,0.0022
boolean functions,10,0.0022
circuit design,10,0.0022
card games,10,0.0022
prime number handling,10,0.0022
offsetting polygons,10,0.0022
circular permutation,10,0.0022
parabola properties,10,0.0022
four squares theorem,10,0.0022
constant time calculation,10,0.0022
jump pointer,10,0.0022
meta programming,10,0.0022
angle optimization,10,0.0022
galois theory,10,0.0022
symmetry reduction,10,0.0022
minimum time calculation,10,0.0022
dynamic programming on cycles,10,0.0022
mathematical inclusion exclusion,10,0.0022
complement sets,10,0.0022
linecontainer,10,0.0022
compressed representation,10,0.0022
multi agent movement,10,0.0022
efficient subsequence sum calculation,10,0.0022
prime number processing,10,0.0022
ordering constraints,10,0.0022
bi gram analysis,10,0.0022
mathematical expression parsing,10,0.0022
offset polygon,10,0.0022
efficient path query,10,0.0022
monotonic constraints,10,0.0022
automaton construction,10,0.0022
segment selection,10,0.0022
cyclic convolution,10,0.0022
perfect squares and cubes,10,0.0022
constraints modeling,10,0.0022
geometric properties,10,0.0022
mathematical derivations,10,0.0022
string concatenation simulation,10,0.0022
distance calculation in trees,10,0.0022
logical circuit simulation,10,0.0022
rewiring optimization,10,0.0022
radix operations,10,0.0022
non integer base,10,0.0022
variance,10,0.0022
tree building,10,0.0022
xor path,10,0.0022
path reversal,10,0.0022
gray code properties,10,0.0022
dynamic tree manipulation,10,0.0022
math lcmgcd,10,0.0022
inputoutput processing,9,0.0020
algorithm simulation,9,0.0020
difference tracking,9,0.0020
moore voting algorithm,9,0.0020
unbounded,9,0.0020
digit operations,9,0.0020
dynamic movement constraints,9,0.0020
geometric constraints,9,0.0020
spanning and independence,9,0.0020
interval removal,9,0.0020
character frequency tracking,9,0.0020
kuhns algorithm,9,0.0020
rule based transformation,9,0.0020
t9 keypad mapping,9,0.0020
three pointer technique,9,0.0020
angle handling,9,0.0020
reverse graph processing,9,0.0020
counterexamples,9,0.0020
lz78 compression,9,0.0020
strong connectivity,9,0.0020
algorithm tag 1,9,0.0020
algorithm tag 2,9,0.0020
state preparation,9,0.0020
logical consistency check,9,0.0020
grid placement,9,0.0020
prime number sieve,9,0.0020
compressed coordinates,9,0.0020
binary search on tree,9,0.0020
tree path sum,9,0.0020
formula implementation,9,0.0020
infinite loop,9,0.0020
rotation and translation,9,0.0020
polynomial equations,9,0.0020
two sum problem,9,0.0020
mathematical search,9,0.0020
kaprekars routine,9,0.0020
center of tree,9,0.0020
basin finding,9,0.0020
line and slope analysis,9,0.0020
precalculation,9,0.0020
interval manipulation,9,0.0020
grid problems,9,0.0020
distance matrix validation,9,0.0020
greedy approach,9,0.0020
eulerian graphs,9,0.0020
axis aligned polygon,9,0.0020
character comparison,9,0.0020
lexicographic sorting,9,0.0020
tail recursion optimization,9,0.0020
minimum window,9,0.0020
minimum hamming distance,9,0.0020
gcd euclidean algorithm,9,0.0020
efficient minimum query,9,0.0020
maximum weight path,9,0.0020
primality check,9,0.0020
linear algebra binary vector spaces,9,0.0020
fuel management,9,0.0020
segment operations,9,0.0020
efficient factor counting,9,0.0020
brute force with optimizations,9,0.0020
modified kruskals algorithm,9,0.0020
rotation logic,9,0.0020
folding logic,9,0.0020
square properties,9,0.0020
graph traversal dfs or bfs,9,0.0020
object construction,9,0.0020
fractal pattern matching,9,0.0020
interval optimization,9,0.0020
similarity matching,9,0.0020
leap year,9,0.0020
big integer operations,9,0.0020
np completeness,9,0.0020
kruskals algorithm or prims algorithm,9,0.0020
bitwise logic,9,0.0020
factorials and modular arithmetic,9,0.0020
next lexicographical permutation,9,0.0020
hierarchical clustering,9,0.0020
math calculation,9,0.0020
linear algebra vector spaces,9,0.0020
reflection geometry,9,0.0020
tetrahedron,9,0.0020
sieve like algorithm,9,0.0020
finite field arithmetic,9,0.0020
multiplicative order,9,0.0020
periodic sequences,9,0.0020
diagonal traversal,9,0.0020
graph copying,9,0.0020
laplace expansion,9,0.0020
invariant analysis,9,0.0020
kth element,9,0.0020
maxmin in subarray,9,0.0020
angle sorting,9,0.0020
pandas,9,0.0020
cidr notation,9,0.0020
iterative replacement,9,0.0020
asyncio,9,0.0020
large data handling,9,0.0020
multiprocessing,9,0.0020
memory manipulation,9,0.0020
hadamard matrix,9,0.0020
functools,9,0.0020
data structures defaultdict,9,0.0020
efficient selection,9,0.0020
csv processing,9,0.0020
counting subsequences,9,0.0020
concurrency control,9,0.0020
longest antichain,9,0.0020
prefix and suffix product,9,0.0020
collectionscounter,9,0.0020
similarity calculation,9,0.0020
itertoolscombinations,9,0.0020
height balancing,9,0.0020
json processing,9,0.0020
output formatting,9,0.0020
json serialization,9,0.0020
index tracking,9,0.0020
in place calculation,9,0.0020
text classification,9,0.0020
tf idf,9,0.0020
time complexity on,9,0.0020
leap year determination,9,0.0020
metaprogramming,9,0.0020
reservoir sampling,9,0.0020
non decreasing sequence,9,0.0020
cycle iteration,9,0.0020
in place update,9,0.0020
1 based indexing,9,0.0020
path processing,9,0.0020
symmetric difference,9,0.0020
deque data structure,9,0.0020
routing optimization,9,0.0020
optimal write operations,9,0.0020
circular arcs,9,0.0020
rule processing,9,0.0020
data classification,9,0.0020
checking properties,9,0.0020
cache eviction,9,0.0020
subtree enumeration,9,0.0020
performance analysis,9,0.0020
vehicle routing problem,9,0.0020
insertion with balancing,9,0.0020
heapsort,9,0.0020
priority based search,9,0.0020
submatrix search,9,0.0020
rule checking,9,0.0020
priority queue custom comparator,9,0.0020
totient function,9,0.0020
minimum swaps,9,0.0020
boolean expression evaluation,9,0.0020
basic math,9,0.0020
algorithm implementation,9,0.0020
two dimensional dp,9,0.0020
event based timing,9,0.0020
edge modification,9,0.0020
polynomial,9,0.0020
two player games,9,0.0020
transformation matrix,9,0.0020
frobenius number,9,0.0020
convexity check,9,0.0020
phonetic encoding,9,0.0020
line segment clipping,9,0.0020
time based optimization,9,0.0020
tree or graph traversal,9,0.0020
odd even analysis,9,0.0020
number bases,9,0.0020
modulo 2 arithmetic,9,0.0020
data extraction,9,0.0020
state simulation,9,0.0020
chess knight moves,9,0.0020
mathematical recurrence,9,0.0020
vowel detection,9,0.0020
state checking,9,0.0020
forest construction,9,0.0020
range iteration,9,0.0020
sector intersection,9,0.0020
ratio and proportion,9,0.0020
inverse mapping,9,0.0020
time based event processing,9,0.0020
xor optimization,9,0.0020
order preservation,9,0.0020
partial application,9,0.0020
rotation cipher,9,0.0020
cumulative distribution function,9,0.0020
efficient transformation,9,0.0020
monte carlo simulation,9,0.0020
multi source,9,0.0020
event overlap checking,9,0.0020
weighted tree,9,0.0020
spiral pattern generation,9,0.0020
analysis of polynomials,9,0.0020
math lcm and gcd,9,0.0020
snake path analysis,9,0.0020
concatenation optimization,9,0.0020
critical connections,9,0.0020
lambda calculus,9,0.0020
line segment integration,9,0.0020
concatenation handling,9,0.0020
path simulation,9,0.0020
turing machine simulation,9,0.0020
centroid of tree,9,0.0020
tree queries,9,0.0020
hexagonal grid traversal,9,0.0020
isomorphism detection,9,0.0020
binary indexed tree fenwick tree segment tree,9,0.0020
harshad number,9,0.0020
design theory,9,0.0020
k sum reconstruction,9,0.0020
greedy merging,9,0.0020
plane division by curves and lines,9,0.0020
point inclusion,9,0.0020
state analysis,9,0.0020
gauss elimination over gf2,9,0.0020
minimum cut cost,9,0.0020
cyclic numbers,9,0.0020
line triangle intersection,9,0.0020
vehicle routing problem vrp,9,0.0020
priority queue event processing,9,0.0020
decimal to fraction conversion,9,0.0020
absolute value handling,9,0.0020
minimum optimization,9,0.0020
polynomial composition,9,0.0020
dictionary order comparison,9,0.0020
multi dimensional optimization,9,0.0020
idempotent check,9,0.0020
reverse complement,9,0.0020
closure under operations,9,0.0020
state manipulation,9,0.0020
maximum xor subset,9,0.0020
wildcard replacement,9,0.0020
time travel logic,9,0.0020
xor path queries,9,0.0020
graph unification,9,0.0020
concatenation trick,8,0.0018
modified state representation,8,0.0018
lagrangian multipliers,8,0.0018
prefix suffix gcd,8,0.0018
carry handling,8,0.0018
debt consolidation,8,0.0018
custom operators,8,0.0018
efficient substitution,8,0.0018
turtle graphics,8,0.0018
multiples counting,8,0.0018
set to avoid duplicates,8,0.0018
key door logic,8,0.0018
karatsuba algorithm optional for optimization,8,0.0018
efficient pair search,8,0.0018
multi path traversal,8,0.0018
hexadecimal to binary conversion,8,0.0018
trie implicit,8,0.0018
prefix suffix or,8,0.0018
swapping operations,8,0.0018
substring overlap,8,0.0018
zero rearrangement,8,0.0018
polynomial simplification,8,0.0018
cycle processing,8,0.0018
periodic patterns,8,0.0018
max subarray sum,8,0.0018
prefix suffix manipulation,8,0.0018
mbius inversion,8,0.0018
discrete fourier transform,8,0.0018
graph complement,8,0.0018
parenthesis matching,8,0.0018
data structures tree representation,8,0.0018
cut vertices articulation points,8,0.0018
digit wise operations,8,0.0018
efficient sieve for small primes,8,0.0018
counting frequency,8,0.0018
sethash,8,0.0018
absolute value optimization,8,0.0018
efficient implementation,8,0.0018
conversion,8,0.0018
coordinate search,8,0.0018
set cover approximation,8,0.0018
set unordered set,8,0.0018
competitive programming strategy,8,0.0018
mathematical geometry,8,0.0018
mesh analysis,8,0.0018
subsequence optimization,8,0.0018
single source shortest path,8,0.0018
minimum time optimization,8,0.0018
reverse linked list,8,0.0018
sieve methods,8,0.0018
text normalization,8,0.0018
3d rotation,8,0.0018
board game,8,0.0018
integer comparison,8,0.0018
priority queue event queue,8,0.0018
custom encodingdecoding,8,0.0018
decision making,8,0.0018
cycle check,8,0.0018
modified bfsdfs,8,0.0018
satisfiability sat,8,0.0018
house robber variant,8,0.0018
similarity measurement,8,0.0018
mex minimum excludant,8,0.0018
arithmetic with large integers,8,0.0018
eulerian pathcircuit,8,0.0018
line of sight check,8,0.0018
looping and counting,8,0.0018
sparse representation,8,0.0018
dynamic state exploration,8,0.0018
cyclic data structures,8,0.0018
conditional aggregation,8,0.0018
subset,8,0.0018
plane coverage,8,0.0018
arithmetic conversion,8,0.0018
conditions,8,0.0018
sum check,8,0.0018
prime indexing,8,0.0018
set representation,8,0.0018
number to words conversion,8,0.0018
time based logic,8,0.0018
symmetry constraints,8,0.0018
sieve like processing,8,0.0018
infinite loop handling,8,0.0018
negamax algorithm,8,0.0018
level based search,8,0.0018
angle conversion,8,0.0018
fractional constraints,8,0.0018
multidimensional arrays,8,0.0018
state machine parsing,8,0.0018
multiple knapsack,8,0.0018
polygon angles,8,0.0018
multi state bfs,8,0.0018
efficient prime calculation,8,0.0018
string queries,8,0.0018
optimal search strategy,8,0.0018
dynamic state representation,8,0.0018
cyclic string,8,0.0018
maximal ratio subgraph,8,0.0018
floating point,8,0.0018
hamiltonian pathcycle,8,0.0018
adversarial input construction,8,0.0018
inradius calculation,8,0.0018
optimal assignment,8,0.0018
segment tree 2d,8,0.0018
bfs or dfs,8,0.0018
digit based processing,8,0.0018
ad hoc problem solving,8,0.0018
financial calculations,8,0.0018
adjacent swaps,8,0.0018
date formatting,8,0.0018
multi dimensional constraints,8,0.0018
hashing conceptual,8,0.0018
balanced partitioning,8,0.0018
circle covering,8,0.0018
cooldown management,8,0.0018
thread synchronization,8,0.0018
decorator,8,0.0018
function application,8,0.0018
simulation mode,8,0.0018
asynchronous programming,8,0.0018
prefix sumsuffix product,8,0.0018
conditional operations,8,0.0018
algorithm efficiency,8,0.0018
heap minmax,8,0.0018
space complexity o1,8,0.0018
chromatic number,8,0.0018
range filtering,8,0.0018
stability analysis,8,0.0018
counting subtrees,8,0.0018
descriptive statistics,8,0.0018
bioinformatics,8,0.0018
reinforcement learning,8,0.0018
data structure conversion,8,0.0018
rotation algorithms,8,0.0018
dynamic weights,8,0.0018
merge operation,8,0.0018
in order successor,8,0.0018
bisect,8,0.0018
modular programming,8,0.0018
edge case management,8,0.0018
bidirectional bfs,8,0.0018
abstract base classes,8,0.0018
ford fulkerson algorithm,8,0.0018
logic gates,8,0.0018
single pass algorithm,8,0.0018
augmented matrix,8,0.0018
chordal graphs,8,0.0018
version comparison,8,0.0018
string repetition,8,0.0018
decorators,8,0.0018
datetime manipulation,8,0.0018
data encodingdecoding,8,0.0018
running average,8,0.0018
linear interpolation,8,0.0018
minimum range query,8,0.0018
augmented data structures,8,0.0018
binary gcd,8,0.0018
constraint optimization,8,0.0018
sieve of eratosthenes optimized,8,0.0018
capacity constraints,8,0.0018
coordinate traversal,8,0.0018
subarray partition,8,0.0018
region counting,8,0.0018
heap max heap,8,0.0018
strictly increasing sequence,8,0.0018
efficient space usage,8,0.0018
data visualization,8,0.0018
minimax problem,8,0.0018
text analysis,8,0.0018
bron kerbosch algorithm,8,0.0018
longest palindromic substring,8,0.0018
data imputation,8,0.0018
early termination optimization,8,0.0018
edge analysis,8,0.0018
amortized time complexity,8,0.0018
arithmetic simulation,8,0.0018
red black tree properties,8,0.0018
data partitioning,8,0.0018
finite difference method,8,0.0018
efficient mapping,8,0.0018
substring analysis,8,0.0018
stack operations,8,0.0018
arithmetic patterns,8,0.0018
color constraints,8,0.0018
energy constraints,8,0.0018
event driven programming,8,0.0018
square subgrid,8,0.0018
iterative dfs,8,0.0018
priority based movement,8,0.0018
polynomial root finding,8,0.0018
quadtrees,8,0.0018
swap gate,8,0.0018
nim game theory,8,0.0018
matrix reconstruction,8,0.0018
sufficiency check,8,0.0018
circular logic,8,0.0018
dynamic programming on bitmasks,8,0.0018
efficient sorting analysis,8,0.0018
hash map defaultdict,8,0.0018
coordinate conversion,8,0.0018
3d coordinates,8,0.0018
max subgraph weight,8,0.0018
game of life,8,0.0018
impartial games,8,0.0018
efficient state representation,8,0.0018
mirror nodes,8,0.0018
history management,8,0.0018
encryption,8,0.0018
logarithmic functions,8,0.0018
loops and conditions,8,0.0018
modified edge processing,8,0.0018
basic algebra,8,0.0018
deletion in bst,8,0.0018
image recognition,8,0.0018
factorial and inverse factorial,8,0.0018
dynamic state update,8,0.0018
grid operations,8,0.0018
algorithm comparison,8,0.0018
unbounded search,8,0.0018
efficient prime sum calculation,8,0.0018
r tree,8,0.0018
recursive grammar parsing,8,0.0018
segment cover,8,0.0018
composite number identification,8,0.0018
vector rotation,8,0.0018
mathematical formula derivation,8,0.0018
cycle maximization,8,0.0018
antipodal points,8,0.0018
segment tree theory,8,0.0018
xor queries,8,0.0018
decimal conversion,8,0.0018
disjoint set union optional for optimization,8,0.0018
priority queue bfs optimization,8,0.0018
edge contribution,8,0.0018
cyclic groups,8,0.0018
deterministic strategy,8,0.0018
range query with updates,8,0.0018
oeis,8,0.0018
subset constraints,8,0.0018
subsequence logic,8,0.0018
xor logic,8,0.0018
max spanning tree,8,0.0018
state modeling,8,0.0018
efficient median calculation,8,0.0018
information encoding,8,0.0018
deviation calculation,8,0.0018
custom lexicographical order,8,0.0018
segment tree binary indexed tree fenwick tree,8,0.0018
recursive truncation,8,0.0018
coordinate system simulation,8,0.0018
priority queue bfs,8,0.0018
minimum diameter,8,0.0018
efficient substring comparison,8,0.0018
farthest node in tree,8,0.0018
mode query,8,0.0018
minimum area calculation,8,0.0018
erosion simulation,8,0.0018
fast travel optimization,8,0.0018
2d dynamic programming,8,0.0018
graham scan or convex hull,8,0.0018
analytical geometry,8,0.0018
non fibonacci numbers,8,0.0018
geometric counting,8,0.0018
state reconstruction,8,0.0018
two paths problem,8,0.0018
addition chains,8,0.0018
time dependent state,8,0.0018
geometric integration,8,0.0018
event based updates,8,0.0018
lcm computation,8,0.0018
digit length calculation,8,0.0018
kernel of a polygon,8,0.0018
circular dp,8,0.0018
prefix differences,8,0.0018
pipelining,8,0.0018
operator overloading,8,0.0018
edge pairing,8,0.0018
factorials and modular inverses,8,0.0018
levenshtein automaton,8,0.0018
flow network reconstruction,8,0.0018
dynamic graph analysis,8,0.0018
difference queries,8,0.0018
morse code,8,0.0018
brainfuck derivative,8,0.0018
segment tree or ordered map,8,0.0018
automata aho corasick,8,0.0018
dynamic method dispatch,8,0.0018
prefix minimum query,8,0.0018
ratio handling,8,0.0018
line and circle,8,0.0018
recursive tree traversal,8,0.0018
efficient range traversal,8,0.0018
interval union,8,0.0018
time based blocking,8,0.0018
grid based problem,8,0.0018
shape detection,8,0.0018
job assignment,8,0.0018
hill detection,8,0.0018
binary sequences,8,0.0018
plane cone intersection,8,0.0018
rule matching,8,0.0018
circle segments,8,0.0018
qubit measurement,7,0.0016
semi circle,7,0.0016
cyclic processing,7,0.0016
sat solver,7,0.0016
conditional analysis,7,0.0016
big integer comparison,7,0.0016
directional traversal,7,0.0016
cycle calculation,7,0.0016
subsequence validation,7,0.0016
data consistency checking,7,0.0016
adversarial test case construction,7,0.0016
subarray sum zero,7,0.0016
middle of linked list,7,0.0016
time based undo,7,0.0016
prefix suffix logic,7,0.0016
constraints aggregation,7,0.0016
counting triplets,7,0.0016
region labeling,7,0.0016
turns theorem,7,0.0016
bit manipulation optional,7,0.0016
subarraysubsequence,7,0.0016
stringarray manipulation,7,0.0016
ambiguity detection,7,0.0016
matrix pattern generation,7,0.0016
correct bracket sequence validation,7,0.0016
chemical formula processing,7,0.0016
brute force with bounds,7,0.0016
tetrahedron volume calculation,7,0.0016
non crossing edges,7,0.0016
multiple disjoint paths,7,0.0016
trie or hash map,7,0.0016
hadamard gate,7,0.0016
turn direction analysis,7,0.0016
prefixsuffix traversal,7,0.0016
circle,7,0.0016
combinatorial generation,7,0.0016
flow conservation,7,0.0016
least squares method,7,0.0016
week calculation,7,0.0016
derivatives,7,0.0016
outdegree constraints,7,0.0016
efficient deletion tracking,7,0.0016
dynamic constraints,7,0.0016
rolling hash rabin karp,7,0.0016
permutation groups,7,0.0016
line closest point,7,0.0016
state generation,7,0.0016
boolean function evaluation,7,0.0016
binary decision diagram bdd,7,0.0016
subnet calculation,7,0.0016
efficient digit handling,7,0.0016
flow network construction,7,0.0016
successive shortest paths,7,0.0016
convergence analysis,7,0.0016
dsu,7,0.0016
hash table dictionary,7,0.0016
minimum s t cut,7,0.0016
tree covering,7,0.0016
multiple phases,7,0.0016
euler method,7,0.0016
logic processing,7,0.0016
divisor sum calculation,7,0.0016
overflow detection,7,0.0016
satisfiability,7,0.0016
vector cross product,7,0.0016
line point relations,7,0.0016
minimum window substring,7,0.0016
subsequence differences,7,0.0016
custom comparators,7,0.0016
permutation constraints,7,0.0016
weighted interval scheduling,7,0.0016
set for deduplication,7,0.0016
stack queue,7,0.0016
overlap calculation,7,0.0016
right and left view,7,0.0016
subarraysubsequence problems,7,0.0016
modulo constraints,7,0.0016
range propagation,7,0.0016
implication logic,7,0.0016
string splitting,7,0.0016
state based search,7,0.0016
priority queue scheduling,7,0.0016
object oriented programming oop,7,0.0016
interval logic,7,0.0016
inverse modulo,7,0.0016
tree and cactus graphs,7,0.0016
merge strategy,7,0.0016
rectangle enumeration,7,0.0016
set comparison,7,0.0016
spanning tree properties,7,0.0016
efficient storage,7,0.0016
horners method,7,0.0016
suffix generation,7,0.0016
efficient index tracking,7,0.0016
mathematical induction,7,0.0016
newtons identities,7,0.0016
diagonal processing,7,0.0016
counting consecutive elements,7,0.0016
algorithms input validation,7,0.0016
mapping functions,7,0.0016
game rules validation,7,0.0016
bounding box,7,0.0016
frequencies map,7,0.0016
compression algorithm,7,0.0016
observation based optimization,7,0.0016
arborescence,7,0.0016
partition counting,7,0.0016
interval operations,7,0.0016
maximum weight bipartite matching,7,0.0016
segmentation optimization,7,0.0016
calendar system,7,0.0016
custom graph construction,7,0.0016
flood fill algorithm,7,0.0016
circle geometry,7,0.0016
conditional constraints,7,0.0016
bulls and cows,7,0.0016
partial pivoting,7,0.0016
inverted index,7,0.0016
swapping elements,7,0.0016
list reversal,7,0.0016
quartile calculation,7,0.0016
booths algorithm,7,0.0016
minimum coverage,7,0.0016
submatrix processing,7,0.0016
command line argument parsing,7,0.0016
boolean array manipulation,7,0.0016
context manager,7,0.0016
binary parsing,7,0.0016
row echelon form,7,0.0016
numpy usage,7,0.0016
low level programming,7,0.0016
postfix evaluation,7,0.0016
zigzag pattern,7,0.0016
region checking,7,0.0016
factorial and inverses,7,0.0016
series expansion,7,0.0016
8 puzzle problem,7,0.0016
data anonymization,7,0.0016
value iteration,7,0.0016
ford fulkerson method,7,0.0016
hashing implicit,7,0.0016
balancing,7,0.0016
csv handling,7,0.0016
file processing,7,0.0016
generator functions,7,0.0016
range optimization,7,0.0016
cyk algorithm,7,0.0016
expression validation,7,0.0016
design data structure,7,0.0016
padding technique,7,0.0016
resizing strategies,7,0.0016
time dependent graph,7,0.0016
probability distribution,7,0.0016
subtree operations,7,0.0016
infinite loop detection,7,0.0016
queue manipulation,7,0.0016
circle equation,7,0.0016
array implementation,7,0.0016
statistics calculation,7,0.0016
range operations,7,0.0016
symmetry counting,7,0.0016
priority queue heapq,7,0.0016
inverse permutation,7,0.0016
two pass optimization,7,0.0016
mathematical number theory,7,0.0016
unitary transformations,7,0.0016
linked list reversal,7,0.0016
decimal module,7,0.0016
order of element,7,0.0016
hash collision handling,7,0.0016
grid based search,7,0.0016
balanced binary tree,7,0.0016
counting distinct elements,7,0.0016
harmonic series,7,0.0016
data structure union find disjoint set union,7,0.0016
multi threading,7,0.0016
range maximum query rmq,7,0.0016
spatial indexing,7,0.0016
arithmetic parsing,7,0.0016
graph exploration,7,0.0016
bottleneck edge,7,0.0016
dynamic weight adjustment,7,0.0016
calendar operations,7,0.0016
cooling schedule,7,0.0016
binary function,7,0.0016
matrix transpose,7,0.0016
fast doubling,7,0.0016
ordered map,7,0.0016
probability modeling,7,0.0016
randomness,7,0.0016
time interval overlap,7,0.0016
pytorch,7,0.0016
efficient minimum calculation,7,0.0016
divisibility queries,7,0.0016
circular structures,7,0.0016
regular polygon properties,7,0.0016
ratio constraints,7,0.0016
efficient minmax tracking,7,0.0016
data structure deque,7,0.0016
magic square construction,7,0.0016
prefix,7,0.0016
hamming code,7,0.0016
probability and statistics,7,0.0016
set analysis,7,0.0016
translation,7,0.0016
string substring search,7,0.0016
map or dictionary,7,0.0016
iterative generation,7,0.0016
arithmetic manipulation,7,0.0016
binary grid,7,0.0016
quantum measurement,7,0.0016
bishop movement,7,0.0016
intersection,7,0.0016
binary file handling,7,0.0016
path selection,7,0.0016
point line relations,7,0.0016
time range query,7,0.0016
prefix maximum tracking,7,0.0016
maximal clique enumeration,7,0.0016
frequent elements,7,0.0016
macro expansion,7,0.0016
cube rotations,7,0.0016
elastic collision,7,0.0016
subarray reversal,7,0.0016
comparison analysis,7,0.0016
point in triangle check,7,0.0016
ancestor check,7,0.0016
matrix partitioning,7,0.0016
vowel replacement,7,0.0016
data structures mapshash tables,7,0.0016
dynamic graph handling,7,0.0016
markov decision process,7,0.0016
efficient maxmin tracking,7,0.0016
segment tree or heavy light decomposition hld,7,0.0016
integer operations,7,0.0016
polygon perimeter,7,0.0016
run analysis,7,0.0016
event tracking,7,0.0016
counting patterns,7,0.0016
reverse in order traversal,7,0.0016
efficient update handling,7,0.0016
sparse matrix representation,7,0.0016
hash functions,7,0.0016
local minimum,7,0.0016
domain parsing,7,0.0016
indentation logic,7,0.0016
geometric distance calculation,7,0.0016
tie handling,7,0.0016
padding and alignment,7,0.0016
translation invariance,7,0.0016
binary encoding,7,0.0016
array lookup,7,0.0016
integer coordinates,7,0.0016
2 edge connected components,7,0.0016
polygon inequality,7,0.0016
change making problem,7,0.0016
uniform cost search dijkstras algorithm,7,0.0016
lcm and product analysis,7,0.0016
adjoint and controlled operations,7,0.0016
berserk spell,7,0.0016
polynomial summation,7,0.0016
counting edges in shortest paths,7,0.0016
nim like games,7,0.0016
meeting point optimization,7,0.0016
function currying,7,0.0016
bitset optimization,7,0.0016
math pattern,7,0.0016
critical elements analysis,7,0.0016
bitmask techniques,7,0.0016
enumeration of subarrays,7,0.0016
recursive tree construction,7,0.0016
chemical stoichiometry,7,0.0016
or subarray counting,7,0.0016
cycle properties,7,0.0016
convex polygon construction,7,0.0016
adjacency and color based movement,7,0.0016
power sequence,7,0.0016
square root manipulation,7,0.0016
visibility algorithms,7,0.0016
heuristic search a algorithm,7,0.0016
heaviest node tracking,7,0.0016
subset processing,7,0.0016
union find with color constraints,7,0.0016
gcd coprime,7,0.0016
edge contribution calculation,7,0.0016
prefix replication,7,0.0016
range queries and updates,7,0.0016
substring manipulation,7,0.0016
plane cylinder intersection,7,0.0016
communication complexity,7,0.0016
efficient difference array,7,0.0016
efficient subsequence counting,7,0.0016
lattice basis reduction,7,0.0016
state compression bitmasking,7,0.0016
big exponentiation,7,0.0016
recursive function parsing,7,0.0016
iterative sequence generation,7,0.0016
subset properties,7,0.0016
cube rotation logic,7,0.0016
bounded,7,0.0016
affine transformations,7,0.0016
maximum edge in mst,7,0.0016
subarray maximums,7,0.0016
efficient range counting,7,0.0016
parabolic motion,7,0.0016
flow reconstruction,7,0.0016
efficient lis with binary search,7,0.0016
pells equation,7,0.0016
mathematical sequence generation,7,0.0016
euler tour technique,7,0.0016
minimum edge cover,7,0.0016
maximum cardinality matching,7,0.0016
backward simulation,7,0.0016
operational transformation,7,0.0016
line search,7,0.0016
tree hashing,7,0.0016
reverse trie,7,0.0016
recursive pattern matching,7,0.0016
segment tree or sliding window,7,0.0016
optimal search trees,7,0.0016
arithmetic expression analysis,7,0.0016
cut vertex bridge detection,7,0.0016
line collinearity,7,0.0016
minimum saturated edges,7,0.0016
snells law,7,0.0016
plane cutting,7,0.0016
segment tree or binary search,7,0.0016
segment tree or interval tree,7,0.0016
matrix matching,7,0.0016
algorithms operator overloading,7,0.0016
dag coloring,7,0.0016
event logging,7,0.0016
mixed discrete continuous optimization,7,0.0016
2d range overlap,7,0.0016
polynomial identity,7,0.0016
prefix sum constraints,7,0.0016
friendship graph,7,0.0016
prefix and suffix manipulation,7,0.0016
difference sequences,7,0.0016
exponential generating functions,7,0.0016
simulation with state tracking,7,0.0016
prefix update,7,0.0016
line and point distance,7,0.0016
edge capacity updates,7,0.0016
efficient lis computation,7,0.0016
dag construction,7,0.0016
perfect binary tree traversal,7,0.0016
arithmetic progression avoidance,7,0.0016
erdos szekeres theorem,6,0.0013
eulerian pathtour,6,0.0013
dynamic grid processing,6,0.0013
minimum weight maximum matching,6,0.0013
in place doubly linked list construction,6,0.0013
dynamic movement cost,6,0.0013
prefix and suffix check,6,0.0013
xor subarray,6,0.0013
unique circle check,6,0.0013
subset optimization,6,0.0013
complement graph handling,6,0.0013
knigs theorem,6,0.0013
dice simulation,6,0.0013
line segment coverage,6,0.0013
sap shortest augmenting path,6,0.0013
2d prefix hashing,6,0.0013
even odd analysis,6,0.0013
board game logic,6,0.0013
moores voting algorithm,6,0.0013
resource conversion,6,0.0013
sos dp,6,0.0013
minimal enclosing circle,6,0.0013
angular sweep,6,0.0013
bitmask manipulation,6,0.0013
cryptanalysis,6,0.0013
time based operations,6,0.0013
event driven parsing,6,0.0013
structure comparison,6,0.0013
basic algorithms,6,0.0013
calendar algorithms,6,0.0013
hashing character counting,6,0.0013
binary counting,6,0.0013
minimum path calculation,6,0.0013
recurring decimals,6,0.0013
houses robber problem variant,6,0.0013
merge sort for offline processing,6,0.0013
constraints filtering,6,0.0013
arithmetic logic,6,0.0013
event driven processing,6,0.0013
dictionary based compression,6,0.0013
conditional execution,6,0.0013
instant runoff voting,6,0.0013
combination optimization,6,0.0013
efficient divisor counting,6,0.0013
bowling scoring logic,6,0.0013
grid based algorithms,6,0.0013
permutations with restrictions,6,0.0013
string substring check,6,0.0013
chu liuedmonds algorithm,6,0.0013
greedy for optimization,6,0.0013
substrings counting,6,0.0013
rerooting,6,0.0013
cryptarithmetic puzzle,6,0.0013
sieve method,6,0.0013
multi dimensional state space,6,0.0013
multiples processing,6,0.0013
iteratorsgenerators,6,0.0013
period detection,6,0.0013
efficient flipping,6,0.0013
grid path analysis,6,0.0013
event based algorithms,6,0.0013
de casteljaus algorithm,6,0.0013
absolute value properties,6,0.0013
chess piece movement,6,0.0013
impossibility check,6,0.0013
prefix suffix minimum,6,0.0013
maximizing bridges,6,0.0013
k ary tree,6,0.0013
efficient pairwise comparison,6,0.0013
bezier curves,6,0.0013
squares,6,0.0013
two sum variant,6,0.0013
depth limited search,6,0.0013
recursive enumeration,6,0.0013
circle placement,6,0.0013
data construction,6,0.0013
multi source bfs or dijkstra,6,0.0013
unification,6,0.0013
tracking state,6,0.0013
symmetry properties,6,0.0013
transformation tracking,6,0.0013
clique problem,6,0.0013
immutability,6,0.0013
math fraction arithmetic,6,0.0013
discrete mathematics,6,0.0013
multi layer bfs,6,0.0013
squares counting,6,0.0013
frequency tracking,6,0.0013
even degree check,6,0.0013
cache replacement,6,0.0013
maphash map,6,0.0013
hashing for state representation,6,0.0013
segment circle intersection,6,0.0013
math power check,6,0.0013
subarray maximum,6,0.0013
sat solving,6,0.0013
cyclic analysis,6,0.0013
amicable numbers,6,0.0013
precision control,6,0.0013
array reduction,6,0.0013
coordinate constraints,6,0.0013
efficient maximum calculation,6,0.0013
number system conversion,6,0.0013
substring selection,6,0.0013
suffix and prefix analysis,6,0.0013
inputoutput,6,0.0013
tree and cycle detection,6,0.0013
character matching,6,0.0013
pattern filling,6,0.0013
bowling scoring,6,0.0013
math logic,6,0.0013
topological graph,6,0.0013
probabilistic methods,6,0.0013
loop invariant,6,0.0013
hashing for state tracking,6,0.0013
date comparison,6,0.0013
divisors and gcd,6,0.0013
dictionary construction,6,0.0013
andrews monotone chain algorithm,6,0.0013
graph reconfiguration,6,0.0013
conversion algorithms,6,0.0013
big o analysis,6,0.0013
minimum spanning tree optional,6,0.0013
integer lattice points,6,0.0013
subarray properties,6,0.0013
adversarial test case,6,0.0013
chebyshev distance,6,0.0013
constraint search,6,0.0013
tournament analysis,6,0.0013
geospatial data handling,6,0.0013
debug logging,6,0.0013
merge operations,6,0.0013
identity matrix,6,0.0013
integer solutions,6,0.0013
big o optimization,6,0.0013
fibonacci search,6,0.0013
dynamic state management,6,0.0013
rectangle clipping,6,0.0013
integer sorting,6,0.0013
counting frequency map,6,0.0013
subgrid search,6,0.0013
list partitioning,6,0.0013
prefix maximumminimum,6,0.0013
checksum validation,6,0.0013
data structures graph representation,6,0.0013
binary search variant,6,0.0013
rsa cryptosystem,6,0.0013
multiple pattern matching,6,0.0013
math library,6,0.0013
max min optimization,6,0.0013
binary tournament,6,0.0013
line and point operations,6,0.0013
sieve like technique,6,0.0013
state transformation,6,0.0013
prefix suffix technique,6,0.0013
data structure heap,6,0.0013
backpropagation,6,0.0013
json handling,6,0.0013
cache eviction policy,6,0.0013
data clustering,6,0.0013
missing data handling,6,0.0013
integer optimization,6,0.0013
python functions,6,0.0013
min heap priority queue,6,0.0013
rotation generation,6,0.0013
missing value imputation,6,0.0013
metaheuristics,6,0.0013
unordered data processing,6,0.0013
hashing alternative approach,6,0.0013
string normalization,6,0.0013
board manipulation,6,0.0013
integer multiplication,6,0.0013
tree to list conversion,6,0.0013
simplex method,6,0.0013
information entropy,6,0.0013
precision arithmetic,6,0.0013
efficient text processing,6,0.0013
nested lists,6,0.0013
random walk,6,0.0013
traversing from right to left,6,0.0013
elias gamma coding,6,0.0013
sequence transformation,6,0.0013
efficient maximum query,6,0.0013
operator module,6,0.0013
transformation simulation,6,0.0013
function design,6,0.0013
xml generation,6,0.0013
distinct elements,6,0.0013
quadruple sum,6,0.0013
counting characters,6,0.0013
sieve of eratosthenes optional optimization,6,0.0013
misra gries algorithm,6,0.0013
unicode normalization,6,0.0013
date and time processing,6,0.0013
event management,6,0.0013
linked list cycle detection,6,0.0013
crouts method,6,0.0013
sorting analysis,6,0.0013
path uniqueness,6,0.0013
efficient time complexity,6,0.0013
polygon validation,6,0.0013
itertools usage,6,0.0013
z score normalization,6,0.0013
dynamic obstacle handling,6,0.0013
union by sizerank,6,0.0013
data integrity,6,0.0013
transpose,6,0.0013
multi string processing,6,0.0013
time dependent edges,6,0.0013
squares in binary matrix,6,0.0013
weighted union,6,0.0013
file system traversal,6,0.0013
in place transposition,6,0.0013
dynamic programming implicit,6,0.0013
json conversion,6,0.0013
double hashing,6,0.0013
time range filtering,6,0.0013
pairing strategy,6,0.0013
efficient matching,6,0.0013
facility location,6,0.0013
visited state tracking,6,0.0013
stability,6,0.0013
tetris game logic,6,0.0013
case sensitivity handling,6,0.0013
edge replacement analysis,6,0.0013
palindrome subsequence,6,0.0013
real time data processing,6,0.0013
time interval calculation,6,0.0013
clustering algorithms,6,0.0013
deletion with balancing,6,0.0013
data structure augmentation,6,0.0013
boolean operations,6,0.0013
rabin miller primality test,6,0.0013
multi level traversal,6,0.0013
boundary conditions,6,0.0013
syntax checking,6,0.0013
dictionary search,6,0.0013
self modifying code,6,0.0013
interval decomposition,6,0.0013
integer handling,6,0.0013
line checking,6,0.0013
array query processing,6,0.0013
comparison algorithms,6,0.0013
punctuation handling,6,0.0013
hash map counter,6,0.0013
geospatial calculation,6,0.0013
zigzag sequence,6,0.0013
balanced data structures,6,0.0013
merge sorted lists,6,0.0013
parallel algorithm,6,0.0013
prime gaps,6,0.0013
min max tracking,6,0.0013
2d range maximum query,6,0.0013
median point,6,0.0013
top view,6,0.0013
leaf node identification,6,0.0013
overlap check,6,0.0013
digit generation,6,0.0013
squares in matrix,6,0.0013
negative base,6,0.0013
nearest element search,6,0.0013
brainfuck like,6,0.0013
graph decomposition,6,0.0013
prefix generation,6,0.0013
four color theorem,6,0.0013
sign tracking,6,0.0013
circular distance calculation,6,0.0013
prefixsuffix minmax,6,0.0013
tetrahedron properties,6,0.0013
diffie hellman,6,0.0013
multi pointer technique,6,0.0013
symbolic differentiation,6,0.0013
boolean array,6,0.0013
softmax regression,6,0.0013
binets formula,6,0.0013
efficient range operations,6,0.0013
itertoolsgroupby,6,0.0013
python datetime module,6,0.0013
case normalization,6,0.0013
multiples generation,6,0.0013
bounded search,6,0.0013
string simulation,6,0.0013
lru cache simulation,6,0.0013
bit counting,6,0.0013
nim game variants,6,0.0013
graph search,6,0.0013
line and geometry,6,0.0013
max min finding,6,0.0013
inradius formula,6,0.0013
cube roots,6,0.0013
bitmask operations,6,0.0013
state tracking with bitmask,6,0.0013
verification,6,0.0013
fractional calculations,6,0.0013
digit positioning,6,0.0013
rsa encryption,6,0.0013
bubble sort simulation,6,0.0013
priority queue best first search,6,0.0013
greedy techniques,6,0.0013
tree generation,6,0.0013
data decoding,6,0.0013
cipher algorithms,6,0.0013
digit properties,6,0.0013
subgraph construction,6,0.0013
balance check,6,0.0013
inequality,6,0.0013
gcd and coprimality,6,0.0013
segment tree concepts,6,0.0013
problem specific logic,6,0.0013
term rewriting,6,0.0013
mathsqrt,6,0.0013
prefix and suffix minima,6,0.0013
3d knapsack problem,6,0.0013
haiku validation,6,0.0013
maximize area,6,0.0013
adjacency representation,6,0.0013
mathematical formula implementation,6,0.0013
data structure update,6,0.0013
hashing for cycle detection,6,0.0013
integer points,6,0.0013
tree centroid finding,6,0.0013
domain validation,6,0.0013
path properties,6,0.0013
bottom up,6,0.0013
top down,6,0.0013
compression handling,6,0.0013
infinite sequence generation,6,0.0013
time distance calculation,6,0.0013
splitting and joining,6,0.0013
suffix minimummaximum,6,0.0013
edit distance levenshtein distance,6,0.0013
rectangle packing,6,0.0013
tree canonicalization,6,0.0013
optimized space,6,0.0013
3d bfs position floor switch states,6,0.0013
classical preprocessing,6,0.0013
tournament strategy,6,0.0013
efficient maxmin calculation,6,0.0013
cursor management,6,0.0013
efficient connectivity,6,0.0013
optimal play simulation,6,0.0013
garland state management,6,0.0013
trajectory optimization,6,0.0013
string properties,6,0.0013
quines,6,0.0013
critical node detection,6,0.0013
palindromic substrings,6,0.0013
cycles,6,0.0013
canonical hashing,6,0.0013
counting techniques,6,0.0013
formal languages,6,0.0013
tensor manipulation,6,0.0013
minimum cost maximum matching,6,0.0013
set equality,6,0.0013
graph state transition,6,0.0013
high precision calculation,6,0.0013
line projections,6,0.0013
polyhedron surface area,6,0.0013
optimization with data structures,6,0.0013
subgrids,6,0.0013
balanced assignment,6,0.0013
line segment proximity,6,0.0013
palindrome variants,6,0.0013
lazy propagation conceptual,6,0.0013
critical element detection,6,0.0013
heap structure,6,0.0013
dynamic string construction,6,0.0013
custom lexicographical comparison,6,0.0013
time expanded graph,6,0.0013
parsing and grammar,6,0.0013
mahjong rules simulation,6,0.0013
basis construction xor,6,0.0013
minimum diameter of tree,6,0.0013
edge contribution in shortest paths,6,0.0013
lcm properties,6,0.0013
maze rotation,6,0.0013
minimum xor value,6,0.0013
math gcd and lcm,6,0.0013
garland state tracking,6,0.0013
efficient subtree queries,6,0.0013
infinite maze detection,6,0.0013
contribution counting,6,0.0013
morton order z order,6,0.0013
energy simulation,6,0.0013
efficient prefix sum,6,0.0013
minimization of boolean expressions,6,0.0013
multi agent path finding,6,0.0013
mean,6,0.0013
permutation lexicography,6,0.0013
priority queue multi source bfs,6,0.0013
canonical tree hashing,6,0.0013
graph compression,6,0.0013
profit maximization,6,0.0013
dynamic programming on components,6,0.0013
maximin problem,6,0.0013
prefix and suffix distances,6,0.0013
coordinate generation,6,0.0013
hilbert curve,6,0.0013
sieve prime factorization,6,0.0013
data propagation,6,0.0013
edge subdivision,6,0.0013
successive shortest path algorithm,6,0.0013
even odd rule,6,0.0013
monotonicity,6,0.0013
minimum and maximum queries,6,0.0013
linear algebra binary field,6,0.0013
minimum area,6,0.0013
motion physics,6,0.0013
logarithms in modular arithmetic,6,0.0013
spiral matrix analysis,6,0.0013
catalan parenthesization,6,0.0013
delaunay triangulation,6,0.0013
welzls algorithm,6,0.0013
center of mass,6,0.0013
xor grind,6,0.0013
dynamic method resolution,6,0.0013
exponential sequence generation,6,0.0013
leaf processing,6,0.0013
topological concepts,6,0.0013
kinship relations,6,0.0013
optimal merge pattern,6,0.0013
tree distance calculation,6,0.0013
event based analysis,6,0.0013
exponential notation,6,0.0013
low link cut tree lct,6,0.0013
tree level processing,6,0.0013
dynamic programming knapsack,6,0.0013
kth shortest path,6,0.0013
ascii processing,6,0.0013
modular subset sum,6,0.0013
matching in graphs,6,0.0013
round number check,6,0.0013
data structures queuedeque,6,0.0013
algorithms greatest common divisor gcd,6,0.0013
canonical tree labeling,6,0.0013
recursive encoding,6,0.0013
ray object intersection,6,0.0013
greedy assignment,6,0.0013
self referential programs,6,0.0013
non adjacent selection,6,0.0013
multi level constraints,6,0.0013
friendship graph validation,6,0.0013
breadth first search bfs depth first search dfs,6,0.0013
priority queue event based processing,6,0.0013
tournament sorting,6,0.0013
state search,6,0.0013
tree path manipulation,6,0.0013
priority queue multi set,6,0.0013
factoradic,6,0.0013
counting submatrices,6,0.0013
merge process analysis,6,0.0013
efficient string concatenation simulation,6,0.0013
efficient geometry processing,6,0.0013
set inclusion,6,0.0013
bitmap comparison,6,0.0013
genetic inheritance,6,0.0013
lexicographical path finding,6,0.0013
genetic code translation,6,0.0013
maze problems,5,0.0011
string overlap,5,0.0011
efficient pair selection,5,0.0011
greaph coloring,5,0.0011
middle of list,5,0.0011
net flow debt consolidation,5,0.0011
backtracking for small constraints,5,0.0011
simulation of multiplication,5,0.0011
equality and inequality constraints,5,0.0011
bdd,5,0.0011
hash map adjacency list,5,0.0011
wilson prime,5,0.0011
prime number testing,5,0.0011
even degree,5,0.0011
multi query processing,5,0.0011
date and time calculation,5,0.0011
mirror check,5,0.0011
fixed point,5,0.0011
data separation,5,0.0011
least squares regression,5,0.0011
mesh size calculation,5,0.0011
maze analysis,5,0.0011
grid paths,5,0.0011
linear inequalities,5,0.0011
wall breaking with limited uses,5,0.0011
matrix minimum,5,0.0011
efficient range calculation,5,0.0011
prefix manipulation,5,0.0011
linked list or gap buffer,5,0.0011
axis aligned polygons,5,0.0011
path query in tree,5,0.0011
rolling die simulation,5,0.0011
symmetry breaking,5,0.0011
fraction conversion,5,0.0011
subtree sum counting,5,0.0011
tree recursion,5,0.0011
custom number system,5,0.0011
subsequence selection,5,0.0011
euler totient,5,0.0011
re rooting,5,0.0011
steganography,5,0.0011
index handling,5,0.0011
dfs and similar,5,0.0011
edmonds algorithm,5,0.0011
constraint analysis,5,0.0011
semi circle analysis,5,0.0011
pollards algorithm,5,0.0011
strategy simulation,5,0.0011
matrix addition,5,0.0011
handling large numbers,5,0.0011
dynamic programming optional,5,0.0011
chessboard pattern,5,0.0011
bit manipulation alternative,5,0.0011
turn direction detection,5,0.0011
loop traversal,5,0.0011
stack or shunting yard algorithm,5,0.0011
maze representation,5,0.0011
pixel analysis,5,0.0011
similarity comparison,5,0.0011
distinct substring counting,5,0.0011
wqs binary search convex hull trick,5,0.0011
mathematical factorization,5,0.0011
lz78,5,0.0011
direction tracking,5,0.0011
hit point management,5,0.0011
mathematical,5,0.0011
sum over subsets dp,5,0.0011
stirlings approximation,5,0.0011
queue management,5,0.0011
disc overlap detection,5,0.0011
interval placement,5,0.0011
simultaneous movement,5,0.0011
graph traversal dijkstras algorithm,5,0.0011
string to integer conversion,5,0.0011
coordinate plane,5,0.0011
leaf manipulation,5,0.0011
automata aho corasick or kmp,5,0.0011
maximum element tracking,5,0.0011
leaf node manipulation,5,0.0011
data structures linked lists,5,0.0011
event driven simulation,5,0.0011
longest path with constraints,5,0.0011
maximum path,5,0.0011
right and left view of tree,5,0.0011
disappearance detection,5,0.0011
greedy optional optimization,5,0.0011
path length calculation,5,0.0011
minimum path sum,5,0.0011
graph modeling,5,0.0011
prefix data structures,5,0.0011
segment search,5,0.0011
multigraph handling,5,0.0011
forest properties,5,0.0011
pairing,5,0.0011
edge usage analysis,5,0.0011
rotation of coordinates,5,0.0011
edge cuts,5,0.0011
dynamic programming with bitmasking,5,0.0011
character array,5,0.0011
segment reversal optimization,5,0.0011
legendre symbol,5,0.0011
path consistency check,5,0.0011
level based traversal,5,0.0011
combinatorics on words,5,0.0011
topological properties,5,0.0011
board game simulation,5,0.0011
multiple criteria sorting,5,0.0011
integer grid points,5,0.0011
time intervals,5,0.0011
constant space optimization,5,0.0011
merge process simulation,5,0.0011
game tree,5,0.0011
maximal clique,5,0.0011
mapping dictionaryhash table,5,0.0011
comparison based algorithms,5,0.0011
minimum cost adjustment,5,0.0011
case insensitive comparison,5,0.0011
efficient substring generation,5,0.0011
grenerative algorithm,5,0.0011
recursive comparison,5,0.0011
convex path check,5,0.0011
suffix comparison,5,0.0011
even odd parity,5,0.0011
minimum maximum flow,5,0.0011
polynomial construction,5,0.0011
priority queue or sorting,5,0.0011
time complexity constant or linear,5,0.0011
net flow debt balancing,5,0.0011
object inspection,5,0.0011
rolling cube simulation,5,0.0011
prefix suffix sum,5,0.0011
truth table analysis,5,0.0011
time based state,5,0.0011
constraints satisfying,5,0.0011
optimal resource management,5,0.0011
logarithm,5,0.0011
binary search variants,5,0.0011
convergence criteria,5,0.0011
efficient power computation,5,0.0011
optimized algorithms,5,0.0011
parallel sorting,5,0.0011
binomial heap,5,0.0011
energy management,5,0.0011
min max scaling,5,0.0011
dynamic obstacles,5,0.0011
karatsuba multiplication,5,0.0011
mathematical approximation,5,0.0011
chaining,5,0.0011
interpolation,5,0.0011
string similarity,5,0.0011
triangle geometry,5,0.0011
manual memory management,5,0.0011
two dimensional grid,5,0.0011
time based filtering,5,0.0011
concatenation check,5,0.0011
prefix sumsuffix sum,5,0.0011
public key cryptography,5,0.0011
exponential time algorithm,5,0.0011
line tracing,5,0.0011
calendar system handling,5,0.0011
mathematical inverse,5,0.0011
maximum calculation,5,0.0011
prefix and suffix comparison,5,0.0011
swapping nodes,5,0.0011
efficient state updates,5,0.0011
load factor calculation,5,0.0011
rate limiting,5,0.0011
topological data analysis,5,0.0011
neural networks,5,0.0011
protocol oriented programming,5,0.0011
degree check,5,0.0011
minimum and maximum,5,0.0011
memory profiling,5,0.0011
multi pattern search,5,0.0011
heap using heapq,5,0.0011
minimum and maximum tracking,5,0.0011
uniform cost search,5,0.0011
multi source bfsshortest path,5,0.0011
efficient sieve algorithms,5,0.0011
triplets counting,5,0.0011
quad tree,5,0.0011
prefix suffix minmax,5,0.0011
pentagonal numbers,5,0.0011
cut vertices,5,0.0011
parsing input,5,0.0011
population based optimization,5,0.0011
data structure management,5,0.0011
min max normalization,5,0.0011
minimize write operations,5,0.0011
modulus operation,5,0.0011
integer representation,5,0.0011
row operations,5,0.0011
context managers,5,0.0011
conditional probability,5,0.0011
in place marking,5,0.0011
percentile calculation,5,0.0011
finite state automata,5,0.0011
time and motion analysis,5,0.0011
large number multiplication,5,0.0011
elias delta coding,5,0.0011
integer overflow check,5,0.0011
ipv6,5,0.0011
exponential distribution,5,0.0011
transposition,5,0.0011
newtons method,5,0.0011
unordered data structures,5,0.0011
suffix check,5,0.0011
numpy optimization,5,0.0011
maximum and minimum tracking,5,0.0011
dynamic cost calculation,5,0.0011
efficient maximum and minimum tracking,5,0.0011
timezone conversion,5,0.0011
color space conversion,5,0.0011
graph simulation,5,0.0011
rejection sampling,5,0.0011
frequency counter,5,0.0011
subarray search,5,0.0011
2d fenwick tree,5,0.0011
lower triangular matrix,5,0.0011
probabilistic algorithm,5,0.0011
deadlock avoidance,5,0.0011
exchange sort,5,0.0011
sympy,5,0.0011
counting operations,5,0.0011
minimum maximum optimization,5,0.0011
sparse matrix multiplication,5,0.0011
otsus method,5,0.0011
order finding,5,0.0011
insertion algorithm,5,0.0011
subarray check,5,0.0011
data indexing,5,0.0011
type hints,5,0.0011
deque monotonic queue,5,0.0011
grammar validation,5,0.0011
centrality measure,5,0.0011
rotation matrices,5,0.0011
2d prefix maximum,5,0.0011
mersenne primes,5,0.0011
glob pattern matching,5,0.0011
round robin,5,0.0011
modular multiplicative inverse,5,0.0011
timsort,5,0.0011
substring handling,5,0.0011
pivot optimization,5,0.0011
product computation,5,0.0011
two processor scheduling,5,0.0011
scalar multiplication,5,0.0011
iterative deepening,5,0.0011
optimal writes,5,0.0011
relaxation technique,5,0.0011
bottleneck problem,5,0.0011
sparse data structures,5,0.0011
manhattan distance heuristic,5,0.0011
constraint satisfaction problem csp,5,0.0011
bounded depth search,5,0.0011
python re module,5,0.0011
greedy algorithm if applicable,5,0.0011
neighborhood search,5,0.0011
md5,5,0.0011
data structures arrayslists,5,0.0011
time and space complexity analysis,5,0.0011
recursive replacement,5,0.0011
while loop,5,0.0011
rotation algorithm,5,0.0011
dynamic grid,5,0.0011
iterative simulation,5,0.0011
character validation,5,0.0011
kth largest element,5,0.0011
adaptive sorting,5,0.0011
cycle intersection,5,0.0011
prefix suffix minima,5,0.0011
oeis sequence,5,0.0011
exponentiation modulo,5,0.0011
modeling constraints,5,0.0011
pi calculation,5,0.0011
instruction sequencing,5,0.0011
win condition checking,5,0.0011
iterative enumeration,5,0.0011
periodic structures,5,0.0011
endianness conversion,5,0.0011
sedgewick gap sequence,5,0.0011
merge sort merge step,5,0.0011
type handling,5,0.0011
character frequency matching,5,0.0011
arithmetic progression check,5,0.0011
efficient maximumminimum tracking,5,0.0011
code optimization,5,0.0011
fitness evaluation,5,0.0011
toroidal grid,5,0.0011
minimum maximum path,5,0.0011
geospatial distance calculation,5,0.0011
bijection mapping,5,0.0011
polygon decomposition,5,0.0011
parentheses balancing,5,0.0011
key value storage,5,0.0011
3 coloring,5,0.0011
integer points on line,5,0.0011
tuples as state representation,5,0.0011
circular data,5,0.0011
mathematical divisibility,5,0.0011
game strategy,5,0.0011
net flow,5,0.0011
water trapping,5,0.0011
row comparison,5,0.0011
dynamic path finding,5,0.0011
arithmetic functions,5,0.0011
tree centers,5,0.0011
recursive memoization,5,0.0011
priority queue treeset,5,0.0011
multi dimensional state,5,0.0011
wall breaking with limited resources,5,0.0011
factorial optimization,5,0.0011
wall breaking constraints,5,0.0011
efficient array generation,5,0.0011
character substitution,5,0.0011
data structure string,5,0.0011
fleurys algorithm,5,0.0011
next prime,5,0.0011
list comprehensions,5,0.0011
valid parentheses,5,0.0011
http requests,5,0.0011
reverse algorithm,5,0.0011
file system operations,5,0.0011
optimal search,5,0.0011
rational number handling,5,0.0011
dynamic set operations,5,0.0011
basic arithmetic operations,5,0.0011
cycle detection in dag,5,0.0011
bogo sort,5,0.0011
recursive breakdown,5,0.0011
grid path construction,5,0.0011
segment tree or ordered set,5,0.0011
adjoint operations,5,0.0011
reachability queries,5,0.0011
substring operations,5,0.0011
k nearest neighbors,5,0.0011
deterministic algorithms,5,0.0011
matching algorithms,5,0.0011
spanning tree construction,5,0.0011
iterative solution,5,0.0011
bitwise or constraints,5,0.0011
basic operations,5,0.0011
efficient factorial calculation,5,0.0011
prefix minimum tracking,5,0.0011
fractal patterns,5,0.0011
efficient xor computation,5,0.0011
bipartition matching,5,0.0011
suffix overlap,5,0.0011
elastic collision formula,5,0.0011
bipartitioning,5,0.0011
sieve of eratosthenes conceptual,5,0.0011
set unordered collection,5,0.0011
multi step movement,5,0.0011
optimal path selection,5,0.0011
compiler design,5,0.0011
merge technique,5,0.0011
polynomial roots,5,0.0011
bipartite search,5,0.0011
accumulation,5,0.0011
submatrix problem,5,0.0011
minimum maximum distance,5,0.0011
efficient matrix manipulation,5,0.0011
counter data structure,5,0.0011
string partitioning,5,0.0011
random graph generation,5,0.0011
random shuffling,5,0.0011
prefix suffix product,5,0.0011
line and area calculation,5,0.0011
finite state analysis,5,0.0011
binary file io,5,0.0011
best first search,5,0.0011
path handling,5,0.0011
arithmetic with dates,5,0.0011
graph data structure,5,0.0011
maximum gap,5,0.0011
point inside polygon,5,0.0011
3d dynamic programming,5,0.0011
inversion tracking,5,0.0011
character positioning,5,0.0011
ternary logic,5,0.0011
prefix and suffix maximum,5,0.0011
chess board logic,5,0.0011
lights out puzzle,5,0.0011
tree like structures,5,0.0011
tree and graph construction,5,0.0011
loop nesting,5,0.0011
cycle permutation,5,0.0011
factorial prime counting,5,0.0011
efficient graph traversal,5,0.0011
directional movement,5,0.0011
matrix pathfinding,5,0.0011
nested loops optimization,5,0.0011
iterative decoding,5,0.0011
determinant,5,0.0011
optimized space usage,5,0.0011
shortest path faster algorithm spfa,5,0.0011
or operation,5,0.0011
template matching,5,0.0011
iterating grids,5,0.0011
reverse string processing,5,0.0011
2d grid placement,5,0.0011
python internals,5,0.0011
matrix2d grid,5,0.0011
cyclic rotation,5,0.0011
iterating over connected components,5,0.0011
set tracking,5,0.0011
palindrome enumeration,5,0.0011
evaluation,5,0.0011
arithmetic optimization,5,0.0011
prefix array processing,5,0.0011
multi set map,5,0.0011
region area calculation,5,0.0011
circle tangent,5,0.0011
quantum circuit training,5,0.0011
grammar,5,0.0011
minimum enclosing perimeter,5,0.0011
counting primes,5,0.0011
geometry on tree,5,0.0011
odd occurrence detection,5,0.0011
data structure with lazy propagation,5,0.0011
dynamic tree processing,5,0.0011
dynamic programming on probabilities,5,0.0011
projectile motion,5,0.0011
rotation and reflection,5,0.0011
polyomino generation,5,0.0011
chemistry,5,0.0011
character rendering,5,0.0011
adversarial search,5,0.0011
polynomial algebra,5,0.0011
queries,5,0.0011
high performance computing,5,0.0011
function inspection,5,0.0011
short circuit evaluation,5,0.0011
mathematical pattern analysis,5,0.0011
quadrilateral detection,5,0.0011
edge capacities,5,0.0011
dynamic edge modification,5,0.0011
multi agent simulation,5,0.0011
optimized dp,5,0.0011
subgrid enumeration,5,0.0011
binary matrix rank,5,0.0011
segment tree or blocked range handling,5,0.0011
visibility problems,5,0.0011
last non zero digit calculation,5,0.0011
edge replacement,5,0.0011
basis for xor,5,0.0011
gift wrapping jarvis march,5,0.0011
time based state modeling,5,0.0011
heap property,5,0.0011
lexical parsing,5,0.0011
scope analysis,5,0.0011
double pointer technique,5,0.0011
buffer handling,5,0.0011
3d intersection,5,0.0011
finite projective planes,5,0.0011
torus grid,5,0.0011
biginteger handling,5,0.0011
efficient minimum difference,5,0.0011
xor constraints,5,0.0011
non intersecting path,5,0.0011
path equivalence,5,0.0011
recursive expression evaluation,5,0.0011
lru policy,5,0.0011
multi pass optimization,5,0.0011
karnaugh map,5,0.0011
lowest prime divisor,5,0.0011
gcd and number theory,5,0.0011
multiple constraints optimization,5,0.0011
minimum cost edge selection,5,0.0011
cyclical shifts,5,0.0011
competitive ranking,5,0.0011
efficient ranking calculation,5,0.0011
large factorials,5,0.0011
permutation unranking,5,0.0011
local minimamaxima,5,0.0011
dynamic programming on function graphs,5,0.0011
priority queue custom sorting,5,0.0011
symmetry in binary trees,5,0.0011
dynamic edge updates,5,0.0011
clique in graph,5,0.0011
efficient maximum and minimum calculation,5,0.0011
shape rotation,5,0.0011
conditional edge reversal analysis,5,0.0011
interval events,5,0.0011
clock time calculation,5,0.0011
robot path planning,5,0.0011
spanning sets,5,0.0011
rubiks cube,5,0.0011
self reference,5,0.0011
randomized input generation,5,0.0011
rotations,5,0.0011
kuratowskis theorem,5,0.0011
subsquare enumeration,5,0.0011
exponential growth analysis,5,0.0011
mergeable heaps,5,0.0011
segment tree or lazy propagation,5,0.0011
error correcting codes,5,0.0011
series parallel graphs,5,0.0011
degree balancing,5,0.0011
data structures sorting,5,0.0011
prefix conversion,5,0.0011
probabilistic analysis,5,0.0011
bfsdfs on graphs,5,0.0011
custom minification,5,0.0011
renaming strategy,5,0.0011
sliding state,5,0.0011
canonical form,5,0.0011
linear algebra mod 2,5,0.0011
segment trees or interval constraints,5,0.0011
iterative geometry,5,0.0011
tetris,5,0.0011
xor grundy game,5,0.0011
tuples for state representation,5,0.0011
subset sum modulo,5,0.0011
polygon representation,5,0.0011
recursive analysis,5,0.0011
havelhakimi algorithm,5,0.0011
event based state transitions,5,0.0011
string permutations,5,0.0011
matrix pattern,5,0.0011
traversal optimization,5,0.0011
analytical thinking,5,0.0011
tree rerooting,5,0.0011
tree pruning,5,0.0011
multiplicative partitions,5,0.0011
linear algebra gauss elimination over gf2,5,0.0011
state equivalence check,5,0.0011
sign alternation,5,0.0011
parent mapping,5,0.0011
spanning subgraphs,5,0.0011
event time processing,5,0.0011
frobenius problem,5,0.0011
exponentiation properties,5,0.0011
inversion minimization,5,0.0011
morse code decoding,5,0.0011
disjoint paths,5,0.0011
minimum comparisons,5,0.0011
union find with weighted components,5,0.0011
recursive pattern checking,5,0.0011
codon translation,5,0.0011
mst with additional nodes power stations,5,0.0011
time range analysis,5,0.0011
water flow simulation,5,0.0011
bfsdfs traversal,5,0.0011
fan shape intersection,5,0.0011
optimal matrix chain multiplication,5,0.0011
big exponents,5,0.0011
minimum range covering,5,0.0011
rectangle checking,5,0.0011
dominators,5,0.0011
euler tour dfs traversal,5,0.0011
heavy hitter detection,5,0.0011
point enumeration,5,0.0011
t decomposition,5,0.0011
efficient string updates,5,0.0011
edge weight analysis,5,0.0011
large exponents handling,5,0.0011
randomized array generation,5,0.0011
high performance io,5,0.0011
rotation transformations,5,0.0011
product graphs,5,0.0011
ip subnet handling,5,0.0011
math modulo arithmetic,5,0.0011
ordered trees,5,0.0011
efficient tree queries,5,0.0011
duality transformation,5,0.0011
line integral convolution,5,0.0011
plane cutting volume calculation,5,0.0011
offline updates,5,0.0011
order book simulation,5,0.0011
bracket sequence parsing,5,0.0011
efficient query counting,5,0.0011
coordinate rotation,5,0.0011
diagram generation,5,0.0011
segment tree or hash map,5,0.0011
adaptive strategy handling,5,0.0011
recursive expression counting,5,0.0011
permutation cyclic shifts,5,0.0011
heavy light decomposition alternative,5,0.0011
data structures maps or dictionaries,4,0.0009
coordinate iteration,4,0.0009
triple sum,4,0.0009
validation of metric space,4,0.0009
compression validation,4,0.0009
team assignment,4,0.0009
chess strategy,4,0.0009
analytic geometry,4,0.0009
euclidean algorithm for polynomials,4,0.0009
bit manipulation or string encoding,4,0.0009
greedy constraints,4,0.0009
safe pathfinding,4,0.0009
merging logic,4,0.0009
binary search optimization,4,0.0009
pair state tracking,4,0.0009
line counting,4,0.0009
full binary tree construction,4,0.0009
bit string manipulation,4,0.0009
math observations,4,0.0009
chemical formula analysis,4,0.0009
resource propagation,4,0.0009
bitmasking optional for state representation,4,0.0009
subsequence algorithms,4,0.0009
square root trick,4,0.0009
in degree analysis,4,0.0009
rectangle area calculation,4,0.0009
data structure tuple,4,0.0009
direction traversal,4,0.0009
big mod,4,0.0009
max element tracking,4,0.0009
spatial query,4,0.0009
lossless compression,4,0.0009
string segmentation,4,0.0009
combinatorial enumeration,4,0.0009
tree serialization,4,0.0009
prefixsuffix maximum,4,0.0009
incremental algorithm,4,0.0009
cube root calculation,4,0.0009
shortest path in weighted graph,4,0.0009
data padding,4,0.0009
odd even passes,4,0.0009
a search optional optimization,4,0.0009
mapdictionary usage,4,0.0009
leaf distance matrix,4,0.0009
mathematical equation solving,4,0.0009
prefix suffix calculation,4,0.0009
error analysis,4,0.0009
middle of a list,4,0.0009
union find optional for optimization,4,0.0009
subnetting,4,0.0009
line segment and circle intersection,4,0.0009
data movement count,4,0.0009
bingo pattern checking,4,0.0009
positional encoding,4,0.0009
family relation queries,4,0.0009
xor game,4,0.0009
multi level search,4,0.0009
custom encryption,4,0.0009
graph simplification,4,0.0009
topological constraints,4,0.0009
floating point calculation,4,0.0009
interval satisfiability,4,0.0009
sum analysis,4,0.0009
logarithmic search,4,0.0009
custom base conversion,4,0.0009
equation manipulation,4,0.0009
wythoffs game,4,0.0009
degree parity,4,0.0009
mathematical precomputation,4,0.0009
gcd number theory,4,0.0009
grecommon fractions,4,0.0009
minimum requirements calculation,4,0.0009
syntax tree,4,0.0009
mathematical insights,4,0.0009
rectangle overlap,4,0.0009
inverse problem,4,0.0009
infinite series summation,4,0.0009
trie optional,4,0.0009
minimum maximum difference optimization,4,0.0009
monotonic subsequence,4,0.0009
numerical bases,4,0.0009
prime index filtering,4,0.0009
prime number generationchecking,4,0.0009
mathematical validation,4,0.0009
stability in sorting,4,0.0009
interval tracking,4,0.0009
geometric reflection,4,0.0009
observation based logic,4,0.0009
line sweep with events,4,0.0009
distinct substrings count,4,0.0009
shortest path in graph,4,0.0009
suffix automaton substring search,4,0.0009
grid points counting,4,0.0009
array preprocessing,4,0.0009
reversible computation,4,0.0009
digit wise processing,4,0.0009
hashing dictionaries,4,0.0009
edge filtering,4,0.0009
minimum steps,4,0.0009
triangle classification,4,0.0009
deterministic path planning,4,0.0009
finite state processing,4,0.0009
coordinate sorting,4,0.0009
traveling salesman problem tsp variants,4,0.0009
dynamic programming bfs based state exploration,4,0.0009
fulkersons algorithm,4,0.0009
optimal querying,4,0.0009
counting with constraints,4,0.0009
2d grid comparison,4,0.0009
closure generation,4,0.0009
algorithmic logic,4,0.0009
minimum spanning tree conceptual use,4,0.0009
diameter maximization,4,0.0009
inputoutput optimization,4,0.0009
quantization,4,0.0009
regex,4,0.0009
polynomial gcd,4,0.0009
loop processing,4,0.0009
multinomial distribution,4,0.0009
nearest prime search,4,0.0009
custom sort order,4,0.0009
base64 encodingdecoding,4,0.0009
selection optimization,4,0.0009
tonelli shanks algorithm,4,0.0009
set for tracking visited cells,4,0.0009
random permutation,4,0.0009
iterative outlier removal,4,0.0009
digit traversal,4,0.0009
validation of metric properties,4,0.0009
raster graphics,4,0.0009
bulls and cows game,4,0.0009
instruction optimization,4,0.0009
recursive function optimization,4,0.0009
multi path optimization,4,0.0009
grid tiling,4,0.0009
operators overloading,4,0.0009
neighbor counting,4,0.0009
grid representation,4,0.0009
project euler,4,0.0009
square intersection,4,0.0009
number theoretic transform ntt,4,0.0009
sorting network,4,0.0009
minimum inversion calculation,4,0.0009
ipv6 parsing,4,0.0009
forbidden transitions,4,0.0009
one pass algorithm,4,0.0009
prohibition pattern avoidance,4,0.0009
right and left view of binary tree,4,0.0009
efficient string operations,4,0.0009
coordinate mathematics,4,0.0009
math properties,4,0.0009
fracions,4,0.0009
multi level propagation,4,0.0009
list construction,4,0.0009
formula parsing,4,0.0009
divisors analysis,4,0.0009
minimum or path,4,0.0009
custom character set handling,4,0.0009
data structures priority queue or queue,4,0.0009
efficient time tracking,4,0.0009
hashing set for uniqueness,4,0.0009
basic math operations,4,0.0009
connect four game logic,4,0.0009
stamina management,4,0.0009
subset problem,4,0.0009
finite state machine pattern matching,4,0.0009
linear transformations,4,0.0009
distance calculation on tree,4,0.0009
greatest divisor,4,0.0009
math ceiling function,4,0.0009
efficient xor calculation,4,0.0009
multiple criteria optimization,4,0.0009
level tracking,4,0.0009
edge addition,4,0.0009
geometric mean,4,0.0009
dynamic programming alternative approach,4,0.0009
traversal validation,4,0.0009
divisibility testing,4,0.0009
deque manipulation,4,0.0009
tree based data structures,4,0.0009
priority calculation,4,0.0009
reachability check,4,0.0009
string interleaving,4,0.0009
adjacency constraints,4,0.0009
pattern parsing,4,0.0009
running sum,4,0.0009
interquartile range iqr,4,0.0009
inverse matrix,4,0.0009
ad hoc simulation,4,0.0009
layer traversal,4,0.0009
subarray sum equals k,4,0.0009
tree diameter calculation,4,0.0009
herons formula,4,0.0009
element wise operations,4,0.0009
prime number identification,4,0.0009
quadratic forms,4,0.0009
data deserialization,4,0.0009
pointer arithmetic,4,0.0009
sorting check,4,0.0009
categorization,4,0.0009
hashing via indexing,4,0.0009
portals handling,4,0.0009
control flow manipulation,4,0.0009
adjacency traversal,4,0.0009
task management,4,0.0009
carmichael numbers,4,0.0009
sedgewick sequence,4,0.0009
automaton aho corasick or kmp,4,0.0009
iterative decomposition,4,0.0009
hashing set operations,4,0.0009
circle and line distance,4,0.0009
centroid tree center,4,0.0009
spanning tree enumeration,4,0.0009
quadratic residue,4,0.0009
square matrix validation,4,0.0009
2 opt algorithm,4,0.0009
nan handling,4,0.0009
recursive dfs,4,0.0009
data synchronization,4,0.0009
metaclass,4,0.0009
data structures dictionary list,4,0.0009
python datetime,4,0.0009
matching theory,4,0.0009
list slicing,4,0.0009
custom key functions,4,0.0009
minimum edge reversals,4,0.0009
rectangle in binary matrix,4,0.0009
data processing optimization,4,0.0009
balanced tree avlred black,4,0.0009
counting with counter,4,0.0009
statistical calculations,4,0.0009
efficient array rotation,4,0.0009
quadtree,4,0.0009
forward checking,4,0.0009
time space optimization,4,0.0009
height balanced tree,4,0.0009
inorder successor,4,0.0009
regular expressions regex,4,0.0009
coordinate validation,4,0.0009
time constraint optimization,4,0.0009
hybrid algorithms,4,0.0009
custom hash functions,4,0.0009
check membership,4,0.0009
sieve of eratosthenes variant,4,0.0009
string to number conversion,4,0.0009
time efficiency,4,0.0009
maps dictionaries,4,0.0009
character shifting,4,0.0009
crc calculation,4,0.0009
mst on grid,4,0.0009
syntax parsing,4,0.0009
numpy array operations,4,0.0009
3 way quicksort,4,0.0009
dynamic array operations,4,0.0009
tuple construction,4,0.0009
insertion algorithms,4,0.0009
mapshash maps,4,0.0009
reverse list,4,0.0009
function analysis,4,0.0009
python ast module,4,0.0009
operation simulation,4,0.0009
vector normalization,4,0.0009
time step iteration,4,0.0009
boundary handling,4,0.0009
layer wise traversal,4,0.0009
nested parsing,4,0.0009
consecutive elements check,4,0.0009
o1 space traversal,4,0.0009
polygon convexity check,4,0.0009
perfect play,4,0.0009
truth table generation,4,0.0009
escape sequences,4,0.0009
heuristics a search,4,0.0009
xor cipher,4,0.0009
level coloring,4,0.0009
ransac,4,0.0009
k sum,4,0.0009
prefix tracking,4,0.0009
indentation handling,4,0.0009
order statistic,4,0.0009
data structures counter,4,0.0009
upper triangular matrix,4,0.0009
data distribution optimization,4,0.0009
carmichael function,4,0.0009
digit handling,4,0.0009
minimizing writes,4,0.0009
bankers algorithm,4,0.0009
monotone chain algorithm,4,0.0009
command line input handling,4,0.0009
iterative reduction,4,0.0009
2d knapsack,4,0.0009
large integer handling,4,0.0009
dynamic allocation,4,0.0009
sum query,4,0.0009
optimized search,4,0.0009
maximum path weight,4,0.0009
python collections,4,0.0009
time limit handling,4,0.0009
subsequence detection,4,0.0009
longest common subarray,4,0.0009
access control,4,0.0009
heavy hitters,4,0.0009
bin packing problem,4,0.0009
setuniqueness handling,4,0.0009
pandigital numbers,4,0.0009
triplets sum,4,0.0009
k th smallest query,4,0.0009
teleportation logic,4,0.0009
binary search bisect,4,0.0009
object copying,4,0.0009
max min in subarray,4,0.0009
endian conversion,4,0.0009
dynamic graph operations,4,0.0009
symbolic manipulation,4,0.0009
decimal precision,4,0.0009
character position mapping,4,0.0009
error logging,4,0.0009
efficient k th element query,4,0.0009
even odd check,4,0.0009
negative weight edges,4,0.0009
bi directional search,4,0.0009
transaction management,4,0.0009
email validation,4,0.0009
subsequence manipulation,4,0.0009
real time data handling,4,0.0009
logarithmic time query,4,0.0009
data structure application,4,0.0009
binary trie,4,0.0009
viterbi algorithm,4,0.0009
data structure union find,4,0.0009
2 satisfiability 2 sat,4,0.0009
sudoku validation,4,0.0009
constraint programming,4,0.0009
routing algorithms,4,0.0009
sorting with custom comparator,4,0.0009
cuckoo hashing,4,0.0009
tabu search,4,0.0009
in order predecessor,4,0.0009
path comparison,4,0.0009
statistical calculation,4,0.0009
word ladder,4,0.0009
non maximum suppression,4,0.0009
span calculation,4,0.0009
similarity measures,4,0.0009
dynamic frequency counting,4,0.0009
default dictionary defaultdict,4,0.0009
ordereddict,4,0.0009
double linked list,4,0.0009
subtree size tracking,4,0.0009
turn based strategy,4,0.0009
deduplication,4,0.0009
self balancing bst,4,0.0009
digit mapping,4,0.0009
data structures priority queue queue,4,0.0009
rectangle bounding box,4,0.0009
syntax analysis,4,0.0009
data type conversion,4,0.0009
string substring handling,4,0.0009
lcs,4,0.0009
ordered set multiset,4,0.0009
prefix to infix conversion,4,0.0009
cyclic array traversal,4,0.0009
ipv4,4,0.0009
rotation techniques,4,0.0009
big number processing,4,0.0009
component condensation,4,0.0009
state tracking with visited sets,4,0.0009
zigzag pattern detection,4,0.0009
custom sorting algorithm,4,0.0009
optimized space complexity,4,0.0009
2d grid search,4,0.0009
maximization problem,4,0.0009
password validation,4,0.0009
gradient computation,4,0.0009
modified state tracking,4,0.0009
string encodingdecoding,4,0.0009
tree map ordered set,4,0.0009
operator,4,0.0009
rectangle overlap detection,4,0.0009
bytes handling,4,0.0009
lattice paths,4,0.0009
algorithm debugging,4,0.0009
deterministic algorithm,4,0.0009
longest bitonic subsequence,4,0.0009
max min difference,4,0.0009
in place matrix rotation,4,0.0009
maximum and minimum in range,4,0.0009
weighted edges,4,0.0009
multiples handling,4,0.0009
max calculation,4,0.0009
anomaly detection,4,0.0009
python defaultdict,4,0.0009
rectangle operations,4,0.0009
unsorted array,4,0.0009
dual pivot quick sort,4,0.0009
two heaps max heap and min heap,4,0.0009
lsd radix sort,4,0.0009
minimum dominating set,4,0.0009
comparison algorithm,4,0.0009
formula manipulation,4,0.0009
bit manipulation optional for state representation,4,0.0009
minimum search,4,0.0009
qubit operations,4,0.0009
range compression,4,0.0009
simultaneous bfs,4,0.0009
direct formula,4,0.0009
tsp traveling salesman problem,4,0.0009
time interval intersection,4,0.0009
queue or list manipulation,4,0.0009
unidirectional search,4,0.0009
slope optimization,4,0.0009
optimal replacement,4,0.0009
backtracking path reconstruction,4,0.0009
look up tables,4,0.0009
collision avoidance,4,0.0009
power set,4,0.0009
path following,4,0.0009
series convergence,4,0.0009
rotation detection,4,0.0009
matrix factorization,4,0.0009
assertion checks,4,0.0009
cross validation,4,0.0009
hyperparameter tuning,4,0.0009
hash set lookup,4,0.0009
sum aggregation,4,0.0009
buffering,4,0.0009
boolean programming,4,0.0009
knight moves,4,0.0009
cooley tukey,4,0.0009
cpu cycle measurement,4,0.0009
3d bfs,4,0.0009
minimum element tracking,4,0.0009
prime number counting,4,0.0009
associativity handling,4,0.0009
file operations,4,0.0009
negative edge handling,4,0.0009
deletion in trie,4,0.0009
max heap simulation,4,0.0009
data integrity check,4,0.0009
population initialization,4,0.0009
cube properties,4,0.0009
local minimum search,4,0.0009
2d data structure,4,0.0009
logarithmic operations,4,0.0009
prefixsuffix products,4,0.0009
graph centrality,4,0.0009
sequence search,4,0.0009
efficient search algorithms,4,0.0009
keyword matching,4,0.0009
online algorithms,4,0.0009
max cut,4,0.0009
range partitioning,4,0.0009
quick select,4,0.0009
efficient factorial computation,4,0.0009
non overlapping search,4,0.0009
simulation logic,4,0.0009
brainfuck programming,4,0.0009
dominator tree,4,0.0009
data tracking,4,0.0009
optimized primality test,4,0.0009
in place partitioning,4,0.0009
collectionsdeque,4,0.0009
b tree traversal,4,0.0009
circular queue,4,0.0009
wheel factorization,4,0.0009
subarray minimum,4,0.0009
esoteric programming,4,0.0009
jarvis march,4,0.0009
tape,4,0.0009
efficient processing,4,0.0009
randomized string analysis,4,0.0009
efficient rotation tracking,4,0.0009
bidirectional graph,4,0.0009
dynamic movement,4,0.0009
linear programming conceptual,4,0.0009
square decomposition,4,0.0009
multisource bfs,4,0.0009
efficient subtree updates,4,0.0009
vectors,4,0.0009
data structures stack queue,4,0.0009
adaptive input handling,4,0.0009
polynomial differentiation,4,0.0009
function minimization,4,0.0009
in place cloning,4,0.0009
efficient propagation,4,0.0009
iterative functions,4,0.0009
sum of digits,4,0.0009
grammar handling,4,0.0009
summation optimization,4,0.0009
numerical comparison,4,0.0009
spiral grid,4,0.0009
search in sorted array,4,0.0009
infinite generators,4,0.0009
prefix and suffix minmax,4,0.0009
inverse fft,4,0.0009
data processing per group,4,0.0009
custom algorithms,4,0.0009
decoding,4,0.0009
floating point operations,4,0.0009
concatenation,4,0.0009
happy number,4,0.0009
data structures classes and objects,4,0.0009
cut vertex articulation point,4,0.0009
range search,4,0.0009
path cost calculation,4,0.0009
insertion and deletion in bst,4,0.0009
alphabet position mapping,4,0.0009
range deletion,4,0.0009
reversal algorithms,4,0.0009
tournament bracket logic,4,0.0009
low level data conversion,4,0.0009
chess movement rules,4,0.0009
fibonacci sequence check,4,0.0009
code formatting,4,0.0009
mathematical game,4,0.0009
optimal move calculation,4,0.0009
digit comparison,4,0.0009
ant colony optimization,4,0.0009
hierarchical inheritance,4,0.0009
state minimization,4,0.0009
bisection,4,0.0009
co prime check,4,0.0009
tree depth calculation,4,0.0009
padded output,4,0.0009
stackqueue,4,0.0009
union find optional alternative,4,0.0009
mathematical structures,4,0.0009
dynamic programming implicit state space,4,0.0009
efficient splicing,4,0.0009
prefix preprocessing,4,0.0009
digit representation,4,0.0009
iterating over pairs,4,0.0009
planarity,4,0.0009
multi step optimization,4,0.0009
prefixsuffix matching,4,0.0009
statistical estimation,4,0.0009
graph coverage,4,0.0009
recursive matching,4,0.0009
unweighted shortest path,4,0.0009
shortest common supersequence,4,0.0009
reshaping,4,0.0009
efficient ranking,4,0.0009
visibility problem,4,0.0009
mathematical constants,4,0.0009
tangent lines,4,0.0009
extract min,4,0.0009
thue morse sequence,4,0.0009
bitmasking concepts,4,0.0009
fast fourier transform fft number theoretic transform ntt,4,0.0009
recurrence,4,0.0009
compression algorithms,4,0.0009
ackermann function,4,0.0009
minimum element search,4,0.0009
graph drawing,4,0.0009
combinatorial construction,4,0.0009
brahmaguptas formula,4,0.0009
integer points in polygon,4,0.0009
search space optimization,4,0.0009
hashing set for state tracking,4,0.0009
multiplicative number theory,4,0.0009
suffix prefix matching,4,0.0009
convex polygon check,4,0.0009
optimization techniques,4,0.0009
minimum element,4,0.0009
coprime detection,4,0.0009
character priority mapping,4,0.0009
interval graph coloring,4,0.0009
time based queries,4,0.0009
hash map lookup,4,0.0009
case manipulation,4,0.0009
custom parsing,4,0.0009
arithmetic modulo operations,4,0.0009
function inversion,4,0.0009
portals optimization,4,0.0009
alphabet encoding,4,0.0009
square root analysis,4,0.0009
probability estimation,4,0.0009
convex function minimization,4,0.0009
efficient math,4,0.0009
contribution calculation,4,0.0009
binary tree representation,4,0.0009
minimization of expressions,4,0.0009
palindromic substring,4,0.0009
catalan like structures,4,0.0009
halting problem,4,0.0009
mathematical expression generation,4,0.0009
polyomino recognition,4,0.0009
edge selection constraints,4,0.0009
exact cover,4,0.0009
lexicographical permutations,4,0.0009
tetris simulation,4,0.0009
cops and robbers,4,0.0009
multi level grid,4,0.0009
date and time calculations,4,0.0009
matrixgrid processing,4,0.0009
f2 field operations,4,0.0009
segment tree or binary indexed tree for optimization,4,0.0009
geometry on grid,4,0.0009
set consistency check,4,0.0009
shortest path on polygons,4,0.0009
factorial prime factorization,4,0.0009
map usage,4,0.0009
priority queue turn order handling,4,0.0009
mathematical divisors,4,0.0009
quadrilateral checking,4,0.0009
2d range processing,4,0.0009
prefix function kmp algorithm,4,0.0009
scikit learn,4,0.0009
fraction multiplication,4,0.0009
multiple constraints handling,4,0.0009
matrix enumeration,4,0.0009
binary tree prefix tree,4,0.0009
boolean expression minimization,4,0.0009
suffix and prefix arrays,4,0.0009
bit manipulation or string representation,4,0.0009
max subarray query,4,0.0009
efficient range updates and queries,4,0.0009
probabilistic method,4,0.0009
automata trie or aho corasick,4,0.0009
exponent arithmetic,4,0.0009
bitmask or state representation,4,0.0009
segment manipulation,4,0.0009
segment contribution calculation,4,0.0009
polyhedron surface area calculation,4,0.0009
subset validation,4,0.0009
prefix sum difference array,4,0.0009
balanced intervals,4,0.0009
recursion counting,4,0.0009
map hash table,4,0.0009
line and curve analysis,4,0.0009
prefix suffix path processing,4,0.0009
n dimensional space,4,0.0009
large array optimization,4,0.0009
efficient distance sum calculation,4,0.0009
edge destruction strategy,4,0.0009
efficient prime handling,4,0.0009
divisibility conditions,4,0.0009
dithering algorithm,4,0.0009
multiplication comparison,4,0.0009
low discrepancy output,4,0.0009
set processing,4,0.0009
bi gram generation,4,0.0009
average optimization,4,0.0009
flow optimization,4,0.0009
xor sum,4,0.0009
line evaluation,4,0.0009
tree segment tree or binary indexed tree,4,0.0009
efficient palindrome counting,4,0.0009
symmetry and reflection,4,0.0009
reversal and cyclic shift operations,4,0.0009
prefix suffix maximums,4,0.0009
properties of fermat numbers,4,0.0009
priority queue multi level bfs,4,0.0009
efficient swap handling,4,0.0009
suffix automaton suffix array,4,0.0009
complete graph properties,4,0.0009
multi set selection,4,0.0009
slope checking,4,0.0009
mathematical programming,4,0.0009
component construction,4,0.0009
xor space,4,0.0009
minimum xor pair,4,0.0009
efficient pattern search,4,0.0009
trie or suffix automaton,4,0.0009
efficient prime sieve,4,0.0009
efficient component counting,4,0.0009
max product subarray,4,0.0009
density optimization,4,0.0009
frequeny counting,4,0.0009
efficient sequence generation,4,0.0009
efficient input parsing,4,0.0009
plane and line intersection,4,0.0009
kkt conditions,4,0.0009
region union,4,0.0009
tuples and hashing,4,0.0009
tournament,4,0.0009
oeis sequence generation,4,0.0009
subarray enumeration optimization,4,0.0009
efficient swap tracking,4,0.0009
suffix automaton aho corasick,4,0.0009
dynamic priority management,4,0.0009
efficient removal,4,0.0009
submatrix manipulation,4,0.0009
path pruning,4,0.0009
virtual tree,4,0.0009
recursive grammar,4,0.0009
order book management,4,0.0009
time based sorting,4,0.0009
circuit simulation,4,0.0009
segment tree with euler tour,4,0.0009
closure functions,4,0.0009
communication protocols,4,0.0009
logical circuit analysis,4,0.0009
symmetry and transformations,4,0.0009
wildcard processing,4,0.0009
bitwise techniques,4,0.0009
simulation with optimization,4,0.0009
dynamic sets management,4,0.0009
hexadecimal manipulation,4,0.0009
line segment sampling,4,0.0009
recursive polynomial construction,4,0.0009
multi edge handling,4,0.0009
dynamic time handling,4,0.0009
orthogonalization,4,0.0009
conditional edge analysis,4,0.0009
prime digit check,4,0.0009
linear algebra gaussian elimination over gf2,4,0.0009
python built in modules,4,0.0009
bitmask concepts,4,0.0009
grundy numbers sprague grundy theorem,4,0.0009
multi source dijkstra,4,0.0009
polygon containment,4,0.0009
segment tree or interval analysis,4,0.0009
edge labeling,4,0.0009
edge capacity constraints,4,0.0009
topological levels,4,0.0009
prefix sum calculation,4,0.0009
prime sieve eg sieve of eratosthenes,4,0.0009
link cut tree lct,4,0.0009
efficient event propagation,4,0.0009
factorial prime factors,4,0.0009
dynamic state,4,0.0009
validation constraints,4,0.0009
propositional logic parsing,4,0.0009
redundancy elimination,4,0.0009
efficient map usage,4,0.0009
symmetry recognition,4,0.0009
cops and robbers game,4,0.0009
binary tree patterns,4,0.0009
cylinder volume calculation,4,0.0009
class customization,4,0.0009
interval nesting,4,0.0009
minimum enclosing polygon,4,0.0009
3d packing,4,0.0009
symmetric polynomials,4,0.0009
calendar conversion,4,0.0009
discretization,4,0.0009
efficient parsing,4,0.0009
planar graph traversal,4,0.0009
data arrangement,4,0.0009
additive number theory,4,0.0009
time distance constraints,4,0.0009
line segment parametrization,4,0.0009
graph connected components,4,0.0009
precise arithmetic,4,0.0009
string substring counting,4,0.0009
iterative deepening a,4,0.0009
custom cost function,4,0.0009
line segment analysis,4,0.0009
minimum edits,4,0.0009
multiplicative generation,4,0.0009
sum balancing,4,0.0009
image parsing,4,0.0009
bidirectional edges,4,0.0009
efficient range checking,4,0.0009
lattice basis,4,0.0009
priority queue optional for optimization,4,0.0009
hexadecimal processing,4,0.0009
minimum deviation,4,0.0009
reverse bfs,4,0.0009
cube construction,4,0.0009
trie or hash set,4,0.0009
graph transformations,4,0.0009
unbounded knapsack with limitations,4,0.0009
memory bounded search,4,0.0009
non linear optimization,4,0.0009
multiset simulation,4,0.0009
validation of mst properties,4,0.0009
fibonacci properties,4,0.0009
two pointers technique,4,0.0009
rectangle nesting,4,0.0009
prefix storage,4,0.0009
grid drawing,4,0.0009
time travel simulation,4,0.0009
prime modulo arithmetic,4,0.0009
squaring differences,4,0.0009
gift wrapping algorithm jarvis march,4,0.0009
circular and angular coverage,4,0.0009
heuristic search eg a,4,0.0009
transformation of shapes,4,0.0009
subarray with zero sum,4,0.0009
time based comparison,4,0.0009
dynamic key collection,4,0.0009
inversion handling,4,0.0009
frobenius perron theorem,4,0.0009
dynamic programming bfs based state tracking,4,0.0009
efficient path tracking,4,0.0009
gift wrapping jarvis march or graham scan,4,0.0009
distinct substrings,4,0.0009
negative cycle handling,4,0.0009
two player turn based game,4,0.0009
minimum spanning tree prims or kruskals algorithm,4,0.0009
cyclic string matching,4,0.0009
heuristic search bfs with priority queue,4,0.0009
state tracking cost and budget,4,0.0009
3d coordinate system,4,0.0009
multi level processing,4,0.0009
circular ranges,4,0.0009
tree bfsdfs,4,0.0009
inverses in modular arithmetic,4,0.0009
plane intersection detection,4,0.0009
hexagonal grids,4,0.0009
3d state space,4,0.0009
geometric shapes,4,0.0009
matrix over gf2,4,0.0009
network flow with multiple commodities,4,0.0009
efficient substring analysis,4,0.0009
efficient digit length calculation,4,0.0009
fenwick tree optional,4,0.0009
cylinder fitting,4,0.0009
polygon area crossing,4,0.0009
minimum excluded value mex,4,0.0009
string expansion,4,0.0009
dynamic root handling,4,0.0009
probabilistic equivalence,4,0.0009
catalan like parsing,4,0.0009
visibility polygon,4,0.0009
custom associativity,4,0.0009
prefix or calculation,4,0.0009
splay tree or link cut tree,4,0.0009
bipartite network,4,0.0009
union find with ratio tracking,4,0.0009
optimized with grouping,4,0.0009
function optimization,3,0.0007
divisors and factors,3,0.0007
graph analysis,3,0.0007
efficient replacements,3,0.0007
graph traversal bfs,3,0.0007
edge deletion,3,0.0007
problem variation,3,0.0007
validation with constraints,3,0.0007
prefix suffix substring,3,0.0007
monotonicity check,3,0.0007
multiple sort criteria,3,0.0007
bandwidth optimization,3,0.0007
position tracking,3,0.0007
prefixsuffix comparison,3,0.0007
dynamic programming bfs based state optimization,3,0.0007
data structure arrayclass,3,0.0007
string prefix check,3,0.0007
greedy optional for optimization,3,0.0007
sparse updates,3,0.0007
priority queue or heap,3,0.0007
custom conversion functions,3,0.0007
connect four logic,3,0.0007
position mapping,3,0.0007
custom sieve,3,0.0007
minimum cost insertion,3,0.0007
feature matching,3,0.0007
nearest smaller element,3,0.0007
two passes left and right,3,0.0007
union find disjoint set union optional for optimization,3,0.0007
cyclic array handling,3,0.0007
compressed ranking,3,0.0007
disc overlap,3,0.0007
mapsdictionary,3,0.0007
efficient sieve for large numbers,3,0.0007
family relations,3,0.0007
logical formula evaluation,3,0.0007
data structures mapscounters,3,0.0007
efficient sum generation,3,0.0007
string subsequence checking,3,0.0007
point line side determination,3,0.0007
dictionary based algorithms,3,0.0007
dictionary compression,3,0.0007
lz78 algorithm,3,0.0007
recursive relationships,3,0.0007
basic programming,3,0.0007
recursion optional,3,0.0007
tautology checking,3,0.0007
stable state detection,3,0.0007
grid bucketing,3,0.0007
logical contradiction detection,3,0.0007
custom operator precedence,3,0.0007
hyperoperation,3,0.0007
reflection logic,3,0.0007
tree ancestor queries,3,0.0007
rational approximation,3,0.0007
palindromic tree,3,0.0007
simpsons rule,3,0.0007
in place permutation,3,0.0007
point line distance,3,0.0007
fractal,3,0.0007
grid transformation,3,0.0007
probabilities,3,0.0007
word matching,3,0.0007
optimal play strategy,3,0.0007
two dimensional state,3,0.0007
tracking minimum,3,0.0007
grecommon divisor,3,0.0007
multiples traversal,3,0.0007
merge sort offline approach,3,0.0007
segment tree optional,3,0.0007
cyclic calculation,3,0.0007
dice rolling simulation,3,0.0007
matrix expansion,3,0.0007
prefix optimization,3,0.0007
custom evaluation order,3,0.0007
bridges and connectivity,3,0.0007
binary substring,3,0.0007
maximum bipartite matching with minimum max edge,3,0.0007
segmentation check,3,0.0007
turn direction,3,0.0007
houser robber problem,3,0.0007
trie or prefix tree,3,0.0007
superposition measurement,3,0.0007
tree traversal techniques,3,0.0007
iterator pattern,3,0.0007
division by zero check,3,0.0007
kinematics simulation,3,0.0007
remainder tracking,3,0.0007
multi state grid navigation,3,0.0007
symmetry and uniqueness,3,0.0007
arithmetic summation,3,0.0007
bottom view,3,0.0007
triple sum check,3,0.0007
binary indexed tree fenwick tree ordered set,3,0.0007
recurring decimal conversion,3,0.0007
digit factorization,3,0.0007
multi set traversal,3,0.0007
operator placement,3,0.0007
factorial with modulo,3,0.0007
frequency matching,3,0.0007
loop until convergence,3,0.0007
mathematical limits,3,0.0007
minimum path tree,3,0.0007
time dependent shortest path,3,0.0007
time series processing,3,0.0007
maximum sum subsequence,3,0.0007
divide and conquer optimization,3,0.0007
suffix products,3,0.0007
recursive approach,3,0.0007
esolang interpreter,3,0.0007
odometer handling,3,0.0007
folding,3,0.0007
two dimensional prefix sum,3,0.0007
2d grid matching,3,0.0007
cycle constraints,3,0.0007
dynamic programming implicit graph,3,0.0007
unbounded knapsack with count constraints,3,0.0007
hamming numbers,3,0.0007
diameter of a graph,3,0.0007
data structure linked list or gap buffer,3,0.0007
find operation,3,0.0007
condensed dag,3,0.0007
rotation of matrices,3,0.0007
prefix minimum suffix maximum,3,0.0007
minimum cost coverage,3,0.0007
tree and cactus,3,0.0007
efficient pair matching,3,0.0007
iso week calculation,3,0.0007
greph construction,3,0.0007
parentheses,3,0.0007
disjoint rectangles,3,0.0007
team constraints,3,0.0007
map data structure,3,0.0007
euclidean geometry,3,0.0007
reflection principle,3,0.0007
polar angle,3,0.0007
heuristic search optional,3,0.0007
suffix and prefix processing,3,0.0007
segment tree or difference array,3,0.0007
two coloring bipartite check,3,0.0007
minimum maximum difference,3,0.0007
multiple sort keys,3,0.0007
safe path finding,3,0.0007
minimum edge addition,3,0.0007
geometric patterns,3,0.0007
adaptive data structures,3,0.0007
addition with carry,3,0.0007
permutation equivalence,3,0.0007
component labeling,3,0.0007
mathematical ratios,3,0.0007
algebraic identities,3,0.0007
systems of linear equations,3,0.0007
factorial and modular inverse,3,0.0007
selection by rank,3,0.0007
parity matching,3,0.0007
search with constraints,3,0.0007
dynamic maximum tracking,3,0.0007
combinatorial counting,3,0.0007
sequence partitioning,3,0.0007
distance from point to plane,3,0.0007
plane equation,3,0.0007
adjacency construction,3,0.0007
line point classification,3,0.0007
trie or dictionary,3,0.0007
path distance calculation,3,0.0007
minimum steps problem,3,0.0007
wilson primes,3,0.0007
tree path problems,3,0.0007
hexadecimal number system,3,0.0007
efficient rotation calculation,3,0.0007
logical validation,3,0.0007
hashset,3,0.0007
data structures dictionariesmaps,3,0.0007
minimum partition,3,0.0007
circle intersection detection,3,0.0007
segment tree or rmq,3,0.0007
symmetry and subtree swapping,3,0.0007
minimum time,3,0.0007
adhoc,3,0.0007
data structures priority queue multiset,3,0.0007
redistribution logic,3,0.0007
heuristic search a or bfs with pruning,3,0.0007
ratio reduction,3,0.0007
queue or deque,3,0.0007
efficient range merging,3,0.0007
efficient query design,3,0.0007
efficient array handling,3,0.0007
graph topological sorting,3,0.0007
alphabet mapping,3,0.0007
algebraic transformation,3,0.0007
frequency dictionary,3,0.0007
positional representation,3,0.0007
prefix and suffix or,3,0.0007
rotation of axes,3,0.0007
linear programming modeling,3,0.0007
knapsack like dp,3,0.0007
triangle formation,3,0.0007
diameter optimization,3,0.0007
problem simulation,3,0.0007
splay tree or balanced bst for reversals,3,0.0007
minimum path constraints,3,0.0007
interval selection,3,0.0007
logarithmic computations,3,0.0007
selection by index,3,0.0007
set usage,3,0.0007
solid of revolution,3,0.0007
trie or word break,3,0.0007
lca verification,3,0.0007
simple path enumeration,3,0.0007
trie optional alternative,3,0.0007
tree structure comparison,3,0.0007
loop simulation,3,0.0007
clause analysis,3,0.0007
unordered map hashing,3,0.0007
iterative comparison,3,0.0007
polynomial equation,3,0.0007
roots to coefficients,3,0.0007
segmentation constraints,3,0.0007
time and position calculation,3,0.0007
time step calculation,3,0.0007
disappearing blocks,3,0.0007
data structures mapslists,3,0.0007
queue list manipulation,3,0.0007
unweighted pair group average upgma,3,0.0007
karatsuba algorithm optional for efficiency,3,0.0007
walk enumeration,3,0.0007
hierarchical structure,3,0.0007
dynamic state search,3,0.0007
problem construction,3,0.0007
tracking maximum,3,0.0007
matrix comparison,3,0.0007
minimum constraints,3,0.0007
tree flattening,3,0.0007
recursive decision making,3,0.0007
synthetic division,3,0.0007
linked list or array manipulation,3,0.0007
leaf node analysis,3,0.0007
graph traversal shortest path,3,0.0007
matrix translation,3,0.0007
segmented range query,3,0.0007
cut edge detection,3,0.0007
algorithms on strings,3,0.0007
backward computation,3,0.0007
reverse and swap operations,3,0.0007
strobogrammatic numbers,3,0.0007
puzzle solvability,3,0.0007
graph implicit,3,0.0007
array update and query,3,0.0007
eulerstotientfunction,3,0.0007
iterative,3,0.0007
cyclic rotations,3,0.0007
inversion analysis,3,0.0007
collections module,3,0.0007
max and min in subarray,3,0.0007
hill cipher,3,0.0007
balanced substring,3,0.0007
rsa cryptography,3,0.0007
gaussian integers,3,0.0007
edge weighting,3,0.0007
sudoku constraints,3,0.0007
prefix sum 2d,3,0.0007
geometric distance,3,0.0007
trapezoidal rule,3,0.0007
square root expansion,3,0.0007
large integer multiplication,3,0.0007
collinearity,3,0.0007
large data processing,3,0.0007
condition variables,3,0.0007
unfolding surface,3,0.0007
probability sampling,3,0.0007
range coverage,3,0.0007
network subnetting,3,0.0007
complexity analysis,3,0.0007
magic square properties,3,0.0007
triangular matrices,3,0.0007
python standard library ipaddress,3,0.0007
hash mapsdictionaries,3,0.0007
minimum path optimization,3,0.0007
ad hoc problem,3,0.0007
nimbers grundy numbers,3,0.0007
line rotation,3,0.0007
4d counting,3,0.0007
rolling operations,3,0.0007
logical analysis,3,0.0007
spanning tree counting,3,0.0007
boolean intersection check,3,0.0007
hashingmapping,3,0.0007
linear systems,3,0.0007
right hand rule,3,0.0007
bag of words,3,0.0007
energy constraint,3,0.0007
loss function,3,0.0007
softmax function,3,0.0007
queue operations,3,0.0007
edge weighted graph,3,0.0007
arithmetic subsequence,3,0.0007
stack allocation,3,0.0007
custom aggregation,3,0.0007
population management,3,0.0007
ceiling and floor functions,3,0.0007
cyclic iteration,3,0.0007
edge direction assignment,3,0.0007
tree height,3,0.0007
pickle serialization,3,0.0007
assertion handling,3,0.0007
hashing map usage,3,0.0007
hill climbing,3,0.0007
cost constraint,3,0.0007
subsets generation,3,0.0007
binary search tree traversal,3,0.0007
matrix reshaping,3,0.0007
cache invalidation,3,0.0007
recursive data processing,3,0.0007
bytes to integer conversion,3,0.0007
integer to bytes conversion,3,0.0007
sequence operations,3,0.0007
inputoutput formatting,3,0.0007
multi sequence alignment,3,0.0007
bottleneck path,3,0.0007
frobenius norm,3,0.0007
event based counting,3,0.0007
shortest path tree,3,0.0007
database indexing,3,0.0007
betweenness centrality,3,0.0007
gas station optimization,3,0.0007
positive definite check,3,0.0007
shape encoding,3,0.0007
neighbor search,3,0.0007
activity selection problem,3,0.0007
itertoolsaccumulate,3,0.0007
currency conversion,3,0.0007
dynamic array resizing,3,0.0007
path resolution,3,0.0007
iterative deepening a ida,3,0.0007
efficient averaging,3,0.0007
scaling transformation,3,0.0007
route planning,3,0.0007
serialization pickle,3,0.0007
15 puzzle,3,0.0007
top k selection,3,0.0007
addition without arithmetic operators,3,0.0007
sequence finding,3,0.0007
space efficiency,3,0.0007
efficient grid operations,3,0.0007
sublist reversal,3,0.0007
ieee 754 standard,3,0.0007
regex validation,3,0.0007
comparator function,3,0.0007
order matching,3,0.0007
line division,3,0.0007
bijective mapping,3,0.0007
design patterns,3,0.0007
python c api,3,0.0007
square free representation,3,0.0007
chunking,3,0.0007
data segregation,3,0.0007
group processing,3,0.0007
negative indices,3,0.0007
left to right evaluation,3,0.0007
in place matrix manipulation,3,0.0007
floating point conversion,3,0.0007
generator expressions,3,0.0007
variable substitution,3,0.0007
union of circles,3,0.0007
list iteration,3,0.0007
efficient sieve implementation,3,0.0007
input output handling,3,0.0007
3d grid processing,3,0.0007
sorted matrix,3,0.0007
2d range coverage,3,0.0007
interquartile range,3,0.0007
logical equivalence,3,0.0007
line of sight calculation,3,0.0007
binary encodingdecoding,3,0.0007
successor and predecessor,3,0.0007
combinatorics on strings,3,0.0007
euclids formula,3,0.0007
data structure ordered set,3,0.0007
iterative quick sort,3,0.0007
stack based algorithm,3,0.0007
binary tree serialization,3,0.0007
multi step problem solving,3,0.0007
efficient array operations,3,0.0007
polynomial analysis,3,0.0007
knuth morris pratt,3,0.0007
sequence protocol,3,0.0007
biginteger,3,0.0007
sampling,3,0.0007
time constraint handling,3,0.0007
efficient matrix multiplication,3,0.0007
dynamic programming accumulation,3,0.0007
flattening,3,0.0007
average time complexity on,3,0.0007
cofactor method,3,0.0007
monotonic deque,3,0.0007
postfix notation,3,0.0007
itertoolsislice,3,0.0007
missing number,3,0.0007
inputoutput operations,3,0.0007
double ended priority queue,3,0.0007
file io json,3,0.0007
digit rotation,3,0.0007
similarity search,3,0.0007
padding techniques,3,0.0007
custom functions,3,0.0007
bresenhams line algorithm,3,0.0007
2d grid operations,3,0.0007
setarray traversal,3,0.0007
winograds algorithm,3,0.0007
timestamp parsing,3,0.0007
interval overlap check,3,0.0007
bit masking,3,0.0007
traveling salesperson problem,3,0.0007
buffered io,3,0.0007
transposition cipher,3,0.0007
constant space excluding output,3,0.0007
tree operations,3,0.0007
memory measurement,3,0.0007
node expansion,3,0.0007
state space traversal,3,0.0007
euler angles,3,0.0007
sethashing for uniqueness,3,0.0007
priority queue implicit,3,0.0007
minimum maximum problem,3,0.0007
interval search,3,0.0007
padding handling,3,0.0007
boolean satisfiability sat,3,0.0007
defaultdict usage,3,0.0007
hashing set usage,3,0.0007
priority queue or 0 1 bfs,3,0.0007
associative operations,3,0.0007
multi key sorting,3,0.0007
semiprime generation,3,0.0007
shallow copy,3,0.0007
information gain,3,0.0007
mathceil,3,0.0007
sliding maximum,3,0.0007
dynamic bucketing,3,0.0007
rsa key generation,3,0.0007
efficient query and update,3,0.0007
equality check,3,0.0007
second best spanning tree,3,0.0007
great circle distance,3,0.0007
block matrix processing,3,0.0007
heapq python,3,0.0007
greedy if applicable,3,0.0007
linked list manipulation,3,0.0007
binary data handling,3,0.0007
relaxation techniques,3,0.0007
time dependent constraints,3,0.0007
subgrid analysis,3,0.0007
route finding,3,0.0007
itertoolscycle,3,0.0007
file validation,3,0.0007
associativity check,3,0.0007
commutativity check,3,0.0007
union by size or rank,3,0.0007
graph representation adjacency matrix,3,0.0007
namedtuple,3,0.0007
graph algorithm,3,0.0007
logarithmic preprocessing,3,0.0007
blowfish encryption,3,0.0007
law of cosines,3,0.0007
bfs traversal,3,0.0007
multi level graph,3,0.0007
sax parser,3,0.0007
cache implementation,3,0.0007
connected component analysis,3,0.0007
multi source multi sink flow,3,0.0007
game tree traversal,3,0.0007
rule based systems,3,0.0007
banded matrix,3,0.0007
efficient insertdelete,3,0.0007
binary data manipulation,3,0.0007
benchmarking,3,0.0007
resource monitoring,3,0.0007
sparse matrix handling,3,0.0007
maximal rectangle,3,0.0007
string slicing,3,0.0007
hashing constant space,3,0.0007
k shortest paths,3,0.0007
logarithmic time,3,0.0007
performance testing,3,0.0007
iterative permutations,3,0.0007
harmonic mean,3,0.0007
avl tree concepts,3,0.0007
dynamic shrink factor,3,0.0007
key update,3,0.0007
derangement,3,0.0007
boundary conditions handling,3,0.0007
yens algorithm,3,0.0007
birthday paradox,3,0.0007
cycle counting,3,0.0007
implicit treap,3,0.0007
merge linked lists,3,0.0007
pollards rho,3,0.0007
tree augmentation,3,0.0007
o1 time operations,3,0.0007
dimensionality reduction,3,0.0007
water jug problem,3,0.0007
channel management,3,0.0007
finite state automaton,3,0.0007
data structures listarray,3,0.0007
suffix handling,3,0.0007
normal distribution,3,0.0007
efficient input processing,3,0.0007
delimiter handling,3,0.0007
binary analysis,3,0.0007
circle drawing,3,0.0007
time interval scheduling,3,0.0007
optimal selection,3,0.0007
subsequence constraints,3,0.0007
on time,3,0.0007
odd even counting,3,0.0007
records tracking,3,0.0007
string substrings,3,0.0007
minimum spanning set,3,0.0007
recursive path traversal,3,0.0007
comparison customization,3,0.0007
wiggle sort,3,0.0007
zero padding,3,0.0007
buddy system,3,0.0007
truncatable primes,3,0.0007
resizing strategy,3,0.0007
cycle validation,3,0.0007
n grams,3,0.0007
concurrency simulation,3,0.0007
quadratic functions,3,0.0007
submatrix check,3,0.0007
boundary tracing,3,0.0007
softmax,3,0.0007
similarity check,3,0.0007
positive definite matrix,3,0.0007
skyline problem,3,0.0007
collectionsdefaultdict,3,0.0007
bitmasking optional,3,0.0007
splitting,3,0.0007
minimum capacity path,3,0.0007
file path handling,3,0.0007
recursive tiling,3,0.0007
broadcasting,3,0.0007
operation sequencing,3,0.0007
dag traversal,3,0.0007
substring replacement,3,0.0007
teleportation optimization,3,0.0007
arithmetic expressions,3,0.0007
modeling as graph,3,0.0007
information retrieval,3,0.0007
3d data structures,3,0.0007
tolerance check,3,0.0007
dbscan,3,0.0007
efficient counting with maps,3,0.0007
index adjustment,3,0.0007
slicing logic,3,0.0007
date filtering,3,0.0007
looping and filtering,3,0.0007
minmax tracking,3,0.0007
domino tiling,3,0.0007
time dependent graph traversal,3,0.0007
logic puzzles,3,0.0007
data processing by group,3,0.0007
bfs with state expansion,3,0.0007
edge construction,3,0.0007
math expression evaluation,3,0.0007
chessboard validation,3,0.0007
dynamic programming bfs based,3,0.0007
line circle distance,3,0.0007
heuristic search if optimized,3,0.0007
data structures maps dictionaries,3,0.0007
angle normalization,3,0.0007
custom parser,3,0.0007
gf2,3,0.0007
division,3,0.0007
expression conversion,3,0.0007
net flow debt settlement,3,0.0007
gauss seidel iteration,3,0.0007
prefix suffix minmax tracking,3,0.0007
graphics,3,0.0007
3d space,3,0.0007
output generation,3,0.0007
stack or queue,3,0.0007
alphabet encodingdecoding,3,0.0007
financial calculation,3,0.0007
object state management,3,0.0007
matrix path finding,3,0.0007
custom implementation,3,0.0007
impossible check,3,0.0007
obfuscation,3,0.0007
hybrid sorting algorithm,3,0.0007
subsequence sum parity,3,0.0007
crout algorithm,3,0.0007
redundant edges,3,0.0007
k largest elements,3,0.0007
heuristics optional for optimization,3,0.0007
file io optimization,3,0.0007
path length query,3,0.0007
edge selection,3,0.0007
prefix path handling,3,0.0007
custom comparison function,3,0.0007
switch case,3,0.0007
metaheuristic,3,0.0007
probabilistic acceptance,3,0.0007
path filtering,3,0.0007
rectangle validation,3,0.0007
insertion optimization,3,0.0007
array based multiplication,3,0.0007
decimal library,3,0.0007
loop implementation,3,0.0007
logical consistency,3,0.0007
product of array except self,3,0.0007
fifo,3,0.0007
complex number operations,3,0.0007
big integer addition,3,0.0007
padded formatting,3,0.0007
ospath module,3,0.0007
bayesian inference,3,0.0007
leaf node counting,3,0.0007
python slicing,3,0.0007
manual date parsing,3,0.0007
merge lists,3,0.0007
infix notation,3,0.0007
bottleneck finding,3,0.0007
0 1 knapsack problem,3,0.0007
square root computation,3,0.0007
mass calculation,3,0.0007
positive definite matrix check,3,0.0007
chessboard coloring,3,0.0007
ternary operator,3,0.0007
full binary tree properties,3,0.0007
spatial reasoning,3,0.0007
sorting and selection,3,0.0007
2 edge connected graph,3,0.0007
multi set matching,3,0.0007
cyclic behavior,3,0.0007
rate calculation,3,0.0007
agglomerative clustering,3,0.0007
memory constraints,3,0.0007
overlapping substrings,3,0.0007
in place removal,3,0.0007
multi directional search,3,0.0007
linear time selection,3,0.0007
linear transformation,3,0.0007
node swapping,3,0.0007
time difference,3,0.0007
custom data handling,3,0.0007
hmac sha1,3,0.0007
averaging,3,0.0007
parentheses placement,3,0.0007
efficient subarray search,3,0.0007
array iteration,3,0.0007
extraction,3,0.0007
candy distribution,3,0.0007
prefix product calculation,3,0.0007
k ary huffman tree,3,0.0007
brainfuck code generation,3,0.0007
k ary huffman coding,3,0.0007
splitting algorithms,3,0.0007
time interval,3,0.0007
observation based problem,3,0.0007
stack based processing,3,0.0007
heuristic search a or ida,3,0.0007
factorial understanding,3,0.0007
hashing or set for visited states,3,0.0007
hashing character mapping,3,0.0007
matrix subarray check,3,0.0007
search binary search,3,0.0007
majority vote algorithm,3,0.0007
character iteration,3,0.0007
algorithmic game theory,3,0.0007
esoteric languages,3,0.0007
sieve like generation,3,0.0007
digit array,3,0.0007
brainfuck interpreter,3,0.0007
bottleneck edge detection,3,0.0007
fractional arithmetic,3,0.0007
checking for transitivity,3,0.0007
parity manipulation,3,0.0007
mathematical game analysis,3,0.0007
bresenhams algorithm,3,0.0007
file manipulation,3,0.0007
graphical output,3,0.0007
conditional formatting,3,0.0007
chess board representation,3,0.0007
character swapping,3,0.0007
minimum path tracking,3,0.0007
scientific notation conversion,3,0.0007
quaternions,3,0.0007
probabilistic primality testing,3,0.0007
gnome sort,3,0.0007
profit calculation,3,0.0007
console output,3,0.0007
retry mechanism,3,0.0007
failure function,3,0.0007
hash table set,3,0.0007
tree balance check,3,0.0007
data structure modification,3,0.0007
edmonds karp variant,3,0.0007
comparison based logic,3,0.0007
code minification,3,0.0007
mathematical differentiation,3,0.0007
priority queue set,3,0.0007
hexadecimal parsing,3,0.0007
multi test cases,3,0.0007
parity conditions,3,0.0007
cipher algorithm,3,0.0007
square root simplification,3,0.0007
data grouping,3,0.0007
frequent itemset mining,3,0.0007
distance metrics,3,0.0007
coordinate systems,3,0.0007
path calculation,3,0.0007
robotics simulation,3,0.0007
memoryview,3,0.0007
minimum path problem,3,0.0007
mathfloor,3,0.0007
command history management,3,0.0007
linked list simulation,3,0.0007
horizontal scanning,3,0.0007
vertical scanning,3,0.0007
parsing with regular expressions,3,0.0007
mathematical conjecture verification,3,0.0007
text generation,3,0.0007
two pass bfs,3,0.0007
coloring strategy,3,0.0007
series analysis,3,0.0007
permutation pattern matching,3,0.0007
dynamic programming for palindrome check optimization,3,0.0007
fractional ratios,3,0.0007
dynamic programming for palindrome checking,3,0.0007
trie suffix automaton,3,0.0007
floor and ceiling functions,3,0.0007
comparison functions,3,0.0007
efficient sieve methods,3,0.0007
time and space optimization,3,0.0007
rectangle overlap checking,3,0.0007
polyomino placement,3,0.0007
data structure properties,3,0.0007
n queens,3,0.0007
index validation,3,0.0007
statistical computation,3,0.0007
mastermind strategy,3,0.0007
convex polygons,3,0.0007
koch curve,3,0.0007
time based event handling,3,0.0007
one pass,3,0.0007
data structure hash mapdictionary,3,0.0007
brute force with minimization,3,0.0007
even degree graph,3,0.0007
line segment length calculation,3,0.0007
function handling,3,0.0007
digit array processing,3,0.0007
input sanitization,3,0.0007
exact algorithm,3,0.0007
recursion iteration,3,0.0007
k th element search,3,0.0007
ordered operations,3,0.0007
memory bounded algorithms,3,0.0007
avoiding duplicates,3,0.0007
complete graph check,3,0.0007
space efficient algorithms,3,0.0007
time zones,3,0.0007
insertion sort variant,3,0.0007
mathematical statistics,3,0.0007
recursive permutations,3,0.0007
negative base arithmetic,3,0.0007
subgraph search,3,0.0007
interval decoding,3,0.0007
iterative refinement,3,0.0007
vector manipulation,3,0.0007
mutual exclusion,3,0.0007
jaccard similarity,3,0.0007
efficient matrix update,3,0.0007
digit reversal,3,0.0007
apriori algorithm,3,0.0007
minimum spanning subgraph,3,0.0007
np hard,3,0.0007
numerical differentiation,3,0.0007
pattern validation,3,0.0007
heavy light decomposition hld alternative,3,0.0007
comment parsing,3,0.0007
pattern repetition,3,0.0007
digit frequency analysis,3,0.0007
dynamic state transition,3,0.0007
divisor sum,3,0.0007
discrete fourier transform dft,3,0.0007
basic data structures,3,0.0007
efficient pair generation,3,0.0007
error detection,3,0.0007
bzouts identity,3,0.0007
multi step pathfinding,3,0.0007
bitmasking or state representation,3,0.0007
pseudorandom number generation,3,0.0007
moving average,3,0.0007
redundancy check,3,0.0007
cumulative distribution,3,0.0007
polar angle sorting,3,0.0007
sieve of eratosthenes for small primes,3,0.0007
difflib,3,0.0007
toggle operations,3,0.0007
minimum subset sum,3,0.0007
string transformation,3,0.0007
suffix automaton interval management,3,0.0007
periodic array,3,0.0007
line parabola intersection,3,0.0007
minimum diameter path,3,0.0007
prefix summation,3,0.0007
sparce table,3,0.0007
history tracking,3,0.0007
dynamic bipartiteness checking,3,0.0007
segment optimization,3,0.0007
cyclicity of powers,3,0.0007
union find with color tracking,3,0.0007
subword search,3,0.0007
sparse swaps,3,0.0007
power summation,3,0.0007
event line processing,3,0.0007
angle and distance calculations,3,0.0007
array expansion,3,0.0007
linked data structures,3,0.0007
linear feedback shift register lfsr,3,0.0007
tetromino,3,0.0007
truth table processing,3,0.0007
maze construction,3,0.0007
characteristic polynomial,3,0.0007
dual graph construction,3,0.0007
automaton aho corasick,3,0.0007
expression minimization,3,0.0007
character generation,3,0.0007
shortest superstring,3,0.0007
spigot algorithm,3,0.0007
portals,3,0.0007
combinatory logic,3,0.0007
polygon simplification,3,0.0007
graph enumeration,3,0.0007
logic reasoning,3,0.0007
line and point queries,3,0.0007
rule based validation,3,0.0007
artificial intelligence,3,0.0007
pattern occurrence,3,0.0007
integer sequences,3,0.0007
matrix state compression,3,0.0007
symmetry and combinatorics,3,0.0007
factorial arithmetic,3,0.0007
format conversion,3,0.0007
data sorting,3,0.0007
minimum spanning tree kruskals algorithm,3,0.0007
data structure dictionaryhash map,3,0.0007
data structure transformation,3,0.0007
heaps max heap and min heap,3,0.0007
efficient arithmetic operations,3,0.0007
graph components,3,0.0007
state compression bitmask,3,0.0007
efficient or computation,3,0.0007
sos sum over subsets dp,3,0.0007
geometric insight,3,0.0007
coordinate system traversal,3,0.0007
fast power binary exponentiation,3,0.0007
maximizing minimum edge,3,0.0007
multiple state dijkstra,3,0.0007
finite fields f2,3,0.0007
prefixsuffix minimummaximum,3,0.0007
circular array traversal,3,0.0007
digit product,3,0.0007
fraction programming,3,0.0007
set counting,3,0.0007
string substring matching,3,0.0007
mathematical invariants,3,0.0007
longest path in grid,3,0.0007
efficient edge handling,3,0.0007
efficient connectivity queries,3,0.0007
substring removal,3,0.0007
maximum weight spanning tree,3,0.0007
minimum lexicographical rotation,3,0.0007
dynamic list expansion,3,0.0007
sparse table or segment tree,3,0.0007
two dimensional dp optimization,3,0.0007
interval representation,3,0.0007
periodic array analysis,3,0.0007
prefix gcd processing,3,0.0007
data structure with cancellations,3,0.0007
efficient gcd usage,3,0.0007
check and checkmate detection,3,0.0007
efficient max tracking,3,0.0007
balanced grouping,3,0.0007
nimber grundy numbers,3,0.0007
prefixsuffix minima,3,0.0007
data structures setsmaps,3,0.0007
polynomial differences,3,0.0007
tree or stack based folding representation,3,0.0007
efficient step calculation,3,0.0007
efficient multiplication table check,3,0.0007
segment tree or sweep line,3,0.0007
minimum spanning tree mst concept,3,0.0007
merge process optimization,3,0.0007
orthogonality,3,0.0007
prefix factorials,3,0.0007
efficient lis variant,3,0.0007
efficient xor generation,3,0.0007
periodicity pisano period,3,0.0007
custom lexicographical sorting,3,0.0007
candidate generation,3,0.0007
optimal path construction,3,0.0007
symmetry and path matching,3,0.0007
tree hierarchical structures,3,0.0007
trie prefix tree conceptual,3,0.0007
transform composition,3,0.0007
steady state analysis,3,0.0007
counting and matching,3,0.0007
batch query processing,3,0.0007
counting and frequency analysis,3,0.0007
2d prefix maximums,3,0.0007
shape representation,3,0.0007
multiset comparison,3,0.0007
nextprevious permutation,3,0.0007
suffix automaton string processing,3,0.0007
factorial preprocessing,3,0.0007
two paths,3,0.0007
sum of squares theorem,3,0.0007
event based query handling,3,0.0007
tree and hierarchies,3,0.0007
subgrids enumeration,3,0.0007
euler characteristic,3,0.0007
permutation lexicographical order,3,0.0007
data structures mapshashes,3,0.0007
nash equilibrium,3,0.0007
ancestor counting,3,0.0007
adjacency listmatrix,3,0.0007
color tracking,3,0.0007
optimized for large inputs,3,0.0007
efficient tree updates,3,0.0007
max gap calculation,3,0.0007
suffix constraints,3,0.0007
equation simplification,3,0.0007
enumerative search,3,0.0007
transformation matching,3,0.0007
data structure multiset,3,0.0007
geometric search,3,0.0007
enumeration of intervals,3,0.0007
reciprocal calculation,3,0.0007
basis construction gaussian elimination over gf2,3,0.0007
real number handling,3,0.0007
stabilization process,3,0.0007
iterating divisors,3,0.0007
edge deletion strategy,3,0.0007
line and point geometry,3,0.0007
stabilization,3,0.0007
root analysis,3,0.0007
suffix maximum queries,3,0.0007
math lcmdivisibility,3,0.0007
simultaneous equations,3,0.0007
k spanning forest,3,0.0007
comparison of real numbers,3,0.0007
prefix subarray validation,3,0.0007
efficient graph construction,3,0.0007
linear algebra modulo 2,3,0.0007
unordered map,3,0.0007
lexicographic search,3,0.0007
graph game,3,0.0007
high performance algorithms,3,0.0007
suffix maximums,3,0.0007
puzzle simulation,3,0.0007
prefix path queries,3,0.0007
multi dimensional dijkstra,3,0.0007
prefix divisors,3,0.0007
perpendicular bisector,3,0.0007
sign change detection,3,0.0007
matrix padding,3,0.0007
tree distance,3,0.0007
key management,3,0.0007
batch updates,3,0.0007
indentation checking,3,0.0007
distributed algorithms,3,0.0007
polyhedron volume calculation,3,0.0007
coprimes,3,0.0007
grid partitioning,3,0.0007
object oriented modeling,3,0.0007
instruction set emulation,3,0.0007
card game strategy,3,0.0007
non intersecting paths,3,0.0007
degree sequence validation,3,0.0007
merging data structures,3,0.0007
fault tolerance,3,0.0007
2d range sum,3,0.0007
memory alignment,3,0.0007
tree merging,3,0.0007
advanced data structures,3,0.0007
communication strategy,3,0.0007
python grammar,3,0.0007
point in polyhedron,3,0.0007
maximum path query,3,0.0007
efficient mapdictionary,3,0.0007
method binding,3,0.0007
gift wrapping algorithm quickhull,3,0.0007
ordering,3,0.0007
suffix manipulation,3,0.0007
li chao tree,3,0.0007
tournament bracket analysis,3,0.0007
tree and graph algorithms,3,0.0007
dynamic array generation,3,0.0007
suffix minimums,3,0.0007
matrix dp,3,0.0007
maximum path in mst,3,0.0007
tree or graph,3,0.0007
recursive power tower,3,0.0007
string concatenation optimization,3,0.0007
color mapping,3,0.0007
prefix maximum analysis,3,0.0007
angular optimization,3,0.0007
bash game,3,0.0007
efficient loop detection,3,0.0007
mass center calculation,3,0.0007
slope comparison,3,0.0007
color transformation,3,0.0007
chain reaction handling,3,0.0007
shortest path dijkstra,3,0.0007
cycle creation,3,0.0007
prefixsuffix maxmin,3,0.0007
key door puzzle,3,0.0007
bnf grammar parsing,3,0.0007
tree centroid decomposition conceptual,3,0.0007
efficient convolution,3,0.0007
multi dimensional state representation,3,0.0007
reversible computing,3,0.0007
data structures tree priority queue,3,0.0007
nearest character calculation,3,0.0007
special cases handling,3,0.0007
efficient constraints handling,3,0.0007
union find or interval merging,3,0.0007
system module,3,0.0007
power sum calculation,3,0.0007
disjoint set union dsu with rollback,3,0.0007
exchange rates,3,0.0007
family relationship modeling,3,0.0007
efficient intersection checking,3,0.0007
regex parsing,3,0.0007
3sum variant,3,0.0007
tree structure analysis,3,0.0007
route validation,3,0.0007
qr decomposition,3,0.0007
bishops diagonals,3,0.0007
longest alternating subsequence,3,0.0007
randomized strategy,3,0.0007
circle circle intersection,3,0.0007
efficient recalculation,3,0.0007
class decorators,3,0.0007
stadium allocation,3,0.0007
edge cactus properties,3,0.0007
periodic analysis,3,0.0007
dice orientation,3,0.0007
hierarchical relationships,3,0.0007
recursive output,3,0.0007
cat program,3,0.0007
game state management,3,0.0007
search operations,3,0.0007
capacity scaling,3,0.0007
line and angle analysis,3,0.0007
repeating decimal handling,3,0.0007
kummers theorem,3,0.0007
prefix and suffix mod tracking,3,0.0007
multiple visits,3,0.0007
path coloring,3,0.0007
composite shape decomposition,3,0.0007
tetris like game logic,3,0.0007
edge classification in mst,3,0.0007
symmetry and rotation handling,3,0.0007
centroid of a tree,3,0.0007
circle sector,3,0.0007
line and angle calculation,3,0.0007
minimum eccentricity,3,0.0007
efficient intersection detection,3,0.0007
tree edge coloring,3,0.0007
proportional distance check,3,0.0007
leaf detection,3,0.0007
spatial partitioning,3,0.0007
geometric partitioning,3,0.0007
primitive root computation,3,0.0007
queue or bfs,3,0.0007
graph embedding,3,0.0007
bishops diagonal properties,3,0.0007
physics speed distance time,3,0.0007
argument count matching,3,0.0007
bitmap matching,3,0.0007
randomized input handling,3,0.0007
breadth first search bfs with priority queue,3,0.0007
mixed integer and continuous optimization,3,0.0007
heap max,3,0.0007
minimum edge subset,3,0.0007
counting under symmetry,3,0.0007
rotation of points,3,0.0007
segment tree or interval management,3,0.0007
character frequency handling,3,0.0007
interval propagation,3,0.0007
cycle basis,3,0.0007
edge selection strategy,3,0.0007
subsequence operations,3,0.0007
balance tracking,3,0.0007
asymmetric encryption,3,0.0007
color grouping,3,0.0007
chudnovsky algorithm,3,0.0007
efficient k th element search,3,0.0007
polygon inclusion,3,0.0007
coordinate transformations,3,0.0007
multiple string lcs,3,0.0007
gaussian elimination binary field,3,0.0007
mapshash tables,3,0.0007
permutation group theory,3,0.0007
convex polygon processing,3,0.0007
modified edge usage,3,0.0007
character removal simulation,3,0.0007
color checking,3,0.0007
tree set ordered map,3,0.0007
bitwise modulo,3,0.0007
flow decomposition,3,0.0007
heap min max,3,0.0007
priority queue map,3,0.0007
external sorting,3,0.0007
smallest prime factor,3,0.0007
permutations with identical elements,3,0.0007
circular dependency handling,3,0.0007
semi group closure,3,0.0007
efficient set merging,3,0.0007
directed acyclic subgraph,3,0.0007
mst kruskal or prim,3,0.0007
bipartite modeling,3,0.0007
dfs optimization,3,0.0007
edge ordering,3,0.0007
data structures stackqueue,3,0.0007
sparse graph construction,3,0.0007
euler tour tree traversal,3,0.0007
multi layered constraints,3,0.0007
multiple scenarios,3,0.0007
segment tree or range minimum query rmq,3,0.0007
all subarrays enumeration optimization,3,0.0007
binary tree thinking,3,0.0007
multi source bfs or dfs,3,0.0007
grundy numbers mex,3,0.0007
bruijn sequence concept,3,0.0007
binary search analysis,3,0.0007
distance formula,3,0.0007
recursive state representation,3,0.0007
grid hashing,3,0.0007
3d traversal,3,0.0007
segment trees or prefix arrays,3,0.0007
bruijn graphs,3,0.0007
event based query processing,3,0.0007
hashing memoization,3,0.0007
line obstacle intersection,3,0.0007
substring uniqueness,3,0.0007
efficient pair sum search,3,0.0007
time complexity o1 per query,3,0.0007
recursive state evaluation,3,0.0007
efficient lis patience sorting,3,0.0007
modulo sequence generation,3,0.0007
spanning subgraph,3,0.0007
bfs shortest path,3,0.0007
range overlap detection,3,0.0007
recursive state transitions,3,0.0007
polygon kernel,3,0.0007
time complexity linear,3,0.0007
optimal adjustment,3,0.0007
algorithms immutable objects,3,0.0007
subspace comparison,3,0.0007
line distance from origin,3,0.0007
conditionals and logic,3,0.0007
nearest point calculation,3,0.0007
random graph,3,0.0007
spatial query optimization,3,0.0007
algorithms normalization,3,0.0007
multiset ordered set,3,0.0007
digit by digit calculation,3,0.0007
minimummaximum calculation,3,0.0007
puzzle,3,0.0007
state space reduction,3,0.0007
terminal output,3,0.0007
generating sequences,3,0.0007
range update and range query,3,0.0007
rotated shape recognition,3,0.0007
polyglot programming,3,0.0007
self replicating programs,3,0.0007
hypercube,3,0.0007
nfa to dfa conversion,3,0.0007
hand evaluation,3,0.0007
rotation invariance,3,0.0007
efficient tree construction,3,0.0007
heavy light decomposition hld or tree traversal,3,0.0007
matrix pattern analysis,3,0.0007
edge weight constraints,3,0.0007
problem solving with queries,3,0.0007
biginteger arithmetic,3,0.0007
merge sort inversion count,3,0.0007
prefix suffix relationships,3,0.0007
copy on write,3,0.0007
edge removal queries,3,0.0007
xor handling,3,0.0007
gcd preprocessing,3,0.0007
tree reversal,3,0.0007
point in polygon test,3,0.0007
segmentation for range queries,3,0.0007
geometric progression gp,3,0.0007
line integral,3,0.0007
fast fourier transform fft ntt,3,0.0007
elementary symmetric sum,3,0.0007
color frequency tracking,3,0.0007
online deletion,3,0.0007
tree path operations,3,0.0007
geometric interpretation,3,0.0007
dynamic strings,3,0.0007
segment tree with frequency count,3,0.0007
permutation rank calculation,3,0.0007
factoradic number system,3,0.0007
dynamic construction,3,0.0007
clock based dynamics,3,0.0007
knapsack with constraints,3,0.0007
matrix theory,3,0.0007
haiku construction,3,0.0007
path length tracking,3,0.0007
cube rotation simulation,3,0.0007
algebraic numbers,3,0.0007
infinite spiral traversal,3,0.0007
divisors preprocessing,3,0.0007
line processing,3,0.0007
multi level graph processing,3,0.0007
tree based search,3,0.0007
adaptive strategies,3,0.0007
optimized with multiplicative techniques,3,0.0007
experience calculation,3,0.0007
bipartition optimization,3,0.0007
point alignment check,3,0.0007
2d frequency counting,2,0.0004
hashingfrequency count,2,0.0004
functional iteration,2,0.0004
permutation identification,2,0.0004
tracking minimum values,2,0.0004
clause processing,2,0.0004
logical parsing,2,0.0004
sliding window on sorted unique elements,2,0.0004
max value tracking,2,0.0004
segment update,2,0.0004
validation of parentheses,2,0.0004
data structures arrays trees,2,0.0004
custom character mapping,2,0.0004
multiset frequency map,2,0.0004
parity based sorting,2,0.0004
prefix sum lazy propagation,2,0.0004
character pairing,2,0.0004
dynamic state optimization,2,0.0004
unique circle determination,2,0.0004
lis variants,2,0.0004
dynamic path construction,2,0.0004
even degree assignment,2,0.0004
data modification constraints,2,0.0004
monotonic stack implicit,2,0.0004
subarray zero sum,2,0.0004
adjacency map,2,0.0004
bfsdfs on shortest path tree,2,0.0004
automaton comparison,2,0.0004
reversing sublists,2,0.0004
efficient counting fenwick tree or prefix sum,2,0.0004
reorder list,2,0.0004
convolution modified,2,0.0004
minimum spanning tree conceptual similarity,2,0.0004
merge sort for count inversions,2,0.0004
ad hoc data structures,2,0.0004
calendar week computation,2,0.0004
maps hashing,2,0.0004
currency problem,2,0.0004
maximal subgraph,2,0.0004
modular hashing,2,0.0004
fraction representation,2,0.0004
segment properties,2,0.0004
exact step count,2,0.0004
visualization,2,0.0004
directory traversal,2,0.0004
perfect hashing,2,0.0004
chuliuedmonds algorithm,2,0.0004
bit reversal,2,0.0004
prime factors,2,0.0004
canonical representation,2,0.0004
dithering,2,0.0004
jacobi method,2,0.0004
test case generation,2,0.0004
tuple packing,2,0.0004
matrix grid traversal,2,0.0004
stock trading optimization,2,0.0004
circular data handling,2,0.0004
boolean function implementation,2,0.0004
observation based problem solving,2,0.0004
dynamic programming erdos szekeres theorem,2,0.0004
trie binary strings,2,0.0004
esolang,2,0.0004
currency change problem,2,0.0004
swapping constraints,2,0.0004
file formatting,2,0.0004
data structures mapsdictionary,2,0.0004
queue event based processing,2,0.0004
prefix and suffix bounds,2,0.0004
trie or hash based optimization,2,0.0004
tree post order traversal,2,0.0004
tree to parent mapping,2,0.0004
2d range analysis,2,0.0004
tree and forest,2,0.0004
half plane representation,2,0.0004
point location in planar arrangement,2,0.0004
reversibility,2,0.0004
binary array reconstruction,2,0.0004
topological traversal,2,0.0004
substring avoidance,2,0.0004
mathematical combinations,2,0.0004
boyer moore majority vote algorithm,2,0.0004
run length analysis,2,0.0004
suffix maximum array,2,0.0004
knapsack dp,2,0.0004
quantum state discrimination,2,0.0004
previous greater element,2,0.0004
maximum sum increasing subsequence,2,0.0004
optimal stopping,2,0.0004
rmq,2,0.0004
interaction handling,2,0.0004
2d array handling,2,0.0004
cube check,2,0.0004
breadth first search bfs with state tracking,2,0.0004
two way mapping check,2,0.0004
fraction optimization,2,0.0004
vector calculus,2,0.0004
visibility detection,2,0.0004
tree or graph validation,2,0.0004
matrix 2d array,2,0.0004
grecommon divisortest,2,0.0004
adversarial construction,2,0.0004
multi layered grid traversal,2,0.0004
maximum depth calculation,2,0.0004
decimal to fraction,2,0.0004
sliding window on sorted keys,2,0.0004
breadth first search bfs or depth first search dfs,2,0.0004
two pass check,2,0.0004
eulerian path circuit,2,0.0004
data structures arraysobjects,2,0.0004
segment tree 2d or sparse updates,2,0.0004
tree level traversal,2,0.0004
integer flow,2,0.0004
tree boundary traversal,2,0.0004
path updates and queries,2,0.0004
segment trees or line sweep,2,0.0004
extended euclidean algorithm for polynomials,2,0.0004
matrix chain multiplication variant,2,0.0004
loop termination conditions,2,0.0004
perfect cube check,2,0.0004
bzier curves,2,0.0004
range overlap,2,0.0004
iterative sequence,2,0.0004
binary constraints,2,0.0004
optimal query strategy,2,0.0004
currency system analysis,2,0.0004
map or array storage,2,0.0004
square search,2,0.0004
maximum depth,2,0.0004
algorithms recreational,2,0.0004
directional constraints,2,0.0004
large number comparison,2,0.0004
observation and logic,2,0.0004
binary tree decomposition,2,0.0004
quantum oracles,2,0.0004
graph diameter optimization,2,0.0004
prims algorithm kruskals algorithm,2,0.0004
polygon coverage,2,0.0004
rule based replacement,2,0.0004
grid pattern recognition,2,0.0004
bfs kahns algorithm,2,0.0004
grid pattern analysis,2,0.0004
bubble sort variation,2,0.0004
simultaneous search,2,0.0004
hexadecimal to binary,2,0.0004
vowel consonant classification,2,0.0004
graph traversal activity selection,2,0.0004
two way mapping,2,0.0004
efficient data updates,2,0.0004
odometer logic,2,0.0004
2d projection,2,0.0004
suffix updates,2,0.0004
mathematical pattern generation,2,0.0004
billiard dynamics,2,0.0004
bubble sort variant,2,0.0004
pair state representation,2,0.0004
expression normalization,2,0.0004
string tokenization,2,0.0004
inequality counting,2,0.0004
efficient pair comparison,2,0.0004
unbounded counting,2,0.0004
prohibited pattern avoidance,2,0.0004
polygon point visibility,2,0.0004
efficient allocation,2,0.0004
line slope,2,0.0004
nearest prime calculation,2,0.0004
object representation,2,0.0004
fixed parameter tractability,2,0.0004
clique enumeration,2,0.0004
bitsets,2,0.0004
subset sum reconstruction,2,0.0004
shortest common superstring,2,0.0004
prefix free code,2,0.0004
custom encoding schemes,2,0.0004
filtering edges,2,0.0004
shortestlongest path,2,0.0004
segment sum,2,0.0004
list generation,2,0.0004
algorithms encodingdecoding,2,0.0004
pattern reuse,2,0.0004
linearity and convexity,2,0.0004
horizontal distance calculation,2,0.0004
custom alphabet,2,0.0004
mathematical deduction,2,0.0004
bruijn sequence,2,0.0004
greedy with constraints,2,0.0004
combination,2,0.0004
efficient pair calculation,2,0.0004
validation of constraints,2,0.0004
queue or stack,2,0.0004
convolution like processing,2,0.0004
grid path blocking,2,0.0004
splay tree or balanced bst,2,0.0004
data mapping dictionary,2,0.0004
number classification,2,0.0004
sector overlap detection,2,0.0004
move generation,2,0.0004
polynomial exponentiation,2,0.0004
prefixsuffix maximums,2,0.0004
turtle simulation,2,0.0004
max path,2,0.0004
instruction set simulation,2,0.0004
3d state transition,2,0.0004
efficient time calculation,2,0.0004
state space,2,0.0004
maze parsing,2,0.0004
dynamic cost,2,0.0004
data range constraints,2,0.0004
ebnf grammar,2,0.0004
triple correlation detection,2,0.0004
number theory gcd,2,0.0004
time synchronization,2,0.0004
bisection search,2,0.0004
fractional knapsack concept,2,0.0004
time based state changes,2,0.0004
matrix input,2,0.0004
minimum cost partition,2,0.0004
recursive state space,2,0.0004
incircle,2,0.0004
problem solving with grids,2,0.0004
geometric calculation,2,0.0004
acme distance,2,0.0004
cache replacement policy,2,0.0004
linearity check,2,0.0004
segment tree or frequency count,2,0.0004
logical expression parsing,2,0.0004
indices,2,0.0004
matrix subarray problems,2,0.0004
balanced strings,2,0.0004
clock arithmetic,2,0.0004
tree centroid center,2,0.0004
multi source bfs state tracking,2,0.0004
vector processing,2,0.0004
efficient string traversal,2,0.0004
data structure treeset ordered set,2,0.0004
command line lexing,2,0.0004
graph theory implicit graph,2,0.0004
segment tracking,2,0.0004
logical expression evaluation,2,0.0004
union find disjoint set union alternative,2,0.0004
custom divisibility,2,0.0004
multi dimensional grid,2,0.0004
multiples enumeration,2,0.0004
ipv6 address handling,2,0.0004
bipartition check,2,0.0004
efficient sieve for small ranges,2,0.0004
parsing with parentheses,2,0.0004
disjoint sets union find,2,0.0004
difference constraint,2,0.0004
optimal transformation,2,0.0004
bridges and cut vertices,2,0.0004
math divisors,2,0.0004
efficient substring calculation,2,0.0004
graph bipartition,2,0.0004
dynamic programming on sequences,2,0.0004
phonetic algorithms,2,0.0004
graph processing,2,0.0004
knuth optimization or similar for bounded constraints,2,0.0004
game state evaluation,2,0.0004
handling large inputs,2,0.0004
state tracking stamina and position,2,0.0004
team based constraints,2,0.0004
shortestlongest path in dag,2,0.0004
longest path with constraint,2,0.0004
shape analysis,2,0.0004
matrix updates and queries,2,0.0004
union find with weights,2,0.0004
looping and searching,2,0.0004
recursive geometry,2,0.0004
coordinate grid traversal,2,0.0004
event conflict checking,2,0.0004
weighted selection,2,0.0004
norm calculation,2,0.0004
triangle intersection,2,0.0004
efficient range maximum query,2,0.0004
admissible heuristics,2,0.0004
numbertheory,2,0.0004
primefactorization,2,0.0004
strictly increasing subsequence,2,0.0004
multi layer grid,2,0.0004
primitive root finding,2,0.0004
sieve of eratosthenes alternative,2,0.0004
python built ins,2,0.0004
file streaming,2,0.0004
aes,2,0.0004
abundant numbers,2,0.0004
image scaling,2,0.0004
gray code generation,2,0.0004
trie optional optimization,2,0.0004
twin primes detection,2,0.0004
list concatenation,2,0.0004
suffix minimum array,2,0.0004
interval calculation,2,0.0004
least squares fitting,2,0.0004
reverse pairs,2,0.0004
sorting properties,2,0.0004
knights movement,2,0.0004
consistent hashing,2,0.0004
scanline algorithm,2,0.0004
fcfs,2,0.0004
missing value handling,2,0.0004
prefix query,2,0.0004
timing attack,2,0.0004
right angled triangles,2,0.0004
fermats factorization,2,0.0004
upper bound estimation,2,0.0004
data structures mapsobjects,2,0.0004
python class,2,0.0004
h index,2,0.0004
subgraph selection,2,0.0004
suffix max,2,0.0004
perfect square properties,2,0.0004
data structure operations,2,0.0004
efficient divisibility check,2,0.0004
maximum frequency,2,0.0004
text alignment,2,0.0004
data reconstruction,2,0.0004
math series,2,0.0004
trigonometric calculations,2,0.0004
priority queue selection,2,0.0004
polygon perimeter calculation,2,0.0004
average time complexity analysis,2,0.0004
ipv4ipv6 validation,2,0.0004
hashing for uniqueness,2,0.0004
unimodal array,2,0.0004
first occurrence search,2,0.0004
sedgewick gap,2,0.0004
mathematical logarithms,2,0.0004
functoolsreduce,2,0.0004
dynamic priority adjustment,2,0.0004
update in heap,2,0.0004
point classification,2,0.0004
time complexity o1 or olog n,2,0.0004
xor subarray counting,2,0.0004
multi source bfs path optimization,2,0.0004
lis longest increasing subsequence variants,2,0.0004
number decomposition,2,0.0004
state space optimization,2,0.0004
segment deletion optimization,2,0.0004
balanced substrings,2,0.0004
topological processing,2,0.0004
line wrapping,2,0.0004
condition evaluation,2,0.0004
redistribution,2,0.0004
slope and intercept,2,0.0004
factorials with modulo,2,0.0004
line tracking,2,0.0004
minimum boundary tracking,2,0.0004
tridiagonal matrix,2,0.0004
real time computation,2,0.0004
dynamic block size,2,0.0004
iterative improvement,2,0.0004
optimistic concurrency control,2,0.0004
deterministic finite automaton dfa,2,0.0004
cumulative distribution function cdf,2,0.0004
weight constraints,2,0.0004
longest prefixsuffix,2,0.0004
3 opt,2,0.0004
vector calculation,2,0.0004
tree preprocessing,2,0.0004
grid expansion,2,0.0004
inverse kinematics,2,0.0004
character frequency management,2,0.0004
max path finding,2,0.0004
potential method,2,0.0004
string permutation,2,0.0004
dot product calculation,2,0.0004
3d grid navigation,2,0.0004
bounded hops,2,0.0004
data decompression,2,0.0004
kadanes algorithm variation,2,0.0004
timedelta,2,0.0004
console logging,2,0.0004
crossover operators,2,0.0004
bfs with constraints,2,0.0004
range validation,2,0.0004
magic methods,2,0.0004
dynamic cost adjustment,2,0.0004
array concatenation,2,0.0004
named tuples,2,0.0004
fft ifft,2,0.0004
state tracking visits count,2,0.0004
auxiliary arrays,2,0.0004
padding zero padding,2,0.0004
sequence transitions,2,0.0004
property methods,2,0.0004
dynamic data processing,2,0.0004
pagination,2,0.0004
tuple operations,2,0.0004
gcd hcf,2,0.0004
dynamic rankings,2,0.0004
stratified sampling,2,0.0004
class based design,2,0.0004
parser design,2,0.0004
parent child relationships,2,0.0004
rectangle properties,2,0.0004
efficient matrix operations,2,0.0004
zigzag pattern recognition,2,0.0004
matrix path,2,0.0004
obstacle navigation,2,0.0004
minimum feedback arc set,2,0.0004
elementary multiplication algorithm,2,0.0004
data structures matrix,2,0.0004
kth smallest query,2,0.0004
cone surface,2,0.0004
xml serialization,2,0.0004
minimum cycle,2,0.0004
multi dimensional array traversal,2,0.0004
peak element,2,0.0004
term frequency,2,0.0004
maximal clique detection,2,0.0004
fallback mechanism,2,0.0004
efficient substring queries,2,0.0004
efficient subarray sum,2,0.0004
consecutive sequence,2,0.0004
coverage problem,2,0.0004
cnf,2,0.0004
constraint validation,2,0.0004
correlation calculation,2,0.0004
graph clustering,2,0.0004
minimum path query,2,0.0004
insertion and deletion in tree,2,0.0004
switch case logic,2,0.0004
cursor operations,2,0.0004
memory monitoring,2,0.0004
binary gcd algorithm,2,0.0004
isbn validation,2,0.0004
rotations leftright,2,0.0004
backtracking for reconstruction,2,0.0004
coordinate normalization,2,0.0004
api integration,2,0.0004
graph detection,2,0.0004
data structures graph adjacency list,2,0.0004
depth limited dfs,2,0.0004
sliding tile puzzle,2,0.0004
padding strategy,2,0.0004
subset analysis,2,0.0004
feature detection,2,0.0004
manual date difference,2,0.0004
hierarchical data,2,0.0004
efficient data conversion,2,0.0004
hash free techniques,2,0.0004
maximum difference in subarray,2,0.0004
6k 1 optimization,2,0.0004
pair swapping,2,0.0004
randomized testing,2,0.0004
stress testing,2,0.0004
first fit,2,0.0004
tree level calculation,2,0.0004
coroutine,2,0.0004
moment of inertia,2,0.0004
polygon centroid calculation,2,0.0004
conflict calculation,2,0.0004
fitness function,2,0.0004
python warnings module,2,0.0004
geometric sequence,2,0.0004
undo operation,2,0.0004
text manipulation,2,0.0004
merge two lists,2,0.0004
infinite iterators,2,0.0004
handling missing data,2,0.0004
queue monotonic queue,2,0.0004
no extra space,2,0.0004
unique elements,2,0.0004
rectangle covering,2,0.0004
error handling input validation,2,0.0004
programming language python,2,0.0004
hashing dictionary usage,2,0.0004
numerical series,2,0.0004
cpu optimization,2,0.0004
circle segment area,2,0.0004
efficient reversal operations,2,0.0004
delta encoding,2,0.0004
quadrilateral properties,2,0.0004
generic programming,2,0.0004
selection problem,2,0.0004
tetrahedron volume,2,0.0004
singleton pattern,2,0.0004
custom iteration,2,0.0004
physics motion,2,0.0004
prefix suffix hashing,2,0.0004
line segment lattice points,2,0.0004
rollback handling,2,0.0004
data type validation,2,0.0004
iterators and generators,2,0.0004
object serialization,2,0.0004
progress tracking,2,0.0004
optimized memory usage,2,0.0004
subnet mask calculation,2,0.0004
iterative simplification,2,0.0004
comprehensions,2,0.0004
asynchronous io,2,0.0004
event loop,2,0.0004
bitwise algorithms,2,0.0004
nested parentheses,2,0.0004
minimum perimeter,2,0.0004
piecewise linear function,2,0.0004
clamping,2,0.0004
ciphers encryption,2,0.0004
heap maxmin,2,0.0004
meeting points,2,0.0004
quadrant classification,2,0.0004
point on line check,2,0.0004
mapping and lookup,2,0.0004
sorting and searching,2,0.0004
manual sorting,2,0.0004
inverse functions,2,0.0004
grahams scan,2,0.0004
efficient increment,2,0.0004
type validation,2,0.0004
unordered set,2,0.0004
data structure treeset or similar,2,0.0004
fizzbuzz,2,0.0004
seeding,2,0.0004
math modulo operation,2,0.0004
mathematics trigonometry,2,0.0004
algorithmic efficiency,2,0.0004
binary tree deserialization,2,0.0004
yaml parsing,2,0.0004
lower bound,2,0.0004
upper bound,2,0.0004
positive definite matrix validation,2,0.0004
hermitian matrix check,2,0.0004
permutation enumeration,2,0.0004
disconnected graphs,2,0.0004
recommendation system,2,0.0004
efficient insertion and query,2,0.0004
middle element finding,2,0.0004
hashing dictionary lookup,2,0.0004
complex number manipulation,2,0.0004
nearly sorted array,2,0.0004
numerical linear algebra,2,0.0004
event line sweeping,2,0.0004
time arithmetic,2,0.0004
2d prefix array,2,0.0004
locks,2,0.0004
range finding,2,0.0004
time based ordering,2,0.0004
tribonacci sequence,2,0.0004
python standard libraries,2,0.0004
fifo queue,2,0.0004
object management,2,0.0004
streaming data,2,0.0004
infinite growth check,2,0.0004
rubiks cube representation,2,0.0004
composite numbers,2,0.0004
selection mechanism,2,0.0004
binary insertion sort,2,0.0004
index comparison,2,0.0004
hashing with swapping,2,0.0004
cooldown scheduling,2,0.0004
random data generation,2,0.0004
variable management,2,0.0004
mastermind game strategy,2,0.0004
accessibility,2,0.0004
set avoid duplicates,2,0.0004
dynamic algorithm selection,2,0.0004
galois fields,2,0.0004
kuhn munkres algorithm,2,0.0004
falling blocks,2,0.0004
pivoting,2,0.0004
prefix to postfix conversion,2,0.0004
monic polynomial,2,0.0004
nested data processing,2,0.0004
ear clipping algorithm,2,0.0004
accumulator pattern,2,0.0004
missing number calculation,2,0.0004
time constraint,2,0.0004
efficient prime search,2,0.0004
histogram computation,2,0.0004
rectangle finding,2,0.0004
aggregation functions,2,0.0004
web scraping,2,0.0004
boolean matrix,2,0.0004
min tracking,2,0.0004
linked list construction,2,0.0004
hopcroft karp algorithm,2,0.0004
elias delta encoding,2,0.0004
elias gamma encoding,2,0.0004
hashing for avoiding duplicates,2,0.0004
set packing,2,0.0004
simple path finding,2,0.0004
symbolic mathematics,2,0.0004
finding maximum,2,0.0004
discrete root,2,0.0004
shortest cycle detection,2,0.0004
array handling,2,0.0004
fenwick tree with coordinate compression,2,0.0004
json data handling,2,0.0004
efficient memory handling,2,0.0004
bytearray conversion,2,0.0004
hash table alternative,2,0.0004
integer to byte conversion,2,0.0004
default dictionary collectionsdefaultdict,2,0.0004
batch normalization,2,0.0004
unknown array size handling,2,0.0004
itertoolszip longest,2,0.0004
efficient search and replace,2,0.0004
polygon algorithms,2,0.0004
subset partition,2,0.0004
unix style path handling,2,0.0004
diffie hellman algorithm,2,0.0004
decimal module usage,2,0.0004
do while loop,2,0.0004
multi pattern matching,2,0.0004
pareto optimality,2,0.0004
interval overlap detection,2,0.0004
graph parsing,2,0.0004
change making,2,0.0004
chessboard problems,2,0.0004
efficient undo mechanism,2,0.0004
named tensors,2,0.0004
tensor reshaping,2,0.0004
statistical hypothesis testing,2,0.0004
randomized pivot,2,0.0004
two way traversal,2,0.0004
neighbor generation,2,0.0004
repeating pattern detection,2,0.0004
mirror tree check,2,0.0004
mathematical conjectures,2,0.0004
segment tree with set,2,0.0004
sorting validation,2,0.0004
debugging output,2,0.0004
dials algorithm,2,0.0004
sentinel value,2,0.0004
trie traversal,2,0.0004
grid based movement,2,0.0004
data structures arraysdictionaries,2,0.0004
user input processing,2,0.0004
heuristics eg manhattan distance,2,0.0004
data structure integrity check,2,0.0004
functional aggregation,2,0.0004
gpu computing,2,0.0004
cryptographic algorithms,2,0.0004
gauss seidel method,2,0.0004
linearithmic time complexity,2,0.0004
element search,2,0.0004
schema validation,2,0.0004
custom reduction function,2,0.0004
binary indexed tree fenwick tree alternative,2,0.0004
optimization algorithms,2,0.0004
vector dot product,2,0.0004
point in triangle test,2,0.0004
morris pratt algorithm,2,0.0004
file system validation,2,0.0004
geometric obstacles,2,0.0004
shapley value,2,0.0004
nested transactions,2,0.0004
balancing algorithms,2,0.0004
2d array rotation,2,0.0004
threshold comparison,2,0.0004
efficient insertion and deletion,2,0.0004
bubble sort concept,2,0.0004
json deserialization,2,0.0004
union find disjoint set forest,2,0.0004
dynamic operations,2,0.0004
priority based optimization,2,0.0004
caching strategies,2,0.0004
symmetric encryption,2,0.0004
hashing sha 1,2,0.0004
matrix reflection,2,0.0004
dictionary comprehension,2,0.0004
baum welch algorithm,2,0.0004
expectation maximization em algorithm,2,0.0004
local maxima detection,2,0.0004
pit detection,2,0.0004
row and column coverage,2,0.0004
efficient subarray calculation,2,0.0004
affine gap penalty,2,0.0004
bounded path length,2,0.0004
dependency check,2,0.0004
fen parsing,2,0.0004
decimal scaling,2,0.0004
almost shortest path,2,0.0004
edge exclusion,2,0.0004
runtime optimization,2,0.0004
warning system,2,0.0004
dynamic scheduling,2,0.0004
filtering and transformation,2,0.0004
outlier removal,2,0.0004
edge weight update,2,0.0004
file io csv parsing,2,0.0004
constrained optimization,2,0.0004
mathematical product,2,0.0004
counter collections,2,0.0004
python ast,2,0.0004
stack based logic,2,0.0004
power calculation,2,0.0004
sobel operator,2,0.0004
balancing techniques,2,0.0004
non crossing matching,2,0.0004
cyclic redundancy check crc,2,0.0004
data integrity verification,2,0.0004
polynomial extrapolation,2,0.0004
time estimation,2,0.0004
time and space complexity,2,0.0004
phonetic algorithm,2,0.0004
loop unrolling,2,0.0004
recursion stack,2,0.0004
random initialization,2,0.0004
unsupervised learning,2,0.0004
dense graphs,2,0.0004
merge k sorted arrays,2,0.0004
sparse matrix optimization,2,0.0004
efficient minimummaximum tracking,2,0.0004
row wise processing,2,0.0004
stable partition,2,0.0004
pseudo random number generation,2,0.0004
semaphores,2,0.0004
state space augmentation,2,0.0004
games,2,0.0004
affine transformation,2,0.0004
range distinct query,2,0.0004
self balancing binary search tree,2,0.0004
dsu with rollback,2,0.0004
prefix sum set tracking,2,0.0004
mastermind,2,0.0004
permutation state representation,2,0.0004
multiset or map,2,0.0004
pixel counting,2,0.0004
coordinate handling,2,0.0004
color quantization,2,0.0004
rectangle union area,2,0.0004
random simulation,2,0.0004
semiprime detection,2,0.0004
cayley table,2,0.0004
symmetric group,2,0.0004
transitive reduction,2,0.0004
ieee 754,2,0.0004
multiple graph layers,2,0.0004
parent child relationship,2,0.0004
prefixsuffix product,2,0.0004
bfsdfs variants,2,0.0004
discrete event processing,2,0.0004
carry propagation,2,0.0004
path finding in trees,2,0.0004
efficient reversal handling,2,0.0004
decimal handling,2,0.0004
minimum distance merging,2,0.0004
custom delimiter handling,2,0.0004
specificity calculation,2,0.0004
data structure matching,2,0.0004
relative speed,2,0.0004
mathematical contribution calculation,2,0.0004
union find disjoint set union optional,2,0.0004
recursive optimization,2,0.0004
perfect number check,2,0.0004
union find alternative,2,0.0004
right triangle check,2,0.0004
validation of conditions,2,0.0004
minimum and maximum calculation,2,0.0004
character operations,2,0.0004
tuple generation,2,0.0004
capitalization,2,0.0004
whitespace trimming,2,0.0004
string mapping,2,0.0004
queueing theory,2,0.0004
validation and edge cases,2,0.0004
error calculation,2,0.0004
optimized time complexity,2,0.0004
polar angle calculation,2,0.0004
trie optional for optimization,2,0.0004
critical edge detection,2,0.0004
jaccard distance,2,0.0004
primitive root validation,2,0.0004
swaps optimization,2,0.0004
removal operation,2,0.0004
incremental algorithms,2,0.0004
obstacle removal,2,0.0004
splitting with regex,2,0.0004
merging sequences,2,0.0004
constraints based search,2,0.0004
gravitational force,2,0.0004
average time complexity,2,0.0004
8 directional movement,2,0.0004
makespan scheduling,2,0.0004
sublist processing,2,0.0004
manual multiplication,2,0.0004
linked list or deque,2,0.0004
subgrid traversal,2,0.0004
o1 operations,2,0.0004
sequence constraints,2,0.0004
mathatan2,2,0.0004
running maximumminimum,2,0.0004
functoolspartial,2,0.0004
multi dimensional search,2,0.0004
iterator manipulation,2,0.0004
low level data processing,2,0.0004
mathematical derivatives,2,0.0004
cartesian product itertoolsproduct,2,0.0004
rabin miller test,2,0.0004
insert and delete operations,2,0.0004
dual pivot partitioning,2,0.0004
natural merge sort,2,0.0004
bubble sort analysis,2,0.0004
arithmetic without operators,2,0.0004
shape normalization,2,0.0004
sliding window on trees,2,0.0004
selection with constraints,2,0.0004
closest neighbor,2,0.0004
multi stage pathfinding,2,0.0004
rectangle in histogram,2,0.0004
dynamic programming on bitmask,2,0.0004
prefix minimum maximum,2,0.0004
subgraph enumeration,2,0.0004
linked list conversion,2,0.0004
efficient insert and delete,2,0.0004
modified bfs with state,2,0.0004
python ipaddress module,2,0.0004
memory calculation,2,0.0004
cycle graph coloring,2,0.0004
swap counting,2,0.0004
tree ordered map,2,0.0004
lock based synchronization,2,0.0004
min max finding,2,0.0004
nested if else,2,0.0004
incremental processing,2,0.0004
point set matching,2,0.0004
polynomial features,2,0.0004
conservation of momentum,2,0.0004
timezone handling,2,0.0004
multi set handling,2,0.0004
korselts criterion,2,0.0004
interval reduction,2,0.0004
assertion validation,2,0.0004
kinematic simulation,2,0.0004
weber problem,2,0.0004
binary search bisect left,2,0.0004
heap operations merge,2,0.0004
optimal placement,2,0.0004
connectivity queries,2,0.0004
graceful degradation,2,0.0004
multiset counter,2,0.0004
vertex removal,2,0.0004
conditional selection,2,0.0004
subarray optimization,2,0.0004
logical evaluation,2,0.0004
thread management,2,0.0004
center calculation,2,0.0004
time interval checking,2,0.0004
sparse graph optimization,2,0.0004
state tracking gas level,2,0.0004
currency optimization,2,0.0004
wiggle sequence,2,0.0004
efficient factorial,2,0.0004
correlation analysis,2,0.0004
real number constraints,2,0.0004
prefix suffix handling,2,0.0004
minimum edges reversal,2,0.0004
mirror image,2,0.0004
binary relations,2,0.0004
mastermind game,2,0.0004
binary logic,2,0.0004
custom movement graph,2,0.0004
efficient data structures setmap,2,0.0004
data structure setarray,2,0.0004
dictionarymap,2,0.0004
ternary system,2,0.0004
hashing state representation,2,0.0004
string manipulation for move sequences,2,0.0004
recursive structure handling,2,0.0004
brainfuck like language,2,0.0004
problem specific state encoding,2,0.0004
adversarial input,2,0.0004
triple search,2,0.0004
bernstein vazirani algorithm,2,0.0004
exponent counting,2,0.0004
2d range minimum query rmq,2,0.0004
reverse digits,2,0.0004
parentheses processing,2,0.0004
priority queue optional for lexicographical order,2,0.0004
arithmetic sum,2,0.0004
maximum likelihood estimation,2,0.0004
perfect power check,2,0.0004
music theory,2,0.0004
strategy optimization,2,0.0004
topology,2,0.0004
minimum maximum calculation,2,0.0004
amortization schedule,2,0.0004
singly linked list traversal,2,0.0004
list comparison,2,0.0004
prefix table,2,0.0004
optimal write minimization,2,0.0004
queue implementation,2,0.0004
assertions,2,0.0004
consecutive elements,2,0.0004
float conversion,2,0.0004
emirp numbers,2,0.0004
matrix flipping,2,0.0004
logistic regression,2,0.0004
stack optimization,2,0.0004
index based tracking,2,0.0004
list indexing,2,0.0004
object cloning,2,0.0004
no division,2,0.0004
sublist search,2,0.0004
reduce,2,0.0004
tour optimization,2,0.0004
hashing counting,2,0.0004
network summarization,2,0.0004
stack based simulation,2,0.0004
recursive placement,2,0.0004
crowding distance,2,0.0004
pareto front,2,0.0004
pauli gates,2,0.0004
subset gcd,2,0.0004
mst uniqueness check,2,0.0004
iterative exponentiation,2,0.0004
write optimization,2,0.0004
csr format,2,0.0004
dynamic programming for accumulation,2,0.0004
minimum coin change,2,0.0004
clustering evaluation,2,0.0004
user input handling,2,0.0004
heap python heapq,2,0.0004
seam carving,2,0.0004
size based union,2,0.0004
priority processing,2,0.0004
round trip validation,2,0.0004
01 knapsack problem,2,0.0004
mathematical trick,2,0.0004
hashing manual implementation,2,0.0004
dynamic evaluation,2,0.0004
data storage,2,0.0004
largest square in binary matrix,2,0.0004
axial coordinates,2,0.0004
binary search tree concepts,2,0.0004
efficient conversion,2,0.0004
itemgetter,2,0.0004
fast matrix multiplication,2,0.0004
tree to sorted list,2,0.0004
constraints on path length,2,0.0004
noise reduction,2,0.0004
greedy algorithm for optimization,2,0.0004
minimum effort path,2,0.0004
second shortest path,2,0.0004
introsort,2,0.0004
binary tree validation,2,0.0004
base32 decoding,2,0.0004
unique path check,2,0.0004
product check,2,0.0004
minimum maximum tracking,2,0.0004
special methods,2,0.0004
inputoutput parsing,2,0.0004
iterating date ranges,2,0.0004
morphological operations,2,0.0004
arbitrary precision,2,0.0004
custom classes,2,0.0004
suffix counting,2,0.0004
datetime arithmetic,2,0.0004
prefix reversal,2,0.0004
tree visualization,2,0.0004
tree matching,2,0.0004
pandas dataframe,2,0.0004
beam search,2,0.0004
image binarization,2,0.0004
event based algorithm,2,0.0004
partial sorting,2,0.0004
k means,2,0.0004
optimal line breaking,2,0.0004
introspection,2,0.0004
longest consecutive subsequence,2,0.0004
longest substring matching,2,0.0004
elitism,2,0.0004
chess algorithms,2,0.0004
hidden markov models hmm,2,0.0004
probability calculations,2,0.0004
validation and constraints checking,2,0.0004
node manipulation,2,0.0004
least common ancestor lca,2,0.0004
probabilistic selection,2,0.0004
datetime library,2,0.0004
minimum value tracking,2,0.0004
insertion and deletion in sorted lists,2,0.0004
comparator,2,0.0004
design of sets,2,0.0004
vector comparison,2,0.0004
intersection of arrays,2,0.0004
middle of the list,2,0.0004
flattening nested structures,2,0.0004
balanced bst concepts,2,0.0004
matrix initialization,2,0.0004
set difference,2,0.0004
buffer management,2,0.0004
list rotation,2,0.0004
iterator protocol,2,0.0004
ifft,2,0.0004
data structures basic,2,0.0004
pareto efficiency,2,0.0004
counting frequency count,2,0.0004
tape manipulation,2,0.0004
2d points,2,0.0004
custom swap constraints,2,0.0004
set completion,2,0.0004
recursive unfolding,2,0.0004
custom primes,2,0.0004
sum tree,2,0.0004
factorial growth analysis,2,0.0004
center detection,2,0.0004
hashing optional,2,0.0004
hashing set for obstacle storage,2,0.0004
setmap for tracking visited cells,2,0.0004
logarithmic reduction,2,0.0004
generative sequence,2,0.0004
superposition and entanglement,2,0.0004
heuristic search a or bfs with priority queue,2,0.0004
binary search tree conceptual,2,0.0004
digit display,2,0.0004
data alignment,2,0.0004
pointers,2,0.0004
character traversal,2,0.0004
state tracking dynamic state,2,0.0004
prefixsuffix handling,2,0.0004
competitive prediction,2,0.0004
data structures mapshashmaps,2,0.0004
rate and time,2,0.0004
math lcm,2,0.0004
bfs with priority queue,2,0.0004
hashing set for fast lookup,2,0.0004
fractional ratio check,2,0.0004
tape based computation,2,0.0004
dynamic programming implicit state,2,0.0004
shunting yard alternative,2,0.0004
complete binary tree properties,2,0.0004
k th element in sorted list,2,0.0004
unsorted data processing,2,0.0004
competitive analysis,2,0.0004
minimum distance check,2,0.0004
bit string periodicity check,2,0.0004
number rotation,2,0.0004
inheritance hierarchy,2,0.0004
winding number,2,0.0004
large integer arithmetic,2,0.0004
minimum in range,2,0.0004
formal language,2,0.0004
arrays lists,2,0.0004
overlap maximization,2,0.0004
collatz sequence,2,0.0004
recursion conceptual avoidance,2,0.0004
pointer adjustment,2,0.0004
maximum difference calculation,2,0.0004
systematic sampling,2,0.0004
valueerror,2,0.0004
optimized prime check,2,0.0004
heap queue priority queue,2,0.0004
adjacency search,2,0.0004
feature scaling,2,0.0004
binomial distribution,2,0.0004
pseudo random generation,2,0.0004
balanced distribution,2,0.0004
iqr method,2,0.0004
gap strategy,2,0.0004
binary search tree bst validation,2,0.0004
spatial search,2,0.0004
data optimization,2,0.0004
python pickle,2,0.0004
bitmasking or string representation,2,0.0004
dynamic programming tree,2,0.0004
polygon filling,2,0.0004
prefix computations,2,0.0004
stack processing,2,0.0004
negative edge weights,2,0.0004
memory usage monitoring,2,0.0004
performance metrics,2,0.0004
switch case simulation,2,0.0004
election algorithms,2,0.0004
data collection,2,0.0004
orientation,2,0.0004
insertion with duplicates,2,0.0004
heap heapq,2,0.0004
frequent pattern mining,2,0.0004
sequential pattern mining,2,0.0004
conditional deletion,2,0.0004
character grouping,2,0.0004
sequential search,2,0.0004
collections defaultdict,2,0.0004
sum formula,2,0.0004
calendar functions,2,0.0004
uniform random selection,2,0.0004
voronoi diagram implicit,2,0.0004
equation transformation,2,0.0004
factorial and permutations,2,0.0004
winning and losing positions,2,0.0004
sieve of erosthenes,2,0.0004
heuristic search a if applicable,2,0.0004
fractional ratio matching,2,0.0004
expectation maximization,2,0.0004
point set analysis,2,0.0004
custom edge transformation,2,0.0004
quadruple search,2,0.0004
priority queue or queue with time tracking,2,0.0004
prefix and suffix minimization,2,0.0004
client server communication,2,0.0004
http protocol,2,0.0004
networking,2,0.0004
context free grammar parsing,2,0.0004
graph plotting,2,0.0004
decision problem,2,0.0004
rubiks cube notation,2,0.0004
arraycollection handling,2,0.0004
threshold checking,2,0.0004
matrix subarray,2,0.0004
forward algorithm,2,0.0004
affinity matrix,2,0.0004
bit reversal permutation,2,0.0004
priority queue or queue with state tracking,2,0.0004
filter by condition,2,0.0004
optimized algorithm,2,0.0004
modulo 2 division,2,0.0004
communication protocol,2,0.0004
bottleneck capacity,2,0.0004
hashing sha 256,2,0.0004
cycle length calculation,2,0.0004
lazy propagation optional,2,0.0004
peak and valley detection,2,0.0004
k th element query,2,0.0004
online learning,2,0.0004
event overlap detection,2,0.0004
fitness calculation,2,0.0004
network simulation,2,0.0004
efficient insertiondeletion,2,0.0004
mutable sequence,2,0.0004
buffer protocol,2,0.0004
counting with hash map,2,0.0004
spherical trigonometry,2,0.0004
recursive addition,2,0.0004
chess board analysis,2,0.0004
bellman equation,2,0.0004
named tuple,2,0.0004
matrix vector multiplication,2,0.0004
strassens matrix multiplication,2,0.0004
array flattening,2,0.0004
hash map or dictionary,2,0.0004
caching strategy,2,0.0004
swaps calculation,2,0.0004
database interaction,2,0.0004
recursive sorting,2,0.0004
chi squared test,2,0.0004
random processes,2,0.0004
prefix suffix operations,2,0.0004
predecessor and successor,2,0.0004
random prime generation,2,0.0004
time slot management,2,0.0004
priority queue optional,2,0.0004
prime sieve eratosthenes,2,0.0004
koch snowflake,2,0.0004
distance checking,2,0.0004
image reconstruction,2,0.0004
heuristic search if using a,2,0.0004
priority queue stack,2,0.0004
efficient range minimummaximum query,2,0.0004
max and min finding,2,0.0004
square number analysis,2,0.0004
mathematical coloring,2,0.0004
fibonacci like sequence,2,0.0004
linked structures,2,0.0004
dynamic programming dp with states,2,0.0004
overlapping subproblems,2,0.0004
duplicate check,2,0.0004
digit tracking,2,0.0004
rectangle fitting,2,0.0004
time line analysis,2,0.0004
data structures classes,2,0.0004
intersection of sets,2,0.0004
2d array operations,2,0.0004
regex matching,2,0.0004
circle calculation,2,0.0004
data structures matrices,2,0.0004
redundant edge detection,2,0.0004
multiset heap,2,0.0004
dft,2,0.0004
hash table implementation,2,0.0004
labeled trees,2,0.0004
cross entropy loss,2,0.0004
complex number handling,2,0.0004
linear sum assignment,2,0.0004
word break problem,2,0.0004
gap penalty,2,0.0004
closure operations,2,0.0004
merge two sorted arrays,2,0.0004
dictionary and hashing,2,0.0004
online algorithm,2,0.0004
space partitioning,2,0.0004
on algorithm,2,0.0004
float to integer conversion,2,0.0004
decompression algorithm,2,0.0004
online computation,2,0.0004
mru cache,2,0.0004
categorical encoding,2,0.0004
subrectangle enumeration,2,0.0004
file io csv,2,0.0004
insertion in sorted list,2,0.0004
set uniqueness check,2,0.0004
pearson correlation,2,0.0004
data range analysis,2,0.0004
counter usage,2,0.0004
assert statements,2,0.0004
reverse flow traversal,2,0.0004
combinations with replacement,2,0.0004
competitive programming,2,0.0004
chess problems,2,0.0004
data structure set or map,2,0.0004
multi set priority queue,2,0.0004
edge relevance,2,0.0004
ray wall intersection,2,0.0004
centroid finding,2,0.0004
suffix automaton overlap analysis,2,0.0004
bit manipulation optional for optimization,2,0.0004
splitting and joining strings,2,0.0004
state exploration,2,0.0004
union of sets,2,0.0004
balanced bst or treeset,2,0.0004
minimum maximum outdegree,2,0.0004
fibonacci like sequence check,2,0.0004
rounding logic,2,0.0004
data binning,2,0.0004
transformation rules,2,0.0004
lucas lehmer primality test,2,0.0004
constraint summation,2,0.0004
heuristics warnsdorffs rule,2,0.0004
linear motion,2,0.0004
direction vectors,2,0.0004
data sanitization,2,0.0004
routing algorithm,2,0.0004
nonlinear equations,2,0.0004
similarity detection,2,0.0004
unweighted graph algorithms,2,0.0004
prefix notation,2,0.0004
operatoritemgetter,2,0.0004
softmax loss,2,0.0004
tree comparison,2,0.0004
gap calculation,2,0.0004
8 puzzle,2,0.0004
arithmetic expression parsing,2,0.0004
character rearrangement,2,0.0004
fuel consumption calculation,2,0.0004
2d table,2,0.0004
2d subarray,2,0.0004
binary indexed tree alternative,2,0.0004
html generation,2,0.0004
memory simulation,2,0.0004
currency denomination,2,0.0004
dynamic programming precomputation,2,0.0004
custom exception,2,0.0004
submatrix operations,2,0.0004
queuestack,2,0.0004
filtering data,2,0.0004
string padding,2,0.0004
relation properties,2,0.0004
environment variables,2,0.0004
hashing setmap,2,0.0004
big data processing,2,0.0004
grouping with itertoolsgroupby,2,0.0004
cooldown constraint,2,0.0004
power check,2,0.0004
3d comparison,2,0.0004
custom alphabet construction,2,0.0004
bfsshortest path,2,0.0004
line clearing,2,0.0004
max tree construction,2,0.0004
iterating structures,2,0.0004
control flow parsing,2,0.0004
search with heuristics,2,0.0004
dictionaryhashmap,2,0.0004
height of tree,2,0.0004
efficient state propagation,2,0.0004
chain reaction,2,0.0004
balanced bst treeset,2,0.0004
padded text alignment,2,0.0004
polygon diameter,2,0.0004
grid bfsdfs,2,0.0004
minimum spanning tree optional for optimization,2,0.0004
union find optional for connectivity checks,2,0.0004
prefix sumxor,2,0.0004
heuristic,2,0.0004
square and cube roots,2,0.0004
hashing parent tracking,2,0.0004
apportionment,2,0.0004
position calculation,2,0.0004
computability theory,2,0.0004
join operation,2,0.0004
directed graph digraph,2,0.0004
cycle detection in directed graph,2,0.0004
ternary heap sort,2,0.0004
line line distance,2,0.0004
mathematical filtering,2,0.0004
iterative implementation,2,0.0004
permutation inversions,2,0.0004
k sorted array,2,0.0004
hash table counter,2,0.0004
combinations with repetition,2,0.0004
range summation,2,0.0004
maximum on path,2,0.0004
directional comparison,2,0.0004
geospatial algorithms,2,0.0004
rectangle placement,2,0.0004
frozensets,2,0.0004
digit by digit multiplication,2,0.0004
shift operations,2,0.0004
eigenvalues and eigenvectors,2,0.0004
hashing for character checks,2,0.0004
sieve of eratosthenes for small ranges,2,0.0004
ll parser,2,0.0004
top down parsing,2,0.0004
date and time operations,2,0.0004
steady state probabilities,2,0.0004
reverse mapping,2,0.0004
recursion implicit via stack,2,0.0004
pattern drawing,2,0.0004
function decomposition,2,0.0004
factorials and permutations,2,0.0004
hibbard gap sequence,2,0.0004
matrix permanent,2,0.0004
bitonic tsp,2,0.0004
string divisibility,2,0.0004
vertical traversal,2,0.0004
edge assignment,2,0.0004
evenodd parity,2,0.0004
conditional insertion,2,0.0004
sum accumulation,2,0.0004
graph subgraph construction,2,0.0004
efficient comparison counting,2,0.0004
path matching,2,0.0004
hashing eg tuples or strings,2,0.0004
hash table lookup,2,0.0004
discrete time modeling,2,0.0004
digit validation,2,0.0004
two knapsacks,2,0.0004
efficient permutation counting,2,0.0004
maximum tree,2,0.0004
search and replace,2,0.0004
non overlapping substring,2,0.0004
range update and query,2,0.0004
benfords law,2,0.0004
multi set operations,2,0.0004
successorpredecessor,2,0.0004
cyclic algorithms,2,0.0004
monte carlo methods,2,0.0004
counting comparisons,2,0.0004
data structure priority queue max heap,2,0.0004
transition matrix,2,0.0004
wave pattern,2,0.0004
dependency management,2,0.0004
unique mst check,2,0.0004
recursive decoding,2,0.0004
relaxation optimization,2,0.0004
min max heap,2,0.0004
graph cycles,2,0.0004
binary search tree operations,2,0.0004
circular sector,2,0.0004
prime number detection,2,0.0004
element deletion,2,0.0004
sum and product calculation,2,0.0004
searching in rotated sorted array,2,0.0004
dinic,2,0.0004
cartesian product generation,2,0.0004
constraint solving,2,0.0004
two strings comparison,2,0.0004
static methods,2,0.0004
tree fixup,2,0.0004
python itertools,2,0.0004
sieve like methods,2,0.0004
exact cover problem,2,0.0004
elliptic curve cryptography,2,0.0004
arraydictionary,2,0.0004
boolean array marking,2,0.0004
padding calculation,2,0.0004
calendar handling,2,0.0004
time events,2,0.0004
sets and subsets,2,0.0004
prefix precomputation,2,0.0004
greedralgorithms,2,0.0004
mutual recursion,2,0.0004
backspace simulation,2,0.0004
two separate knapsacks,2,0.0004
unbounded resource management,2,0.0004
matrix permutation,2,0.0004
optimal traversal,2,0.0004
overlap analysis,2,0.0004
tuple representation,2,0.0004
key generation,2,0.0004
random seed initialization,2,0.0004
product subarray,2,0.0004
in degree and out degree analysis,2,0.0004
dynamic programming optional optimization,2,0.0004
low pass filter,2,0.0004
graph center,2,0.0004
rule based parsing,2,0.0004
maze exploration,2,0.0004
time stamping,2,0.0004
dsatur algorithm,2,0.0004
maximum edge on path,2,0.0004
python dictionaries,2,0.0004
data structures lists dictionaries,2,0.0004
priority aggregation,2,0.0004
oop,2,0.0004
profiling,2,0.0004
optimal subset selection,2,0.0004
power iteration,2,0.0004
matrix update,2,0.0004
rounding and precision,2,0.0004
efficient marking,2,0.0004
symmetry optimization,2,0.0004
text preprocessing,2,0.0004
euclidean norm,2,0.0004
dp,2,0.0004
grid bfs,2,0.0004
small to large,2,0.0004
travel time calculation,2,0.0004
jacobis four square theorem,2,0.0004
unbounded weights,2,0.0004
suffix array histogram method,2,0.0004
binary xor,2,0.0004
circle inversion,2,0.0004
dynamic time,2,0.0004
steady state,2,0.0004
data structures hash map or set,2,0.0004
predictive modeling,2,0.0004
inheritance properties,2,0.0004
optimized enumeration,2,0.0004
symbolic evaluation,2,0.0004
line point projection,2,0.0004
compressed graph,2,0.0004
efficient permutation handling,2,0.0004
disjoint set union dsu union find alternative approach,2,0.0004
efficient permutation,2,0.0004
meeting time calculation,2,0.0004
maximum pair sum,2,0.0004
disjoint set union dsu union find,2,0.0004
event based graph construction,2,0.0004
multi stage processing,2,0.0004
cyclicity,2,0.0004
berserk process,2,0.0004
efficient event tracking,2,0.0004
graphical representation,2,0.0004
pixel drawing,2,0.0004
procedural generation,2,0.0004
abelian sandpile model,2,0.0004
point free style,2,0.0004
hashing trees,2,0.0004
condition matching,2,0.0004
kmp knuth morris pratt,2,0.0004
move validation,2,0.0004
bezouts identity,2,0.0004
church numerals,2,0.0004
string rewriting,2,0.0004
efficient pathfinding,2,0.0004
gamma function approximation,2,0.0004
custom ordering,2,0.0004
trie for antibodies,2,0.0004
vowel harmony,2,0.0004
self avoiding walk,2,0.0004
gap analysis,2,0.0004
custom grammar,2,0.0004
primitive pythagorean triples,2,0.0004
self replication,2,0.0004
string output,2,0.0004
thompsons construction,2,0.0004
recursive function design,2,0.0004
rendering,2,0.0004
cidr subnetting,2,0.0004
ip address parsing,2,0.0004
monte carlo method conceptual,2,0.0004
line arrangement,2,0.0004
symmetry elimination,2,0.0004
multimap,2,0.0004
linear algebra binary basis,2,0.0004
digit recognition,2,0.0004
polynomial normalization,2,0.0004
keyboard layout,2,0.0004
efficient constraint handling,2,0.0004
efficient number handling,2,0.0004
function fitting,2,0.0004
peano arithmetic,2,0.0004
drawing,2,0.0004
2d range optimization,2,0.0004
union find with merging intervals,2,0.0004
risk assessment,2,0.0004
mathematical theorems,2,0.0004
3 way partition,2,0.0004
optimal algorithm,2,0.0004
element wise multiplication,2,0.0004
edge case analysis,2,0.0004
code objects,2,0.0004
floating point manipulation,2,0.0004
key value store,2,0.0004
streaming algorithm,2,0.0004
class inheritance,2,0.0004
character set handling,2,0.0004
minimum path variation,2,0.0004
gate identification,2,0.0004
minimization of automata,2,0.0004
k th selection,2,0.0004
one to one mapping,2,0.0004
on space complexity,2,0.0004
square number check,2,0.0004
class implementation,2,0.0004
monotonic sequence check,2,0.0004
basic statistics,2,0.0004
recursion alternatives,2,0.0004
data structures liststuples,2,0.0004
mathematical theorem,2,0.0004
function parsing,2,0.0004
time formatting,2,0.0004
max min calculation,2,0.0004
sorting verification,2,0.0004
coloring problems,2,0.0004
dummy node,2,0.0004
character indexing,2,0.0004
linked list concepts,2,0.0004
unbounded resources,2,0.0004
stoer wagner,2,0.0004
deterministic check,2,0.0004
linear independence,2,0.0004
intersection of geometric objects,2,0.0004
intersection of regions,2,0.0004
double pointer,2,0.0004
prefix path check,2,0.0004
min max query,2,0.0004
looping and indexing,2,0.0004
gcd coprimality,2,0.0004
event compression,2,0.0004
zobrist hashing,2,0.0004
line and plane equations,2,0.0004
non intersecting subsegments,2,0.0004
efficient counting with sets,2,0.0004
point set representation,2,0.0004
prefix and suffix updates,2,0.0004
divisor analysis,2,0.0004
golden ratio properties,2,0.0004
statistical modeling,2,0.0004
euler tour interval tree,2,0.0004
symmetry and patterns,2,0.0004
dynamic query handling,2,0.0004
breadth first search with priority queue dijkstras variant,2,0.0004
bully swap logic,2,0.0004
cron syntax handling,2,0.0004
subtree hashing,2,0.0004
langtons ant,2,0.0004
online query handling,2,0.0004
geometric operations,2,0.0004
coordinate construction,2,0.0004
cayleys formula generalization,2,0.0004
backtracking with memoization,2,0.0004
factorial and modular inverses,2,0.0004
tree dag traversal,2,0.0004
k th element generation,2,0.0004
breadth first search bfs conceptual,2,0.0004
non standard edge weights,2,0.0004
persistence,2,0.0004
parameterized quantum circuit,2,0.0004
efficient multiplication table queries,2,0.0004
convex polygon rotation,2,0.0004
garland management,2,0.0004
sum of reciprocals,2,0.0004
map hash map,2,0.0004
sparse transitions,2,0.0004
line circle tangency,2,0.0004
periodic subarray analysis,2,0.0004
efficient index calculation,2,0.0004
heavy preprocessing,2,0.0004
minimization problem,2,0.0004
nested structure processing,2,0.0004
memoization optional,2,0.0004
euler tour spanning tree,2,0.0004
pair processing,2,0.0004
minimum and maximum range queries,2,0.0004
data structures arrayshash maps,2,0.0004
lca with binary lifting,2,0.0004
dynamic frequency management,2,0.0004
hashmap dictionary,2,0.0004
maximizing selection,2,0.0004
reactive programming,2,0.0004
efficient top k selection,2,0.0004
efficient recurrence calculation,2,0.0004
minimum perimeter enclosure,2,0.0004
prefix factorial precomputation,2,0.0004
two dimensional subarray matching,2,0.0004
tree or segment tree,2,0.0004
minimum maximum path optimization,2,0.0004
angle and vector calculations,2,0.0004
multiset management,2,0.0004
in degree management,2,0.0004
cron syntax,2,0.0004
min max calculation,2,0.0004
half palindrome check,2,0.0004
euler tour path,2,0.0004
grid counting,2,0.0004
counting and frequency,2,0.0004
stack or list manipulation,2,0.0004
double path optimization,2,0.0004
max product calculation,2,0.0004
deterministic grid analysis,2,0.0004
forest processing,2,0.0004
lcm queries,2,0.0004
prefix minimum and suffix maximum,2,0.0004
map or hashing,2,0.0004
recursive sequence building,2,0.0004
multisetdictionary,2,0.0004
heavy light decomposition optional for advanced optimizations,2,0.0004
data range processing,2,0.0004
efficient time handling,2,0.0004
graph querying,2,0.0004
die rotation modeling,2,0.0004
lazy bfs,2,0.0004
double ended search,2,0.0004
contest math,2,0.0004
two dimensional range optimization,2,0.0004
meeting points calculation,2,0.0004
two pass dp,2,0.0004
exponential sequences,2,0.0004
stack based maximum area in histogram,2,0.0004
convex hull trick optional,2,0.0004
triple mapping,2,0.0004
region nesting detection,2,0.0004
finite structures,2,0.0004
data structure treegraph representation,2,0.0004
efficient assignment,2,0.0004
logic circuits,2,0.0004
region containment check,2,0.0004
2d range update and query,2,0.0004
integer constraints,2,0.0004
morton order,2,0.0004
dynamic programming on subarrays,2,0.0004
coordinate distance,2,0.0004
stack largest rectangle in histogram,2,0.0004
suffix array column wise histogram,2,0.0004
binomial theorem,2,0.0004
dynamic graph transformation,2,0.0004
parameter optimization,2,0.0004
lexicographical permutation,2,0.0004
square equations,2,0.0004
rotation and gravity simulation,2,0.0004
segment tree or binary indexed tree for updates,2,0.0004
edge generation,2,0.0004
dynamic selection,2,0.0004
minimum diameter tree,2,0.0004
edge capacity and cost,2,0.0004
odd length check,2,0.0004
circle perimeter calculation,2,0.0004
lipschitz constant calculation,2,0.0004
dynamic sets,2,0.0004
data structure with timestamps,2,0.0004
reversal operation,2,0.0004
kmp algorithm prefix function understanding,2,0.0004
priority queue minimum spanning tree mst,2,0.0004
set or map,2,0.0004
subarraysubmatrix search,2,0.0004
adjacency and color connections,2,0.0004
algebraic equivalence check,2,0.0004
functional recursion,2,0.0004
2d grid optimization,2,0.0004
multi state modeling,2,0.0004
binary number handling,2,0.0004
efficient next permutation,2,0.0004
custom calendar logic,2,0.0004
recursive regular expression evaluation,2,0.0004
efficient connectivity checks,2,0.0004
bitmasking or boolean array,2,0.0004
reduction of fractions,2,0.0004
event based optimization,2,0.0004
subrectangle analysis,2,0.0004
image detection,2,0.0004
fourier transform fft,2,0.0004
or properties,2,0.0004
torus graph traversal,2,0.0004
fast fourier transform fft polynomial multiplication,2,0.0004
steady state detection,2,0.0004
path symmetry,2,0.0004
efficient transformations,2,0.0004
hashingcharacter mapping,2,0.0004
efficient counting with constraints,2,0.0004
multiplication table properties,2,0.0004
basis construction gaussian elimination for xor,2,0.0004
union find with ratios,2,0.0004
tuples as states,2,0.0004
ring data structure,2,0.0004
defragmentation,2,0.0004
balanced brackets,2,0.0004
parser,2,0.0004
contiguous subarray processing,2,0.0004
large number computation,2,0.0004
cryptarithmetic,2,0.0004
quine techniques,2,0.0004
algorithm verification,2,0.0004
robustness,2,0.0004
system calls,2,0.0004
efficient math computation,2,0.0004
cyclicity of last digits,2,0.0004
lcm constraints,2,0.0004
longest common extension lcq,2,0.0004
efficient sieve for small factors,2,0.0004
disjoint set union dsu or union find,2,0.0004
fast forwarding,2,0.0004
15 puzzle problem,2,0.0004
linear algebra concepts,2,0.0004
nearest neighbor heuristic,2,0.0004
polygon distance,2,0.0004
msd most significant digit radix sort,2,0.0004
set operations on polygons,2,0.0004
efficient shuffling,2,0.0004
second best mst,2,0.0004
pair encoding,2,0.0004
dynamic programming tsp,2,0.0004
counting trailing zeros,2,0.0004
lock free data structures,2,0.0004
array distribution analysis,2,0.0004
loop and parsing,2,0.0004
token recognition,2,0.0004
formal language theory,2,0.0004
unbounded weight tracking,2,0.0004
primitive root detection,2,0.0004
undoredo mechanism,2,0.0004
relational logic,2,0.0004
doublylinkedlist,2,0.0004
divisor multiples,2,0.0004
tree encoding,2,0.0004
comparison based search,2,0.0004
graph update,2,0.0004
multi step event processing,2,0.0004
arithmetic expression generation,2,0.0004
heap max heapmin heap,2,0.0004
substitution,2,0.0004
maximum contribution calculation,2,0.0004
extract min operation,2,0.0004
dictionary implementation,2,0.0004
distinct elements count,2,0.0004
csv generation,2,0.0004
ll1 parsing,2,0.0004
hexadecimal decoding,2,0.0004
network flow with capacity constraints,2,0.0004
efficient multiset operations,2,0.0004
benes network,2,0.0004
data structure hierarchy,2,0.0004
common subexpression elimination,2,0.0004
shortest path optimization,2,0.0004
level graph construction,2,0.0004
combinatorial geometry,2,0.0004
reverse thinking offline processing,2,0.0004
counting constraints,2,0.0004
efficient overlap detection,2,0.0004
tetration,2,0.0004
efficient search strategies,2,0.0004
de bruijn graph,2,0.0004
non decreasing subarrays,2,0.0004
equations,2,0.0004
cpu cycle counting,2,0.0004
odd cycle detection,2,0.0004
efficient divisor summation,2,0.0004
floyd warshall or dijkstras algorithm,2,0.0004
deletion in b tree,2,0.0004
subarray sum analysis,2,0.0004
unique substrings,2,0.0004
polya enumeration theorem,2,0.0004
circuit analysis,2,0.0004
matrix design,2,0.0004
subarray selection,2,0.0004
divisor pairs,2,0.0004
efficient toggling,2,0.0004
callable objects,2,0.0004
longest path in a tree,2,0.0004
geometric representation,2,0.0004
strongly connected digraphs,2,0.0004
palindrome constraints,2,0.0004
treegraph traversal,2,0.0004
prefixsuffix propagation,2,0.0004
optimal starting point,2,0.0004
weighted expected value,2,0.0004
knuths algorithm,2,0.0004
state pruning,2,0.0004
maximum distance calculation,2,0.0004
maximum spanning tree kruskals algorithm,2,0.0004
line and arc intersection,2,0.0004
bridges and biconnected components,2,0.0004
rational number comparison,2,0.0004
key door constraints,2,0.0004
robot pathfinding,2,0.0004
reconstruction of path,2,0.0004
bridges cut vertices,2,0.0004
trapezoid area calculation,2,0.0004
disjoint components,2,0.0004
automata aho corasick or suffix automaton,2,0.0004
extreme points,2,0.0004
custom grammar handling,2,0.0004
cursor movement handling,2,0.0004
efficient diameter calculation,2,0.0004
bipartite optimization,2,0.0004
segmented summation,2,0.0004
efficient modeling,2,0.0004
dependency handling,2,0.0004
rotation and gravity,2,0.0004
clockwise check,2,0.0004
graph transposition,2,0.0004
mathematics modular arithmetic,2,0.0004
mathematical equivalence checking,2,0.0004
suffix automaton subsequence automaton,2,0.0004
hashingcounting,2,0.0004
efficient number sieving,2,0.0004
segment sphere intersection,2,0.0004
efficient swap analysis,2,0.0004
gcd and coprime,2,0.0004
hypergraphs,2,0.0004
trie or aho corasick pattern matching,2,0.0004
subspace counting,2,0.0004
point line position,2,0.0004
frequeny map,2,0.0004
autocompletion optimization,2,0.0004
dynamic time analysis,2,0.0004
maze connectivity,2,0.0004
data structure maparray,2,0.0004
prefix sum analysis,2,0.0004
dynamic programming on levels,2,0.0004
cube symmetries,2,0.0004
dynamic edge costs,2,0.0004
rectangle cutting,2,0.0004
turn management,2,0.0004
wqs binary search lagrange multipliers,2,0.0004
loop jumping,2,0.0004
string palindrome check,2,0.0004
ascii decoding,2,0.0004
segmented sieve optional for optimization,2,0.0004
lru tie breaker,2,0.0004
palindrome substring counting,2,0.0004
queue for fifo tracking,2,0.0004
minimum excludant mex,2,0.0004
object oriented programming simulation,2,0.0004
special functions,2,0.0004
gravity and physics simulation,2,0.0004
ordered tree children,2,0.0004
torus graph,2,0.0004
efficient maphashing,2,0.0004
max distance calculation,2,0.0004
longest common extension lcf,2,0.0004
state space pruning,2,0.0004
edge cycles,2,0.0004
lcmnumber theory,2,0.0004
k partitioning,2,0.0004
edge betweenness,2,0.0004
bitmap parsing,2,0.0004
circle sweeping,2,0.0004
logical circuit evaluation,2,0.0004
cubic numbers,2,0.0004
segment sum calculation,2,0.0004
infinite maze simulation,2,0.0004
data structure deque or list,2,0.0004
chess piece movement simulation,2,0.0004
flood fill connected components,2,0.0004
pointer movement,2,0.0004
cylindrical coordinates,2,0.0004
bfs dijkstra,2,0.0004
monotonic analysis,2,0.0004
validity check,2,0.0004
validation and input handling,2,0.0004
bitmask or hashing for state representation,2,0.0004
bit manipulation or state encoding,2,0.0004
problem modeling,2,0.0004
composite number detection,2,0.0004
arithmetic with fractions,2,0.0004
minimum path search,2,0.0004
longest path in graph,2,0.0004
all subarrays processing,2,0.0004
interval coloring,2,0.0004
infinite streams,2,0.0004
basis vectors,2,0.0004
elliptic integrals,2,0.0004
automated theorem proving,2,0.0004
trial division optimization,2,0.0004
subsequence properties,2,0.0004
region filling,2,0.0004
linear sieve,2,0.0004
model optimization,2,0.0004
file io binary,2,0.0004
rebalancing,2,0.0004
suffix and prefix matching,2,0.0004
edge criticality analysis,2,0.0004
assembly programming,2,0.0004
low level simulation,2,0.0004
bipartite flow,2,0.0004
directional projection,2,0.0004
structs,2,0.0004
pairwise coprime check,2,0.0004
set simulation,2,0.0004
max distance from sea,2,0.0004
trie concepts,2,0.0004
sieve like indexing,2,0.0004
infinite memory,2,0.0004
widest path problem,2,0.0004
ntt,2,0.0004
wavelet tree,2,0.0004
bisimulation,2,0.0004
dfa minimization,2,0.0004
maximum mean cycle,2,0.0004
cactus graph properties,2,0.0004
quine mccluskey algorithm,2,0.0004
nim game concepts,2,0.0004
geometric area calculation,2,0.0004
bitmask representation,2,0.0004
perimeter and area calculation,2,0.0004
kinship modeling,2,0.0004
position encoding,2,0.0004
priority queue bfs with queue per level,2,0.0004
currency arbitrage,2,0.0004
cost scaling,2,0.0004
grammar rules,2,0.0004
io handling,2,0.0004
pattern expansion,2,0.0004
taxicab distance,2,0.0004
automaton kmp or aho corasick,2,0.0004
shared memory,2,0.0004
bitmap manipulation,2,0.0004
angular sorting,2,0.0004
time windows,2,0.0004
rotationreflection,2,0.0004
johnsons algorithm,2,0.0004
red black tree validation,2,0.0004
multi way merge,2,0.0004
direction encoding,2,0.0004
union find disjoint set,2,0.0004
tree splitting,2,0.0004
prefix encoding,2,0.0004
processpoolexecutor,2,0.0004
threadpoolexecutor,2,0.0004
burnsides lemma group theory,2,0.0004
motion planning,2,0.0004
unlabeled graph exploration,2,0.0004
polygon manipulation,2,0.0004
dynamic code generation,2,0.0004
structures,2,0.0004
3d rotations,2,0.0004
proportions,2,0.0004
state hashing,2,0.0004
or constraints,2,0.0004
motion simulation,2,0.0004
bitmask or state tracking,2,0.0004
arc processing,2,0.0004
bishop diagonals,2,0.0004
matrix path problems,2,0.0004
realization of degree sequences,2,0.0004
infinite array simulation,2,0.0004
segmentation with constraints,2,0.0004
sign manipulation,2,0.0004
geometry on real line,2,0.0004
arithmetic with rational numbers,2,0.0004
nested intervals,2,0.0004
queue for fifo in sells,2,0.0004
stadium assignment,2,0.0004
set enumeration,2,0.0004
sieve like,2,0.0004
efficient formula derivation,2,0.0004
math transformation,2,0.0004
digit place value calculation,2,0.0004
function manipulation,2,0.0004
range mapping,2,0.0004
formal grammar,2,0.0004
iterative summation,2,0.0004
unicyclic graphs,2,0.0004
exponential time algorithms,2,0.0004
alignment,2,0.0004
efficient resource allocation,2,0.0004
steiner tree,2,0.0004
block design,2,0.0004
projective plane,2,0.0004
power of two handling,2,0.0004
max subgraph sum,2,0.0004
vertex cut,2,0.0004
path consistency,2,0.0004
2 edge connectivity,2,0.0004
edge updates,2,0.0004
fragmentation handling,2,0.0004
segment data structures,2,0.0004
ellipse,2,0.0004
rubiks cube simulation,2,0.0004
line clipping,2,0.0004
polynomial rolling hash,2,0.0004
arithmetic progressions,2,0.0004
component processing,2,0.0004
unordered multiset matching,2,0.0004
bit manipulation or hashing for state representation,2,0.0004
sequence merging,2,0.0004
suffix tree trie concepts,2,0.0004
analysis of operations,2,0.0004
data structures treegraph,2,0.0004
plane point placement,2,0.0004
validation and filtering,2,0.0004
mathematical integration,2,0.0004
recursive drawing,2,0.0004
priority queue or queue with priority,2,0.0004
equivalence transformation,2,0.0004
spiral matrix pattern,2,0.0004
segment tree or sparse processing,2,0.0004
loop with precision check,2,0.0004
frequency queries,2,0.0004
semantic analysis,2,0.0004
matching in trees,2,0.0004
simulation with constraints,2,0.0004
priority queue bfs with distance tracking,2,0.0004
prefix and suffix modulo,2,0.0004
mst with additional nodes,2,0.0004
multiplication with constraints,2,0.0004
custom word generation,2,0.0004
sum of distances,2,0.0004
efficient prime summation,2,0.0004
digit subsequence matching,2,0.0004
code obfuscation,2,0.0004
line drawing algorithm,2,0.0004
ascii art parsing,2,0.0004
kolmogorov complexity,2,0.0004
data structures priority queuemin heap,2,0.0004
plane projection,2,0.0004
differential equations,2,0.0004
heuristic strategy,2,0.0004
grid optimization,2,0.0004
difference equations,2,0.0004
monomial operations,2,0.0004
2d segment tree,2,0.0004
high dimensional data,2,0.0004
tree edit distance,2,0.0004
quadtree traversal,2,0.0004
large constraints optimization,2,0.0004
priority queue or max heap,2,0.0004
pointer techniques,2,0.0004
billiard physics,2,0.0004
integration area calculation,2,0.0004
subset masking,2,0.0004
interval tree or segment tree,2,0.0004
implication analysis,2,0.0004
mixed knapsack,2,0.0004
plane point analysis,2,0.0004
event driven,2,0.0004
binary tree intersection,2,0.0004
binary tree union,2,0.0004
recursive rules,2,0.0004
dynamic key dependency,2,0.0004
set for obstacle lookup,2,0.0004
median tracking,2,0.0004
modeling movement and key exchange,2,0.0004
sequence reversal,2,0.0004
non integer base representation,2,0.0004
linear algebra basis,2,0.0004
continuous knapsack,2,0.0004
linear algebra gaussian elimination,2,0.0004
hypercube construction,2,0.0004
descartes circle theorem,2,0.0004
exponential cycles,2,0.0004
time and position constraints,2,0.0004
comparative ordering,2,0.0004
sentence splitting,2,0.0004
3d line intersection,2,0.0004
edge partitioning,2,0.0004
recursive subproblems,2,0.0004
color assignment optimization,2,0.0004
coordinate comparison,2,0.0004
laminar family,2,0.0004
cartesian product search,2,0.0004
priority queue average cost tracking,2,0.0004
range blocking,2,0.0004
recursive tree,2,0.0004
prefix dp,2,0.0004
line joining,2,0.0004
stack implementation,2,0.0004
modified cost function,2,0.0004
discriminant analysis,2,0.0004
process management,2,0.0004
performance monitoring,2,0.0004
y combinator,2,0.0004
minimum cycle detection,2,0.0004
balanced tree eg avl or red black tree,2,0.0004
ternary representation,2,0.0004
whitespace removal,2,0.0004
tuple traversal,2,0.0004
modulo sum maximization,2,0.0004
efficient factorial precomputation,2,0.0004
efficient diagonal traversal,2,0.0004
mst kruskals or prims algorithm,2,0.0004
mergeable intervals,2,0.0004
data structure maphash,2,0.0004
minimum requirements,2,0.0004
ascents,2,0.0004
set merging with constraints,2,0.0004
cyclic permutation matching,2,0.0004
segment tree or ordered statistics,2,0.0004
time based modeling,2,0.0004
exponential congruence,2,0.0004
minimum unique substring,2,0.0004
multi set ordered data structure,2,0.0004
rolling simulation,2,0.0004
time based position calculation,2,0.0004
binary grid construction,2,0.0004
cycle shift,2,0.0004
implication evaluation,2,0.0004
bombs and explosions logic,2,0.0004
edge permutation,2,0.0004
euler tour component analysis,2,0.0004
priority queue fifo queue,2,0.0004
greedy with priority queue,2,0.0004
position and state tracking,2,0.0004
segment tree alternative,2,0.0004
component based algorithms,2,0.0004
priority queue greedy selection,2,0.0004
layered networks,2,0.0004
file input handling,2,0.0004
recursion indirect,2,0.0004
matrix submatrix,2,0.0004
packing problem,2,0.0004
numerical convergence,2,0.0004
two pass validation,2,0.0004
sector area calculation,2,0.0004
recursive state search,2,0.0004
minimum selection with constraints,2,0.0004
regular polygon construction,2,0.0004
fast fourier transform fft or convolution,2,0.0004
multi step processing,2,0.0004
transformation of polygons,2,0.0004
prefixsuffix minmax tracking,2,0.0004
lexicographical minimum,2,0.0004
coloring algorithms,2,0.0004
minimizing comparisons,2,0.0004
rotation and orientation,2,0.0004
modulo summation,2,0.0004
angle calculations,2,0.0004
low link high lca,2,0.0004
constraints solving,2,0.0004
digit replacement,2,0.0004
bombs and explosions,2,0.0004
counting combinations,2,0.0004
polygon inside check,2,0.0004
array range queries,2,0.0004
efficient overlap checking,2,0.0004
simulation with state,2,0.0004
recursive graph construction,2,0.0004
heuristic search bfs with pruning,2,0.0004
linked list or map traversal,2,0.0004
circle area intersection,2,0.0004
iterative stability check,2,0.0004
string pattern analysis,2,0.0004
range encoding,2,0.0004
chess board simulation,2,0.0004
line line intersection,2,0.0004
line segment representation,2,0.0004
xor path finding,2,0.0004
2d plane processing,2,0.0004
set operations manhattan distance,2,0.0004
repeating decimal detection,2,0.0004
data flow optimization,2,0.0004
conditional path checking,2,0.0004
optimization assignment problem,2,0.0004
rotation and angle calculation,2,0.0004
tree inorder traversal,2,0.0004
infinite grid handling,2,0.0004
circular range handling,2,0.0004
ray sphere intersection,2,0.0004
circle circle collision,2,0.0004
minimum spanning tree prims or kruskals,2,0.0004
2 coloring bipartite graph check,2,0.0004
minimum initial value calculation,2,0.0004
bottleneck edge analysis,2,0.0004
cycle shift analysis,2,0.0004
time difference computation,2,0.0004
random graph properties,2,0.0004
maximum subset,2,0.0004
hashing deduplication,2,0.0004
minimizing information,2,0.0004
bit string periodicity,2,0.0004
prime modulus,2,0.0004
prefix data storage,2,0.0004
line and circle relations,2,0.0004
maximal subgraph selection,2,0.0004
combinatorial logic,2,0.0004
self modification,2,0.0004
restricted source,2,0.0004
animation,2,0.0004
line box intersection,2,0.0004
stack based execution,2,0.0004
backtracking conceptual,2,0.0004
expression building,2,0.0004
popcount,2,0.0004
precision management,2,0.0004
dynamic programming 01 knapsack,2,0.0004
multi constraint shortest path,2,0.0004
fast fourier transform fft or polynomial multiplication,2,0.0004
mapping dictionaryhash map,2,0.0004
comparison based selection,2,0.0004
pappuss centroid theorem,2,0.0004
binary tree simulation,2,0.0004
maximum bipartite matching with min max optimization,2,0.0004
region coverage,2,0.0004
line direction,2,0.0004
angle comparison,2,0.0004
arithmetic with complex numbers,2,0.0004
tree map ordered map,2,0.0004
line and circle properties,2,0.0004
counting colors in subtrees,2,0.0004
optimal replacement policy,2,0.0004
space division strategy,2,0.0004
3d vectors,2,0.0004
mersenne prime,2,0.0004
hexadecimal numbers,2,0.0004
polygon bounding box,2,0.0004
longest path in unweighted graph,2,0.0004
maximal independent set,2,0.0004
multi step state update,2,0.0004
algorithm selection,2,0.0004
segmented sieve of eratosthenes,2,0.0004
edmonds blossom algorithm,2,0.0004
small constraints,2,0.0004
prefix and suffix sum constraints,2,0.0004
2d state transition,2,0.0004
time based bfs,2,0.0004
matrix grid,2,0.0004
cylindrical grid,2,0.0004
permutation invariance,2,0.0004
formal power series,2,0.0004
timestamp handling,2,0.0004
dynamic memory allocation,2,0.0004
computational complexity,2,0.0004
edge removal handling,2,0.0004
pairs and angles,2,0.0004
directed acyclic graph dag longest path,2,0.0004
efficient subset counting,2,0.0004
infinite series approximation,2,0.0004
polyform generation,2,0.0004
hello world,2,0.0004
fastest code,2,0.0004
program structure,2,0.0004
language detection,2,0.0004
polyform enumeration,2,0.0004
np complete,2,0.0004
geometry and alignment,2,0.0004
programming puzzles,2,0.0004
fast fourier transform fft or fast convolution,2,0.0004
sorting and ranking,2,0.0004
vietas formulas,2,0.0004
iterative removal,2,0.0004
priority based selection,2,0.0004
piece movement simulation,2,0.0004
cyclic order matching,2,0.0004
math modular inverse,2,0.0004
brents algorithm,2,0.0004
graph properties,2,0.0004
path concatenation,2,0.0004
cyclic encryption,2,0.0004
integer solution,2,0.0004
data structure on tree,2,0.0004
prefix suffix contributions,2,0.0004
efficient function evaluation,2,0.0004
priority queue queue based simulation,2,0.0004
efficient path processing,2,0.0004
cyclic shift detection,2,0.0004
recursive tree depth calculation,2,0.0004
range extremum query,2,0.0004
data structures priority queue event queue,2,0.0004
string length calculation,2,0.0004
linked list or rope data structure,2,0.0004
observation based algorithms,2,0.0004
matrix pattern recognition,2,0.0004
tetris like placement,2,0.0004
multiple trees,2,0.0004
square number detection,2,0.0004
multiple components handling,2,0.0004
euler tour lca,2,0.0004
efficient subsequence processing,2,0.0004
plane intersection counting,2,0.0004
efficient k th smallest query,2,0.0004
order book logic,2,0.0004
subnet masking,2,0.0004
efficient permutation processing,2,0.0004
exponentiation in finite fields,2,0.0004
data compression handling,2,0.0004
analytical mathematics,2,0.0004
boolean function minimization,2,0.0004
analytical solution,2,0.0004
range intersection calculation,2,0.0004
tree graph theory,2,0.0004
dynamic tree queries,2,0.0004
dynamic graph management,2,0.0004
segment tree or implicit graph handling,2,0.0004
convex polyhedron,2,0.0004
shadow projection,2,0.0004
brackets parsing,2,0.0004
dynamic diameter calculation,2,0.0004
metaheuristics eg genetic algorithms simulated annealing,2,0.0004
lcp longest common prefix,2,0.0004
limit calculus,2,0.0004
ascii art generation,2,0.0004
union find with size tracking,2,0.0004
hill pattern detection,2,0.0004
integer point enumeration,2,0.0004
linear algebra basis in binary space,2,0.0004
warp gate handling,2,0.0004
simulation with time,2,0.0004
online convex hull maintenance,2,0.0004
priority queue event scheduling,2,0.0004
brute force with hashing,2,0.0004
segment tree or prefix sum optimization,2,0.0004
recursive transformation,2,0.0004
efficient tree diameter calculation,2,0.0004
efficient tree algorithms,2,0.0004
efficient subset sum,2,0.0004
heavy hitter queries,2,0.0004
lcp,2,0.0004
transformations rotationtranslation,2,0.0004
elementary symmetric polynomials,2,0.0004
fast fourier transform fft walsh hadamard transform,2,0.0004
sparse arrays,2,0.0004
counting unique elements,2,0.0004
path operations,2,0.0004
efficient rectangle processing,2,0.0004
imos method,2,0.0004
efficient subset calculation,2,0.0004
rotated shape detection,2,0.0004
subtree contributions,2,0.0004
reflection introspection,2,0.0004
fenwick tree or segment tree,2,0.0004
union find with maximum tracking,2,0.0004
custom operations,2,0.0004
dynamic graph bipartiteness,2,0.0004
efficient maxmin counting,2,0.0004
composition of linear functions,2,0.0004
experience optimization,2,0.0004
team partitioning,2,0.0004
edge induced subgraph,2,0.0004
closure computation,2,0.0004
x86 assembly,2,0.0004
python syntax handling,2,0.0004
linear algebra bitwise basis,2,0.0004
euler tour offline queries,2,0.0004
backtracking with constraints,2,0.0004
segment tree or dp optimization,2,0.0004
efficient time interval handling,2,0.0004
13th friday counting,2,0.0004
efficient matrix processing,2,0.0004
binary tournament simulation,2,0.0004
recursive expression parsing,2,0.0004
efficient algorithms for large inputs,2,0.0004
subset sum contributions,2,0.0004
priority queue for lexicographical minimization,2,0.0004
fridays counting,2,0.0004
segment tree with hash map,2,0.0004
permutation and combination,2,0.0004
multi string interleaving,2,0.0004
range integration,2,0.0004
priority queue queue management,2,0.0004
coprime counting,2,0.0004
2d plane geometry,2,0.0004
fenwick tree or binary indexed tree,2,0.0004
two way path search,2,0.0004
piecewise function evaluation,2,0.0004
data structure representation,2,0.0004
efficient coordinate compression,2,0.0004
data structure for dynamic strings,2,0.0004
tree edge contribution,2,0.0004
cube numbers,2,0.0004
efficient matrix traversal,2,0.0004
efficient digit manipulation,2,0.0004
compressed data structures,2,0.0004
concatenation and substring operations,2,0.0004
data consistency,2,0.0004
prefix maxima,2,0.0004
tree spawning,2,0.0004
path length optimization,2,0.0004
weighted manhattan distance,2,0.0004
sos dp sum over subsets dp,2,0.0004
fast fourier transform fft walsh hadamard transform wht,2,0.0004
discrete event simulation,2,0.0004
max path in mst,2,0.0004
efficient minimum xor calculation,2,0.0004
efficient digit counting,2,0.0004
absolute value calculation,2,0.0004
efficient time range handling,2,0.0004
fastest code optimization,2,0.0004
rubiks cube solving,2,0.0004
line segment traversal,2,0.0004
finite field theory,2,0.0004
polygon shadow calculation,2,0.0004
lucass theorem,2,0.0004
grammar based parsing,2,0.0004
exponent parity,2,0.0004
efficient sweepline,2,0.0004
prefix and suffix range updates,2,0.0004
boolean operations on polygons,2,0.0004
mergeable data structures,2,0.0004
segment tree or trie,2,0.0004
subarray maxima,2,0.0004
iterative digit analysis,2,0.0004
reverse complement calculation,2,0.0004
data structure sethash map,2,0.0004
segment tree or event based sweeping,1,0.0002
shuffling and permutations,1,0.0002
maximum bipartite set,1,0.0002
heuristics for large graphs,1,0.0002
sat problem,1,0.0002
coloring edge labeling,1,0.0002
depth search,1,0.0002
rule based substitution,1,0.0002
data flow,1,0.0002
reverse dijkstra,1,0.0002
inverse totient,1,0.0002
normalization of polynomials,1,0.0002
spiral sequence generation,1,0.0002
region detection,1,0.0002
tree to graph,1,0.0002
uniqueness,1,0.0002
multi component connectivity,1,0.0002
multiple targets collection,1,0.0002
stack like structures,1,0.0002
tetris mechanics,1,0.0002
uniqueness verification,1,0.0002
triangle perimeter calculation,1,0.0002
linear algebra modulo arithmetic,1,0.0002
absolute value manipulation,1,0.0002
maximum bipartite matching with weights,1,0.0002
q,1,0.0002
path elimination,1,0.0002
data structures queuestack,1,0.0002
maximum bipartite matching with min max objective,1,0.0002
bfsdfs modified,1,0.0002
combinations calculation,1,0.0002
digit splitting,1,0.0002
efficient sieve for range,1,0.0002
union find disjoint set union dsu alternative approach,1,0.0002
numerical formatting,1,0.0002
multi level state representation,1,0.0002
trie tree construction,1,0.0002
number parsing,1,0.0002
maximum in subcube,1,0.0002
repeating decimal to fraction,1,0.0002
event based constraints,1,0.0002
dynamic grid modification,1,0.0002
map or array for set tracking,1,0.0002
lcm gcd,1,0.0002
string prefix suffix matching,1,0.0002
priority queuesorting,1,0.0002
minimum path constraint,1,0.0002
heuristics a or ida possible,1,0.0002
search strategies,1,0.0002
bit string analysis,1,0.0002
efficient character tracking,1,0.0002
polynomial evaluation over matrices,1,0.0002
forbidden substring check,1,0.0002
segment cost calculation,1,0.0002
multi dimensional neighbor traversal,1,0.0002
stack or loop processing,1,0.0002
networking concepts,1,0.0002
algorithms custom,1,0.0002
data structures hash map dictionary,1,0.0002
unification constraints,1,0.0002
dynamic partial order,1,0.0002
constraints intersection,1,0.0002
qubit states,1,0.0002
merge sort for optimization,1,0.0002
replication,1,0.0002
time and motion planning,1,0.0002
logic and set intersection,1,0.0002
heronian triangles,1,0.0002
turn based,1,0.0002
multi layered state space search,1,0.0002
mod 2 arithmetic,1,0.0002
custom base system,1,0.0002
positional notation,1,0.0002
portals and teleportation,1,0.0002
chaining logic,1,0.0002
counting points,1,0.0002
efficient submatrix search,1,0.0002
mathematical visualization,1,0.0002
sparse ruler,1,0.0002
lempel ziv algorithms,1,0.0002
smallest prime factor precomputation,1,0.0002
permutation pattern,1,0.0002
diophantine approximation,1,0.0002
chain rule,1,0.0002
palindromic numbers,1,0.0002
amplitude smoothing,1,0.0002
exponential mapping,1,0.0002
phase accumulator,1,0.0002
maximum spanning arborescence,1,0.0002
prefixsuffix,1,0.0002
3d convex hull,1,0.0002
sum over subsets dynamic programming,1,0.0002
index of coincidence,1,0.0002
markov model,1,0.0002
random,1,0.0002
distributive expansion,1,0.0002
visibility calculation,1,0.0002
string borders,1,0.0002
sardinas patterson algorithm,1,0.0002
closed form expression,1,0.0002
non adaptive search strategy,1,0.0002
pursuit evasion,1,0.0002
array deduplication,1,0.0002
quine construction,1,0.0002
spanning properties,1,0.0002
set filtering,1,0.0002
efficient lookup hash map,1,0.0002
counting range conditions,1,0.0002
padding logic,1,0.0002
array pattern recognition,1,0.0002
flood fill dfsbfs,1,0.0002
family tree logic,1,0.0002
diameter minimization,1,0.0002
suffix rotations,1,0.0002
two coloring bipartite graph,1,0.0002
bitmasking implicit,1,0.0002
clause parsing,1,0.0002
prime divisors,1,0.0002
plane point assignment,1,0.0002
data structures treedictionary,1,0.0002
merge constraints,1,0.0002
minimum edges,1,0.0002
slope and intercept calculation,1,0.0002
multi attribute shortest path,1,0.0002
validation of tree properties,1,0.0002
modular degree constraints,1,0.0002
efficient index management,1,0.0002
bridges and components,1,0.0002
recurring decimal to fraction,1,0.0002
8 bit arithmetic,1,0.0002
event based edge disappearance handling,1,0.0002
two largest elements,1,0.0002
tree partitioning,1,0.0002
multi set sorted data structure,1,0.0002
union of trees,1,0.0002
multi map,1,0.0002
anti palindrome check,1,0.0002
coordinate bounds,1,0.0002
prefix minimummaximum tracking,1,0.0002
maximum bipartite matching with minimum maximum edge weight,1,0.0002
cyclic data,1,0.0002
rational number conversion,1,0.0002
successive differences,1,0.0002
binary tree parsing,1,0.0002
dynamic data,1,0.0002
prime divisibility,1,0.0002
minimum cost sorting,1,0.0002
cipher decryption,1,0.0002
unbounded knapsack with count limits,1,0.0002
counting divisors,1,0.0002
graph euler tour tree traversal,1,0.0002
letter to digit mapping,1,0.0002
redistribution algorithm,1,0.0002
priority queue event based,1,0.0002
mathematical validity check,1,0.0002
problem specific algorithm,1,0.0002
priority queue double ended queue deque,1,0.0002
tree knapsack,1,0.0002
diameter,1,0.0002
multi controlled gates,1,0.0002
post selection,1,0.0002
quantum state preparation,1,0.0002
helstrom measurement,1,0.0002
optimal measurement,1,0.0002
two dimensional pattern matching,1,0.0002
bottleneck shortest path,1,0.0002
approximate string matching,1,0.0002
dynamic calculation,1,0.0002
lexing and parsing,1,0.0002
digit dp conceptual,1,0.0002
trie tree structure,1,0.0002
tree path selection,1,0.0002
mathematical cost calculation,1,0.0002
breadth first search bfs priority queue,1,0.0002
knuth morris pratt kmp or bit manipulation,1,0.0002
non crossing paths,1,0.0002
problem solving with bfs,1,0.0002
rectangle point containment,1,0.0002
substring uniqueness check,1,0.0002
minimum path with custom metric,1,0.0002
net flow debt calculation,1,0.0002
component shrinking,1,0.0002
family tree relationships,1,0.0002
bidirectional edge handling,1,0.0002
arithmetic in arbitrary bases,1,0.0002
recurring decimal handling,1,0.0002
graph implicit state transitions,1,0.0002
reconstruction algorithms,1,0.0002
efficient deletion with count tracking,1,0.0002
state with constraints,1,0.0002
grid comparison,1,0.0002
triplets search,1,0.0002
counting and constraints,1,0.0002
data structure dictionarymap,1,0.0002
median and mean calculation,1,0.0002
matrix subarray sum,1,0.0002
region validation,1,0.0002
suffix automaton or kmp for substring check,1,0.0002
leaf distance matching,1,0.0002
nim game strategy,1,0.0002
bfs on shortest paths,1,0.0002
triangular inequality,1,0.0002
condition filtering,1,0.0002
finite state automation,1,0.0002
shortcuts generation,1,0.0002
trie or hash based lookup,1,0.0002
array or hash based overlap detection,1,0.0002
suffix array prefix minimummaximum,1,0.0002
arithmetic in different bases,1,0.0002
logic analysis,1,0.0002
pairwise coprime,1,0.0002
line point relationship,1,0.0002
prefix suffix optimization,1,0.0002
minimum path distance,1,0.0002
backward movement analysis,1,0.0002
heuristic search a or bfs variants,1,0.0002
data structure segment tree,1,0.0002
triple iteration with sliding windows,1,0.0002
hashing modified in place,1,0.0002
nearest value search,1,0.0002
range maximum xor query,1,0.0002
tree restoration,1,0.0002
constraints satisfiability,1,0.0002
tracking posneg,1,0.0002
bfsdfs for reachability,1,0.0002
edge disappearance handling,1,0.0002
bfs with state,1,0.0002
symmetry and invariants,1,0.0002
kmp algorithm for substring occurrences,1,0.0002
min max analysis,1,0.0002
qubit state analysis,1,0.0002
trie or state space search,1,0.0002
minimum maximum degree adjustment,1,0.0002
path calculation on tree,1,0.0002
matrix minimum selection,1,0.0002
automata aho corasick or trie,1,0.0002
stoer wagner algorithm or variants,1,0.0002
quadrilateral inequality,1,0.0002
grid based counting,1,0.0002
stack or iterative processing,1,0.0002
wqs binary search convex cost clustering,1,0.0002
set uniqueness handling,1,0.0002
multidimensional state representation,1,0.0002
comparison of rational numbers,1,0.0002
geometry calculation,1,0.0002
dynamic programming dp on trees,1,0.0002
spiral sequence,1,0.0002
prefix suffix concatenation,1,0.0002
substring frequency count,1,0.0002
character array manipulation,1,0.0002
line point intersection,1,0.0002
reverse graph construction,1,0.0002
graph path construction,1,0.0002
greph coloring,1,0.0002
reverse thinking inversion,1,0.0002
np complete problem,1,0.0002
implication parsing,1,0.0002
iterator design pattern,1,0.0002
lexer implementation,1,0.0002
efficient character matching,1,0.0002
tracking minimums,1,0.0002
angle and orientation,1,0.0002
line slope handling,1,0.0002
square divisibility,1,0.0002
numerical conversion,1,0.0002
multi source bfsrelaxation,1,0.0002
compressed state space,1,0.0002
breadth first search bfs on distances,1,0.0002
bfs on shortest path edges,1,0.0002
arithmetic with large numbers,1,0.0002
logical simplification,1,0.0002
object navigation,1,0.0002
segment tree or hashing,1,0.0002
forbidden subsequence check,1,0.0002
cocktail shaker sort variant,1,0.0002
optimal subsequence selection,1,0.0002
small value range optimization,1,0.0002
data structure for dynamic sum,1,0.0002
rotation and translation invariance,1,0.0002
ida,1,0.0002
graph degree,1,0.0002
cycle leader algorithm,1,0.0002
stable roommates problem,1,0.0002
vertex degree,1,0.0002
term expansion,1,0.0002
lis longest increasing subsequence variation,1,0.0002
problem variants,1,0.0002
knuth morris pratt kmp like transitions for dp state transitions,1,0.0002
hashmap frequency count,1,0.0002
mixed graph orientation,1,0.0002
minimum edge constraints,1,0.0002
gcdhcf,1,0.0002
edge blocking,1,0.0002
optimal choice,1,0.0002
trie or prefixsuffix comparison,1,0.0002
plane and point distance,1,0.0002
prime substring constraints,1,0.0002
string deduction,1,0.0002
loop invariant maintenance,1,0.0002
brute force with observations,1,0.0002
maximum clique in dag,1,0.0002
2d grid handling,1,0.0002
maximum degree minimization,1,0.0002
graph eulerian path topological sort,1,0.0002
segment trees or intervals,1,0.0002
multi dimensional neighbor calculation,1,0.0002
data structures heap priority queue,1,0.0002
data structures linked lists or grid navigation,1,0.0002
slope trick optimization,1,0.0002
line and plane,1,0.0002
symmetry and isomorphism,1,0.0002
multiple queries handling,1,0.0002
catalan numbers tree counting,1,0.0002
subarray sum queries,1,0.0002
mimic detection,1,0.0002
problem variation handling,1,0.0002
hashing dictionarymap,1,0.0002
bounded pathfinding,1,0.0002
time based validation,1,0.0002
longest increasing subsequence lis variant,1,0.0002
minimum sum selection,1,0.0002
reduction to boolean satisfiability,1,0.0002
difference analysis,1,0.0002
counting colors,1,0.0002
multiple objectives,1,0.0002
augmenting paths,1,0.0002
catalan structures,1,0.0002
triple pointer,1,0.0002
borvkas algorithm,1,0.0002
calculator design,1,0.0002
hashing for distinct substrings,1,0.0002
grid based pathfinding,1,0.0002
minimum adjustment,1,0.0002
two pass graph traversal,1,0.0002
prime divisibility check,1,0.0002
circle tangent calculation,1,0.0002
family tree traversal,1,0.0002
string query optimization,1,0.0002
vector direction,1,0.0002
trie or map based counting,1,0.0002
tree postorder traversal,1,0.0002
matrix minimum cost,1,0.0002
graph reduction,1,0.0002
gale ryser theorem,1,0.0002
graph realization,1,0.0002
digit calculation,1,0.0002
high minimum degree,1,0.0002
root counting in finite fields,1,0.0002
2d overlap,1,0.0002
two pointer method,1,0.0002
mathematical factorials,1,0.0002
frequency table,1,0.0002
triangle validation,1,0.0002
hashing rolling hash or kmp,1,0.0002
algorithmic analysis,1,0.0002
two bfsdfs method,1,0.0002
array representation of binary tree,1,0.0002
backward thinking,1,0.0002
functional dependencies,1,0.0002
circle collision,1,0.0002
binary grid manipulation,1,0.0002
set hash table,1,0.0002
circle circle intersections,1,0.0002
point circle relationships,1,0.0002
degree parity check,1,0.0002
nim like analysis,1,0.0002
line closest point to origin,1,0.0002
circle tangent lines,1,0.0002
lis longest increasing subsequence variant,1,0.0002
problem specific data modeling,1,0.0002
cost and distance optimization,1,0.0002
matrix cost,1,0.0002
unordered data structures eg hash map or set,1,0.0002
inversion algorithm,1,0.0002
disjoint rectangles processing,1,0.0002
sliding window nearest elements,1,0.0002
string suffix processing,1,0.0002
multi state grid,1,0.0002
efficient lookup hashing,1,0.0002
tree forest reconstruction,1,0.0002
set or multiset,1,0.0002
translation mapping,1,0.0002
divisibility and parity,1,0.0002
tree centroid tree properties,1,0.0002
range logic,1,0.0002
efficient counting with frequency arrays,1,0.0002
color consistency check,1,0.0002
trie or map based tree construction,1,0.0002
problem solving with heuristics,1,0.0002
tuples and indexing,1,0.0002
multiway merge,1,0.0002
shortest path problems,1,0.0002
multi pattern processing,1,0.0002
precomputation factorialscombinations,1,0.0002
leaf distance analysis,1,0.0002
root finding in finite fields,1,0.0002
line and point intersection,1,0.0002
trie alternative approach,1,0.0002
efficient diameter computation,1,0.0002
nearest point,1,0.0002
multi source bfs pathfinding,1,0.0002
topological sort reverse graph,1,0.0002
bruteforce optimization,1,0.0002
greedy subsequence selection,1,0.0002
compressing values,1,0.0002
incircle formula,1,0.0002
direction analysis,1,0.0002
incircle properties,1,0.0002
data structures multisets,1,0.0002
disjoint set union optional for advanced optimizations,1,0.0002
fenwick tree optional for optimization,1,0.0002
binary tree bfs,1,0.0002
unique circle detection,1,0.0002
edge irrelevance check,1,0.0002
backtracking optional for generalization,1,0.0002
speed and acceleration constraints,1,0.0002
odometer calculation,1,0.0002
ancestry calculation,1,0.0002
algorithm encodingdecoding,1,0.0002
redistribution simulation,1,0.0002
math ceiling calculation,1,0.0002
set hash map,1,0.0002
efficient diameter tracking,1,0.0002
perfect square handling,1,0.0002
linked list or hash map,1,0.0002
hashing or map for fast lookup,1,0.0002
mathematical expansion,1,0.0002
inclusion of expected values,1,0.0002
data compression frequency counting,1,0.0002
matrix reachability,1,0.0002
multiplicative numbers,1,0.0002
multiple sequence alignment,1,0.0002
brute force with pattern generation,1,0.0002
unweightedweighted graph traversal,1,0.0002
planar graph properties,1,0.0002
algorithmic patterns,1,0.0002
adversarial testing,1,0.0002
satisfiability sat problem,1,0.0002
roots of equations,1,0.0002
data structure tree nesting,1,0.0002
bfs for unweighted graphs,1,0.0002
number construction,1,0.0002
setinterval coverage,1,0.0002
state tracking dynamic state space,1,0.0002
one dimensional range,1,0.0002
convolution like computation,1,0.0002
team grouping,1,0.0002
prefix and suffix xor,1,0.0002
subarray sum properties,1,0.0002
shortest path in implicit graph,1,0.0002
graph longest path,1,0.0002
point location in planar arrangements,1,0.0002
custom parser implementation,1,0.0002
mappingdictionary,1,0.0002
greedy constraints handling,1,0.0002
subsequence pattern matching,1,0.0002
periodic pattern handling,1,0.0002
roots to polynomial,1,0.0002
prefix xor analysis,1,0.0002
bit manipulation implicit state encoding,1,0.0002
grecommon divisorth,1,0.0002
language translation,1,0.0002
leaf node handling,1,0.0002
automata aho corasick or trie based,1,0.0002
ebnf,1,0.0002
binary array analysis,1,0.0002
variables tracking,1,0.0002
bipartite,1,0.0002
eulerian path degree analysis,1,0.0002
redundancy in trees,1,0.0002
amicable check,1,0.0002
lattice points counting,1,0.0002
knapsack on trees,1,0.0002
maximum subtree sum,1,0.0002
mathematical distance calculation,1,0.0002
slope and line detection,1,0.0002
line segment distance calculation,1,0.0002
parametric motion simulation,1,0.0002
shortest cycle,1,0.0002
deduplication optimization,1,0.0002
tree or graph path problems,1,0.0002
error tolerant search,1,0.0002
integration of polynomials,1,0.0002
optimal time and space complexity,1,0.0002
reverse lookup,1,0.0002
arabic to roman conversion,1,0.0002
roman to arabic conversion,1,0.0002
grid intersection detection,1,0.0002
cumulative probability,1,0.0002
unique paths,1,0.0002
state constraints,1,0.0002
looping and control structures,1,0.0002
circle and polygon intersection,1,0.0002
nonlinear systems,1,0.0002
networking protocols,1,0.0002
ones complement,1,0.0002
3d axis aligned bounding box aabb,1,0.0002
union of cuboids,1,0.0002
greedy algorithm analysis,1,0.0002
binary to floating point conversion,1,0.0002
sievealgorithm,1,0.0002
file renaming,1,0.0002
reading order,1,0.0002
circular list detection,1,0.0002
armstrong number check,1,0.0002
string preprocessing,1,0.0002
crc 32,1,0.0002
rotation operation,1,0.0002
magic energy consistency check,1,0.0002
direction grouping,1,0.0002
imbalance calculation,1,0.0002
string filtering,1,0.0002
counting frequency tracking,1,0.0002
pandas csv handling,1,0.0002
concatenated substring search,1,0.0002
suffix removal,1,0.0002
peak optimization,1,0.0002
wave pattern construction,1,0.0002
counter clockwise ordering,1,0.0002
seed based algorithms,1,0.0002
jacobi symbol,1,0.0002
labeling strategy,1,0.0002
cidr calculation,1,0.0002
pratts sequence,1,0.0002
pair sum,1,0.0002
coppersmiths attack,1,0.0002
lattice reduction,1,0.0002
minimum perimeter calculation,1,0.0002
minimum maximum edge problem,1,0.0002
parsing with stringio,1,0.0002
recursive pattern construction,1,0.0002
surface distance calculation,1,0.0002
efficient primality checking,1,0.0002
multithreadingmultiprocessing,1,0.0002
exact sum path,1,0.0002
hashing shapes,1,0.0002
file traversal,1,0.0002
pathlib,1,0.0002
iterative dfsbfs,1,0.0002
integer constraints handling,1,0.0002
utf 8 validation,1,0.0002
disjoint set union optional for connectivity check,1,0.0002
longest path in a dag,1,0.0002
midpoint rule,1,0.0002
hashing with input array,1,0.0002
logical negation,1,0.0002
problem solving strategy,1,0.0002
curve fitting,1,0.0002
exponential interpolation,1,0.0002
line and ray intersection,1,0.0002
parallelogram construction,1,0.0002
polygon winding number,1,0.0002
lzma compression,1,0.0002
negative values handling,1,0.0002
0 1 grid navigation,1,0.0002
dynamic state difference count,1,0.0002
arraylist or dynamic array,1,0.0002
sum maintenance,1,0.0002
chessboard pathfinding,1,0.0002
sharding,1,0.0002
integer grid,1,0.0002
reverse subsequence,1,0.0002
matrixgrid navigation,1,0.0002
disk scheduling,1,0.0002
scan,1,0.0002
sstf,1,0.0002
unsolvable puzzle check,1,0.0002
ceilingfloor functions,1,0.0002
eigenvector approximation,1,0.0002
password cracking,1,0.0002
arraylist,1,0.0002
maximum subarrayelement selection,1,0.0002
triple loop counting,1,0.0002
column formatting,1,0.0002
array based number representation,1,0.0002
comparison of large numbers,1,0.0002
custom multiplication,1,0.0002
directed graphs digraphs,1,0.0002
tag matching,1,0.0002
python threading,1,0.0002
subsequence finding,1,0.0002
recursive factorization,1,0.0002
loop calculation,1,0.0002
subgrid selection,1,0.0002
prime number theorem,1,0.0002
hashmap optimization,1,0.0002
even number sum query,1,0.0002
string building,1,0.0002
free block tracking,1,0.0002
efficient maximum difference,1,0.0002
dominance,1,0.0002
argpartition,1,0.0002
queue or list processing,1,0.0002
date time handling,1,0.0002
recursive mathematics,1,0.0002
monotonic stack alternative approach,1,0.0002
sliding window per row,1,0.0002
hashing eg defaultdict,1,0.0002
adjacency listgrid,1,0.0002
minimum dominating set approximation,1,0.0002
cubes,1,0.0002
heap optional alternative approach,1,0.0002
constraint based movement,1,0.0002
axis aligned bounding box aabb,1,0.0002
subtree manipulation,1,0.0002
multi set generation,1,0.0002
event based delay handling,1,0.0002
parameterized tests,1,0.0002
custom grid navigation,1,0.0002
snapshots,1,0.0002
mazematrix problems,1,0.0002
assembly language simulation,1,0.0002
postfix notation evaluation,1,0.0002
generating numbers,1,0.0002
line segment visibility,1,0.0002
event based sweepline algorithm,1,0.0002
time based conflict checking,1,0.0002
currency system,1,0.0002
ceiling function usage,1,0.0002
ellipse and circle detection,1,0.0002
line and half plane equations,1,0.0002
gift wrapping algorithm jarvis march or graham scan,1,0.0002
math product calculation,1,0.0002
padding and merging,1,0.0002
sliding puzzle mechanics,1,0.0002
stack based iteration,1,0.0002
first fit strategy,1,0.0002
feedback loop,1,0.0002
segmented sieve optional for very large ranges,1,0.0002
network supernetting,1,0.0002
network calculation,1,0.0002
counting sort variant,1,0.0002
construct tree from traversals,1,0.0002
decimal representation,1,0.0002
splitting and merging,1,0.0002
loop adjustment,1,0.0002
array stacking,1,0.0002
sequence similarity,1,0.0002
integer arrays,1,0.0002
hash set for lookups,1,0.0002
digit pairs,1,0.0002
edge intersection detection,1,0.0002
coroutines,1,0.0002
symmetry and subtree isomorphism,1,0.0002
data mapping hashing,1,0.0002
functional transformation,1,0.0002
sorting character ordering,1,0.0002
qubit state identification,1,0.0002
bfs unweighted graph,1,0.0002
forbidden triples,1,0.0002
iterative counting,1,0.0002
unbounded count with limits,1,0.0002
reverse kruskals algorithm,1,0.0002
connected graph,1,0.0002
priority queue or multi set,1,0.0002
problem solving greedy,1,0.0002
bisecting area,1,0.0002
prefixsuffix data structures,1,0.0002
set for tracking visited,1,0.0002
bfsdfs conceptual,1,0.0002
logarithmic optimization,1,0.0002
mathematical pattern design,1,0.0002
efficient string merging,1,0.0002
gremany,1,0.0002
prefix sum accumulation,1,0.0002
triple sum search,1,0.0002
ebnf parsing,1,0.0002
multi dimensional comparison,1,0.0002
input output optimization,1,0.0002
data structures arrays sets,1,0.0002
nim game grundy numbers,1,0.0002
two sum search,1,0.0002
shortest paths faster algorithm spfa,1,0.0002
recursive reversal,1,0.0002
adjacency list implicit graph,1,0.0002
trie or prefixsuffix check,1,0.0002
prefix suffix split,1,0.0002
reverse string handling,1,0.0002
two sum optimization,1,0.0002
digit sum optimization,1,0.0002
prefix and suffix structures,1,0.0002
transformation modeling,1,0.0002
polygon partitioning,1,0.0002
kernelization,1,0.0002
sorting stability,1,0.0002
bayesian classification,1,0.0002
custom allocator,1,0.0002
ipv4 addressing,1,0.0002
search in rotated sorted array with duplicates,1,0.0002
manachers algorithm optional,1,0.0002
discounted rewards,1,0.0002
utility maximization,1,0.0002
bst properties,1,0.0002
cubic spline interpolation,1,0.0002
heap optional alternative,1,0.0002
unique combinations,1,0.0002
hierarchical data management,1,0.0002
battery level dynamics,1,0.0002
square root detection,1,0.0002
onm time complexity,1,0.0002
baileyborweinplouffe formula,1,0.0002
hash comparison,1,0.0002
dynamic programming matrix based,1,0.0002
2 opt,1,0.0002
sha256,1,0.0002
cache handling,1,0.0002
dynamic graph modification,1,0.0002
huffman code variant,1,0.0002
optimal binary code,1,0.0002
prefix code construction,1,0.0002
hybrid methods,1,0.0002
sliding window concept,1,0.0002
optimal space complexity,1,0.0002
condensed graph construction,1,0.0002
iterative binary search,1,0.0002
dijkstras algorithm with constraints,1,0.0002
custom algorithm implementation,1,0.0002
dynamic memory management,1,0.0002
recursion handling,1,0.0002
function factory,1,0.0002
email generation,1,0.0002
greedy best first search,1,0.0002
batch matrix computation,1,0.0002
pade approximant,1,0.0002
tensorflow api usage,1,0.0002
weighted graph traversal,1,0.0002
warp portals,1,0.0002
optimal subarray,1,0.0002
path length constraint,1,0.0002
greedy validation,1,0.0002
gas station constraints,1,0.0002
json file handling,1,0.0002
vowel check,1,0.0002
partially mapped crossover pmx,1,0.0002
text chunking,1,0.0002
multi core scheduling,1,0.0002
duplicate elimination,1,0.0002
grid world simulation,1,0.0002
lcm and gcd calculation,1,0.0002
counting coprime pairs,1,0.0002
dynamic grid handling,1,0.0002
cube coordinates,1,0.0002
hash free counting,1,0.0002
dynamic attributes,1,0.0002
python object protocol,1,0.0002
rich comparisons,1,0.0002
distinct elements handling,1,0.0002
boyer moore,1,0.0002
value error handling,1,0.0002
adjacency calculation,1,0.0002
edge adjustment,1,0.0002
date and time arithmetic,1,0.0002
digital signature,1,0.0002
json construction,1,0.0002
backtracking implicit in sudoku generation pattern,1,0.0002
circular prime validation,1,0.0002
low level data manipulation,1,0.0002
fuzzy search,1,0.0002
radix 2 fft,1,0.0002
data structure sorted list,1,0.0002
average degree calculation,1,0.0002
missing data imputation,1,0.0002
product validation,1,0.0002
subgrid identification,1,0.0002
hashing eg for word indexing,1,0.0002
regular expressions optional for parsing,1,0.0002
circular dependency,1,0.0002
combiner function,1,0.0002
counting missing elements,1,0.0002
constraint based pathfinding,1,0.0002
compare and swap cas,1,0.0002
binary to hexadecimal conversion,1,0.0002
dynamic array management,1,0.0002
queen placement,1,0.0002
cycle detection alternative approach,1,0.0002
priority queue ordered set,1,0.0002
hashing concepts,1,0.0002
strategy analysis,1,0.0002
python ast processing,1,0.0002
bounded items,1,0.0002
lock based concurrency,1,0.0002
distance accumulation,1,0.0002
object oriented programming conceptual,1,0.0002
lru cache implementation,1,0.0002
rest api interaction,1,0.0002
path weight constraints,1,0.0002
singular value decomposition svd,1,0.0002
minimum path augmentation,1,0.0002
no extra memory usage,1,0.0002
bytearray,1,0.0002
cumulative product calculation,1,0.0002
algorithms set operations,1,0.0002
algorithms transposition,1,0.0002
polynomial equation solving,1,0.0002
tree substructure processing,1,0.0002
hex grid movement,1,0.0002
jump mechanics,1,0.0002
dynamic state planes used,1,0.0002
error tolerance,1,0.0002
less than check,1,0.0002
greedy algorithm for item selection,1,0.0002
softmax classifier,1,0.0002
special movement handling,1,0.0002
distance sum optimization,1,0.0002
compression lzma,1,0.0002
filter chains,1,0.0002
symmetry and burnsides lemma,1,0.0002
independent subgames,1,0.0002
block matrix multiplication,1,0.0002
merge sort or quick sort,1,0.0002
hashing set for tracking visited cells,1,0.0002
edge removal simulation,1,0.0002
sparse jump table,1,0.0002
reverse search,1,0.0002
edge removal constraints,1,0.0002
sha 256,1,0.0002
matrix navigation,1,0.0002
subarrayrectangle processing,1,0.0002
level sum calculation,1,0.0002
interpolative search,1,0.0002
graph implicit chain,1,0.0002
sat,1,0.0002
minimum lex order path,1,0.0002
insertion and search,1,0.0002
recursionbacktracking,1,0.0002
even number check,1,0.0002
precision matrix,1,0.0002
multi sequence lcs,1,0.0002
eulers recurrence,1,0.0002
hardy ramanujan approximation,1,0.0002
parent child representation,1,0.0002
validation of operations,1,0.0002
prefix calculations,1,0.0002
time interval matching,1,0.0002
graph detection cycle detection,1,0.0002
linear assignment problem,1,0.0002
modified bfsdfs for second shortest path,1,0.0002
triple and quintuple pattern matching,1,0.0002
minimum error propagation,1,0.0002
rounding optimization,1,0.0002
json data processing,1,0.0002
recursive bubble sort,1,0.0002
log rotation,1,0.0002
cpu efficiency,1,0.0002
python abc library,1,0.0002
greedy archive strategy,1,0.0002
subtree sumproduct calculation,1,0.0002
sudoku solving,1,0.0002
data structure maintenance,1,0.0002
test case handling,1,0.0002
hashing for visited tracking,1,0.0002
circuit optimization,1,0.0002
cpu utilization measurement,1,0.0002
greedy selection for reconstruction,1,0.0002
random string generation,1,0.0002
disk based storage,1,0.0002
bio labeling,1,0.0002
minimum node sum,1,0.0002
date time filtering,1,0.0002
array data structure,1,0.0002
greedy with patience sorting,1,0.0002
olog n operations,1,0.0002
route construction,1,0.0002
iso 8601 formatting,1,0.0002
square subgrid detection,1,0.0002
branch prediction,1,0.0002
adjacency list manipulation,1,0.0002
sorting or binary search for threshold handling,1,0.0002
lucas sequence,1,0.0002
hoares selection algorithm,1,0.0002
outlier handling,1,0.0002
minimum heap,1,0.0002
anagram grouping,1,0.0002
preference lists,1,0.0002
stv single transferable vote,1,0.0002
hashing sha 512,1,0.0002
greedy algorithms for optimization insights,1,0.0002
subgrid sum,1,0.0002
restricted path,1,0.0002
solvability check,1,0.0002
temporary files management,1,0.0002
queue adt,1,0.0002
bug simulation,1,0.0002
depth first traversal,1,0.0002
deletion operation,1,0.0002
intersection computation,1,0.0002
substring problems,1,0.0002
path sum check,1,0.0002
chessboard logic,1,0.0002
quantum computing simulation,1,0.0002
random vector generation,1,0.0002
threading or time functions,1,0.0002
string substring generation,1,0.0002
python compatibility,1,0.0002
encryption decryption,1,0.0002
custom conversion,1,0.0002
prefix minimum and maximum,1,0.0002
square root method,1,0.0002
manual duplicate check,1,0.0002
stack based bracket matching,1,0.0002
circle clipping,1,0.0002
array based computation,1,0.0002
two subset sum,1,0.0002
assembly instructions,1,0.0002
splitting and trimming,1,0.0002
circumcenter calculation,1,0.0002
incenter calculation,1,0.0002
tic tac toe strategy,1,0.0002
linked list implementation,1,0.0002
conservation laws,1,0.0002
random seed and shuffle,1,0.0002
horizon visibility,1,0.0002
right alignment,1,0.0002
triangular structure,1,0.0002
procedural implementation,1,0.0002
compass directions,1,0.0002
mixed data types,1,0.0002
subarray subsequence,1,0.0002
triangle numbers,1,0.0002
law of sines,1,0.0002
triangle validity check,1,0.0002
global variables,1,0.0002
maximal cliques,1,0.0002
right triangle,1,0.0002
dynamic configuration,1,0.0002
filtering and logging,1,0.0002
bayes theorem,1,0.0002
minmax constraints,1,0.0002
0 1 knapsack with count constraint,1,0.0002
sieve or preprocessing,1,0.0002
board analysis,1,0.0002
numeric comparison,1,0.0002
split list in half,1,0.0002
concatenation matching,1,0.0002
tic tac toe game logic,1,0.0002
point operations,1,0.0002
2s complement,1,0.0002
circular prime verification,1,0.0002
data type identification,1,0.0002
line segment projection,1,0.0002
time interval merging,1,0.0002
string index validation,1,0.0002
signed integer handling,1,0.0002
line cylinder intersection,1,0.0002
range update queries,1,0.0002
object sorting,1,0.0002
hashing alternative,1,0.0002
data structure treesetordered set,1,0.0002
median operations,1,0.0002
algorithm search algorithm binary search recursive binary search,1,0.0002
implementation logic recursion,1,0.0002
statistical operations,1,0.0002
line alignment,1,0.0002
search in linked list,1,0.0002
numerical rounding,1,0.0002
minimum steps calculation,1,0.0002
quadrant manipulation,1,0.0002
python decimal library,1,0.0002
geometric overlap,1,0.0002
data deletion,1,0.0002
minimum spanning tree alternative approach,1,0.0002
dictionary validation,1,0.0002
subarraysubstring manipulation,1,0.0002
gamma encoding,1,0.0002
incircle radius,1,0.0002
pig latin translation,1,0.0002
exclusion condition,1,0.0002
correlation coefficient,1,0.0002
interleaving strings,1,0.0002
median line,1,0.0002
string prefixsuffix,1,0.0002
data structure agnosticism,1,0.0002
hermitian transpose,1,0.0002
submatrix extraction,1,0.0002
data structures dictionary queue,1,0.0002
online data processing,1,0.0002
communication problem,1,0.0002
alternating sequence,1,0.0002
array decompression,1,0.0002
negative and positive handling,1,0.0002
math powers of two,1,0.0002
same value check,1,0.0002
time zone traversal,1,0.0002
efficient span calculation,1,0.0002
binary tree visualization,1,0.0002
time space trade off,1,0.0002
two pass solution,1,0.0002
inner product,1,0.0002
rodrigues formula,1,0.0002
efficient update operations,1,0.0002
integer range handling,1,0.0002
python magic methods,1,0.0002
custom indexing,1,0.0002
prefix filtering,1,0.0002
custom container implementation,1,0.0002
conditional swap,1,0.0002
hashing conceptual avoided for space constraints,1,0.0002
graham scan or andrews monotone chain,1,0.0002
transformation pipeline,1,0.0002
format specification,1,0.0002
undo redo mechanism,1,0.0002
selection of top k,1,0.0002
subprocess management,1,0.0002
cumulative frequency,1,0.0002
stochastic simulation,1,0.0002
collation,1,0.0002
uniform sum,1,0.0002
circle encapsulation,1,0.0002
segmented sieve if applicable for larger constraints,1,0.0002
next prime calculation,1,0.0002
hierarchical counting,1,0.0002
text editor implementation,1,0.0002
efficient data distribution,1,0.0002
threshold secret sharing,1,0.0002
abstract base classes abcs,1,0.0002
mutableset,1,0.0002
hierarchy,1,0.0002
efficient area checking,1,0.0002
circle arcs,1,0.0002
comparison and ordering,1,0.0002
translation matrix,1,0.0002
minimum path cost,1,0.0002
row and column swaps,1,0.0002
linear space complexity,1,0.0002
math theorems,1,0.0002
backreferences,1,0.0002
escape character handling,1,0.0002
brainf,1,0.0002
efficient file io,1,0.0002
range based sorting,1,0.0002
palindrome number,1,0.0002
function timeout,1,0.0002
conditional transformation,1,0.0002
itertools chainrepeat,1,0.0002
minimum subsequence sum,1,0.0002
greedy optional for variations,1,0.0002
logical operators evaluation,1,0.0002
maximum range query,1,0.0002
eulerian numbers,1,0.0002
threshold conditions,1,0.0002
laguerres method,1,0.0002
minimum constraints on edges,1,0.0002
transformation estimation,1,0.0002
zero handling,1,0.0002
unbounded queries,1,0.0002
unique ordering check,1,0.0002
hashing lookup tables,1,0.0002
sphere packing,1,0.0002
line and plane intersection,1,0.0002
validation rules,1,0.0002
subarray traversal,1,0.0002
minimum distance from point to polygon,1,0.0002
null check,1,0.0002
optimal game strategy,1,0.0002
efficient point in rectangle check,1,0.0002
next lexicographical order,1,0.0002
lomuto partition scheme,1,0.0002
shuffling algorithms,1,0.0002
networking ip addresses,1,0.0002
multiple source sink path validation,1,0.0002
hash set uniqueness,1,0.0002
numerical validation,1,0.0002
sequence elimination,1,0.0002
constraints,1,0.0002
hash set deduplication,1,0.0002
assertion management,1,0.0002
maximum coverage problem,1,0.0002
jury stability criterion,1,0.0002
permutation graph,1,0.0002
escape sequence handling,1,0.0002
date time manipulation,1,0.0002
case folding,1,0.0002
matrix symmetry check,1,0.0002
math simulation,1,0.0002
object protocols,1,0.0002
date difference,1,0.0002
tree combinatorics,1,0.0002
priority aging,1,0.0002
hashing eg setsdictionaries,1,0.0002
hashing using input as hash table,1,0.0002
data structures queue defaultdict,1,0.0002
non recursive algorithms,1,0.0002
efficient for large data,1,0.0002
shrink factor,1,0.0002
lucas pseudoprime,1,0.0002
data structure network objects,1,0.0002
merge sort linked list,1,0.0002
modified binary search,1,0.0002
makespan minimization,1,0.0002
recursive update,1,0.0002
digit bucketing,1,0.0002
unique check,1,0.0002
sign extension,1,0.0002
safety check,1,0.0002
beatty sequence,1,0.0002
k closest elements,1,0.0002
n th node from end,1,0.0002
lup decomposition,1,0.0002
iterative training,1,0.0002
multi class classification,1,0.0002
perceptron algorithm,1,0.0002
np hard problem approximation,1,0.0002
loop detection and removal,1,0.0002
rescheduling,1,0.0002
sophie germain prime,1,0.0002
multiples exclusion,1,0.0002
odd number generation,1,0.0002
sieve like filtering,1,0.0002
heap management,1,0.0002
digit place processing,1,0.0002
simulation output,1,0.0002
decimal recurring cycles,1,0.0002
decimation in time,1,0.0002
approximation error,1,0.0002
path query handling,1,0.0002
immutable data structures,1,0.0002
python deep copy,1,0.0002
unique subset sum,1,0.0002
backtracking alternative approach,1,0.0002
abstract base classes abc,1,0.0002
first fit best fit worst fit,1,0.0002
max subtree size,1,0.0002
bidirectional a,1,0.0002
geospatial data,1,0.0002
multisetcounter,1,0.0002
floyds algorithm for distance calculation,1,0.0002
digit wise addition,1,0.0002
itertoolscount,1,0.0002
itertoolstakewhile,1,0.0002
bch codes,1,0.0002
stock trading problems,1,0.0002
dynamic maximum query,1,0.0002
iterative loop while loop,1,0.0002
bounded selection,1,0.0002
policy generation,1,0.0002
problem solving geometry,1,0.0002
online median,1,0.0002
matrix tiling,1,0.0002
efficient range generation,1,0.0002
try except block,1,0.0002
custom comparison logic,1,0.0002
minimal write operations,1,0.0002
adjacency and neighbors,1,0.0002
feedback analysis,1,0.0002
operatorattrgetter,1,0.0002
iddfs,1,0.0002
2d transform,1,0.0002
state tracking double condition,1,0.0002
dictionary of keys dok representation,1,0.0002
longest prefix suffix kmp,1,0.0002
unique generation,1,0.0002
threshold based strategy,1,0.0002
weighing strategy,1,0.0002
point line position check,1,0.0002
pixel coverage,1,0.0002
spreadsheet simulation,1,0.0002
entropy,1,0.0002
multidimensional binning,1,0.0002
minimum pair sum,1,0.0002
minimum prerequisite set,1,0.0002
longest path in a graph,1,0.0002
logarithmic bounds,1,0.0002
pollards p 1 factorization,1,0.0002
multi source bfsdfs for path reconstruction,1,0.0002
matching algorithm,1,0.0002
stack based buffer,1,0.0002
path logging,1,0.0002
series,1,0.0002
path sum in binary tree,1,0.0002
state tracking with tickets,1,0.0002
data structure organization,1,0.0002
modified bfsdfs for alternate paths,1,0.0002
binary search tree or treeset,1,0.0002
merge sort count inversions,1,0.0002
line graph,1,0.0002
cpu cycle optimization,1,0.0002
discriminant calculation,1,0.0002
first fit allocation,1,0.0002
setuniqueness check,1,0.0002
data structures dictionarygraph,1,0.0002
unix path parsing,1,0.0002
sieve of eratosthenes precomputation not applicable for large x,1,0.0002
forbidden edges,1,0.0002
dynamic search,1,0.0002
relative values propagation,1,0.0002
hemisphere classification,1,0.0002
sum of subsets,1,0.0002
urllib,1,0.0002
modification in place,1,0.0002
fractional weights,1,0.0002
minimum total distance,1,0.0002
dsatur,1,0.0002
nested parentheses handling,1,0.0002
fermats factorization method,1,0.0002
maximum path width,1,0.0002
edge removal impact analysis,1,0.0002
minimum reversals in directed tree,1,0.0002
tree or graph topology,1,0.0002
trie construction,1,0.0002
maximum bottleneck path,1,0.0002
time based data processing,1,0.0002
basin detection,1,0.0002
backface culling,1,0.0002
pentadiagonal matrix,1,0.0002
minimum edges for strong connectivity,1,0.0002
monotonic array check,1,0.0002
time complexity optimization on,1,0.0002
interval minimization,1,0.0002
hexadecimal number generation,1,0.0002
vigenre cipher,1,0.0002
lz4 compression,1,0.0002
semicircle coverage,1,0.0002
brute force with counting,1,0.0002
negative digits,1,0.0002
efficient string replacement,1,0.0002
efficient modulo operations,1,0.0002
largest rectangle in matrix,1,0.0002
kth selection,1,0.0002
finding repeating cycles,1,0.0002
3d volume calculation,1,0.0002
sorted array search,1,0.0002
generator pattern,1,0.0002
integer precision,1,0.0002
triplets with zero sum,1,0.0002
winding number algorithm,1,0.0002
data archiving,1,0.0002
mean normalization,1,0.0002
union find with data tracking,1,0.0002
sha 256 hashing,1,0.0002
minimum edge on path,1,0.0002
hashing counter,1,0.0002
cyclical reference handling,1,0.0002
cycle detection alternative,1,0.0002
file system,1,0.0002
single traversal,1,0.0002
external memory access optimization,1,0.0002
variance and standard deviation,1,0.0002
threshold based logic,1,0.0002
data segmentation,1,0.0002
summary statistics,1,0.0002
linear programming dual interpretation,1,0.0002
minimum path comparison,1,0.0002
matrix based algorithms,1,0.0002
prime factor manipulation,1,0.0002
splitting data,1,0.0002
disparity map,1,0.0002
stereo matching,1,0.0002
subtree selection,1,0.0002
geometric union,1,0.0002
edge case optimization,1,0.0002
tolerance based comparison,1,0.0002
neighborhood comparison,1,0.0002
recursion avoidance,1,0.0002
dimension manipulation,1,0.0002
tensor concatenation,1,0.0002
roots to polynomial conversion,1,0.0002
partial function application,1,0.0002
efficient sampling,1,0.0002
permutation test,1,0.0002
randomization test,1,0.0002
resampling methods,1,0.0002
insertion sort optimization,1,0.0002
node transformation,1,0.0002
k centers problem,1,0.0002
meeting room assignment,1,0.0002
recurring cycle detection,1,0.0002
triplets finding,1,0.0002
zero sum subsets,1,0.0002
battery calculation,1,0.0002
necklace decomposition,1,0.0002
minimum edit distance,1,0.0002
exact algorithms,1,0.0002
data sampling,1,0.0002
graph pruning,1,0.0002
merge optimization,1,0.0002
greedy algorithm for coin denominations with canonical property,1,0.0002
ospathsplit,1,0.0002
point in line,1,0.0002
forest handling,1,0.0002
subarray product,1,0.0002
npuzzle,1,0.0002
bitmap decoding,1,0.0002
lru tie breaking,1,0.0002
tree nodes,1,0.0002
relative neighborhood graph,1,0.0002
overlapping intervals,1,0.0002
bfs variant,1,0.0002
multiples summation,1,0.0002
dynamic frequency tracking,1,0.0002
dynamic weights handling,1,0.0002
cuda programming,1,0.0002
regex processing,1,0.0002
subset sum optimization,1,0.0002
bfsdfs for path finding,1,0.0002
compression zlib,1,0.0002
longest increasing subarray,1,0.0002
character position tracking,1,0.0002
non crossing path,1,0.0002
dynamic programming optional alternative,1,0.0002
lr parsing,1,0.0002
min stack,1,0.0002
compressed sparse row csr,1,0.0002
polite numbers,1,0.0002
prefix tree traversal,1,0.0002
python partial functions,1,0.0002
datetime formatting,1,0.0002
three sequences,1,0.0002
concatenated substring,1,0.0002
dynamic programming reverse thinking,1,0.0002
string matching regex,1,0.0002
permutation reversals,1,0.0002
data structures list and dictionary manipulation,1,0.0002
recursion or iteration flattening nested lists,1,0.0002
coplanarity check,1,0.0002
3d pathfinding,1,0.0002
occupancy grid navigation,1,0.0002
partition logic,1,0.0002
algorithm searching binary search,1,0.0002
algorithmic operation parallel execution,1,0.0002
error handling logging errors,1,0.0002
chunk processing,1,0.0002
data versioning,1,0.0002
decrease key,1,0.0002
data joining,1,0.0002
size calculation,1,0.0002
rate of change calculation,1,0.0002
loop fusion optimization,1,0.0002
data structures queue deque,1,0.0002
permutations generation,1,0.0002
iterative substitution,1,0.0002
sorting techniques,1,0.0002
flow balancing,1,0.0002
lexerparser implementation,1,0.0002
greedy algorithm if applicable variation,1,0.0002
maximal square,1,0.0002
itertoolsrepeat,1,0.0002
snail traversal,1,0.0002
path sum uniqueness,1,0.0002
shelf allocation,1,0.0002
summation of weights,1,0.0002
event timestamping,1,0.0002
set traversal,1,0.0002
filtering conditions,1,0.0002
hashing indirect use,1,0.0002
skip list simulation,1,0.0002
unique pair detection,1,0.0002
min heap construction,1,0.0002
python tuples,1,0.0002
point enclosure check,1,0.0002
sympy geometry,1,0.0002
lazy propagation implicit,1,0.0002
conditional data retrieval,1,0.0002
optimal batch scheduling,1,0.0002
tree construction from sorted list,1,0.0002
iteration counting,1,0.0002
optimal subsequence finding,1,0.0002
bias mitigation,1,0.0002
negative weight check,1,0.0002
2d rotation transformation,1,0.0002
segmented array,1,0.0002
battery management,1,0.0002
time window filtering,1,0.0002
daylight saving adjustment,1,0.0002
topological data structures,1,0.0002
divisive hierarchical clustering,1,0.0002
subgrid computation,1,0.0002
ternary state representation,1,0.0002
facility constraints,1,0.0002
rectangle area,1,0.0002
rule validation,1,0.0002
hashing conceptual analysis,1,0.0002
lifo queue stack,1,0.0002
maximum non adjacent subsequence sum,1,0.0002
low level system programming,1,0.0002
nested functions,1,0.0002
constant time operation,1,0.0002
net flow balance calculation,1,0.0002
2d table construction,1,0.0002
grid preprocessing,1,0.0002
bounding box detection,1,0.0002
evolutionary algorithm,1,0.0002
parent pointer handling,1,0.0002
palindrome avoidance,1,0.0002
data structures graph dictionary,1,0.0002
unicode tokenization,1,0.0002
lfu least frequently used,1,0.0002
matrix parsing,1,0.0002
update operations,1,0.0002
bounded stops,1,0.0002
priority based scheduling,1,0.0002
multi list traversal,1,0.0002
time complexity measurement,1,0.0002
chess engine,1,0.0002
defuzzification,1,0.0002
fuzzy logic,1,0.0002
time series prediction,1,0.0002
low degree graph,1,0.0002
algorithmic problem solving,1,0.0002
aggregation algorithms,1,0.0002
row and column operations,1,0.0002
multiple weighted graphs,1,0.0002
path sum in tree,1,0.0002
triplets classification,1,0.0002
syntax tree construction,1,0.0002
dynamic programming for state representation,1,0.0002
gap buffer,1,0.0002
subarraysubgrid check,1,0.0002
python operator module,1,0.0002
strictly increasingdecreasing subsequences,1,0.0002
custom algorithm design,1,0.0002
area under histogram,1,0.0002
chain graph traversal,1,0.0002
rooted tree matching,1,0.0002
path counting with constraints,1,0.0002
binary tree height,1,0.0002
epipolar geometry,1,0.0002
fundamental matrix estimation,1,0.0002
inlier detection,1,0.0002
memory usage,1,0.0002
misplaced tiles heuristic,1,0.0002
iterator chaining,1,0.0002
step by step debugging,1,0.0002
hashtable hash map,1,0.0002
call graph traversal,1,0.0002
rna secondary structure,1,0.0002
point averaging,1,0.0002
sum preservation,1,0.0002
stack management,1,0.0002
system functions,1,0.0002
set equality check,1,0.0002
balanced ternary tree,1,0.0002
builder pattern,1,0.0002
minimum enclosing boundary,1,0.0002
permission handling,1,0.0002
symbolic link handling,1,0.0002
two opt swap,1,0.0002
heappushpop,1,0.0002
execution time measurement,1,0.0002
overlapping substring search,1,0.0002
rule generation,1,0.0002
eigenvalues calculation,1,0.0002
supply chain optimization,1,0.0002
centroid recalculation,1,0.0002
divide and conquer on trees,1,0.0002
rfc 2822,1,0.0002
iteration and looping,1,0.0002
data structure synchronization,1,0.0002
scipy usage,1,0.0002
greedy algorithms for optimization,1,0.0002
third party libraries eg numpy,1,0.0002
implicit state expansion,1,0.0002
greedy algorithm for bounding,1,0.0002
rotation calculations,1,0.0002
modified adjacency list,1,0.0002
implicit state representation,1,0.0002
gaussian filtering,1,0.0002
image gradients,1,0.0002
second moment matrix,1,0.0002
parsing algorithms,1,0.0002
expiry handling,1,0.0002
hashing constant space alternative,1,0.0002
array merging,1,0.0002
max product,1,0.0002
spell checking,1,0.0002
merge two sorted structures,1,0.0002
rna folding,1,0.0002
threshold filtering,1,0.0002
algorithm efficiency analysis,1,0.0002
algorithm auditing,1,0.0002
rotations left right left right right left,1,0.0002
type casting,1,0.0002
conditional time filtering,1,0.0002
looping through dates,1,0.0002
reserved keyword check,1,0.0002
insertion in heap,1,0.0002
depth limited search dls,1,0.0002
efficient substring exploration,1,0.0002
cost tracking,1,0.0002
ip address management,1,0.0002
route intersection,1,0.0002
python garbage collection,1,0.0002
rod cutting problem,1,0.0002
alphanumeric check,1,0.0002
resilience calculation,1,0.0002
dynamic adjustment,1,0.0002
algorithm quick sort,1,0.0002
algorithm recursive quick sort,1,0.0002
algorithm sorting algorithm,1,0.0002
file handling csv file writing,1,0.0002
python asttoken handling,1,0.0002
stack memory allocation,1,0.0002
lru algorithm,1,0.0002
permutation algorithms,1,0.0002
efficient pruning,1,0.0002
hash collision resolution,1,0.0002
algorithm tracing,1,0.0002
metaheuristic algorithms,1,0.0002
weighted sampling,1,0.0002
probability and randomization,1,0.0002
two pointers alternative approach,1,0.0002
centroid update,1,0.0002
compressed trie,1,0.0002
efficient update and removal,1,0.0002
longest prefix search,1,0.0002
priority queue optimization,1,0.0002
manual date calculation,1,0.0002
efficient data encoding,1,0.0002
computation geometry,1,0.0002
deterministic sieve,1,0.0002
dynamic data management,1,0.0002
descartes rule of signs,1,0.0002
bitmap,1,0.0002
constant time algorithms,1,0.0002
sampling without replacement,1,0.0002
divisors summation,1,0.0002
digit enumeration,1,0.0002
token bucket,1,0.0002
tensors,1,0.0002
best fit algorithm,1,0.0002
free list,1,0.0002
mutex,1,0.0002
singular value decomposition,1,0.0002
a,1,0.0002
escape characters,1,0.0002
fraction addition,1,0.0002
lexicographic rank,1,0.0002
time propagation,1,0.0002
discrete approximation,1,0.0002
function plotting,1,0.0002
grid layout,1,0.0002
transparency handling,1,0.0002
right angle detection,1,0.0002
negative base system,1,0.0002
mathematical cost functions,1,0.0002
batch scripting,1,0.0002
fermats method,1,0.0002
calendar system conversion,1,0.0002
ordinal number generation,1,0.0002
lcm analysis,1,0.0002
variable renaming,1,0.0002
xml syntax,1,0.0002
age difference calculation,1,0.0002
multivariate polynomials,1,0.0002
data structure arraycount tracking,1,0.0002
pseudorandomness,1,0.0002
weighted probability,1,0.0002
neighbor checking,1,0.0002
hashing grouping,1,0.0002
sandpile model,1,0.0002
randomized,1,0.0002
surjective mapping,1,0.0002
bridge handling,1,0.0002
spanning tree variants,1,0.0002
word grid,1,0.0002
point set completion,1,0.0002
horn clause,1,0.0002
polynomial time algorithm,1,0.0002
bayer matrix,1,0.0002
3d search,1,0.0002
identity element check,1,0.0002
inverse element check,1,0.0002
loop check,1,0.0002
quandle check,1,0.0002
quasigroup check,1,0.0002
rack check,1,0.0002
anti diagonal traversal,1,0.0002
python syntax,1,0.0002
alternating group,1,0.0002
klein four group,1,0.0002
permutation classification,1,0.0002
activation functions,1,0.0002
carryless multiplication,1,0.0002
xor arithmetic,1,0.0002
alternating pattern,1,0.0002
uniform random distribution,1,0.0002
zeckendorf representation,1,0.0002
clock problems,1,0.0002
ternary conversion,1,0.0002
semicircle detection,1,0.0002
balanced subarray,1,0.0002
minimum triplet sum,1,0.0002
path equalization,1,0.0002
parent array manipulation,1,0.0002
minimum valid prefix,1,0.0002
friend group optimization,1,0.0002
balanced tree eg treap or splay tree,1,0.0002
data structure inversion mapping,1,0.0002
counting triples,1,0.0002
line arrangements,1,0.0002
pattern rearrangement,1,0.0002
constant time complexity,1,0.0002
value conversion,1,0.0002
canonical coin system check,1,0.0002
laplacian matrix,1,0.0002
functional array,1,0.0002
square drawing,1,0.0002
factorial and combinations,1,0.0002
rectangle clustering,1,0.0002
box stacking problem,1,0.0002
infinite range handling,1,0.0002
redundancy in networks,1,0.0002
playfair cipher,1,0.0002
assembly simulation,1,0.0002
array to heap construction,1,0.0002
tree to array conversion,1,0.0002
inorder and preorder traversal,1,0.0002
minimum refuels,1,0.0002
odd properties,1,0.0002
in degree and out degree constraints,1,0.0002
recursive array merging,1,0.0002
chain calculation,1,0.0002
loop with conditions,1,0.0002
sieve of eratosthenes for optimization,1,0.0002
arithmetic check,1,0.0002
chemical formula evaluation,1,0.0002
character removal check,1,0.0002
prefix sum or range queries,1,0.0002
bit inversion,1,0.0002
binary heap min heap,1,0.0002
hashing frequency tracking,1,0.0002
negative product handling,1,0.0002
tracking ranges,1,0.0002
hashing for substring uniqueness,1,0.0002
recursive elimination,1,0.0002
right angled triangle check,1,0.0002
intersection and union,1,0.0002
custom divisibility rules,1,0.0002
triangle detection,1,0.0002
efficient factorial trailing zeros calculation,1,0.0002
binomial coefficient calculation,1,0.0002
pascals triangle generation,1,0.0002
inscribed sphere,1,0.0002
trie or map,1,0.0002
binary to octal conversion,1,0.0002
binary tree graph,1,0.0002
index management,1,0.0002
camelcase parsing,1,0.0002
torchcond,1,0.0002
large number addition,1,0.0002
arithmetic expression,1,0.0002
low level data handling,1,0.0002
perfect squarecube check,1,0.0002
numeric parsing,1,0.0002
hashing concept without extra space,1,0.0002
manual string construction,1,0.0002
dynamic sequence construction,1,0.0002
subarraysubstring problems,1,0.0002
reversal of sublists,1,0.0002
efficient maximum computation,1,0.0002
attribute handling,1,0.0002
class hierarchy traversal,1,0.0002
custom type checking,1,0.0002
byte to integer conversion,1,0.0002
elias delta decoding,1,0.0002
elias gamma decoding,1,0.0002
array summation,1,0.0002
image quantization,1,0.0002
in place techniques,1,0.0002
budget constraint,1,0.0002
python collectionscounter,1,0.0002
average on time complexity,1,0.0002
dynamic bucket allocation,1,0.0002
efficient sorting algorithms,1,0.0002
custom conditions,1,0.0002
efficient arithmetic functions,1,0.0002
flip optimization,1,0.0002
qr factorization,1,0.0002
algorithm scalability,1,0.0002
hash table dictionaryset,1,0.0002
newtons divided difference interpolation,1,0.0002
separation of values,1,0.0002
edge padding,1,0.0002
gaussian kernel,1,0.0002
signal smoothing,1,0.0002
point on segment check,1,0.0002
delimiter matching,1,0.0002
string operation,1,0.0002
set deduplication,1,0.0002
on average time complexity,1,0.0002
unix globbing,1,0.0002
two pass processing,1,0.0002
data type checking,1,0.0002
digit pattern matching,1,0.0002
square root approximation,1,0.0002
probability update,1,0.0002
geometric simulation,1,0.0002
python api usage,1,0.0002
matrix of minors,1,0.0002
stack implicit via recursion,1,0.0002
k th element selection,1,0.0002
element tracking,1,0.0002
policy iteration,1,0.0002
coefficient of determination,1,0.0002
binary deserialization,1,0.0002
thue sequence,1,0.0002
bishops on chessboard,1,0.0002
zip file extraction,1,0.0002
power of four check,1,0.0002
command line argument handling,1,0.0002
quadratic formula,1,0.0002
ruffinis rule,1,0.0002
anti arithmetic sequence,1,0.0002
dictionary for user totals,1,0.0002
hashing for uniqueness check,1,0.0002
layered grid traversal,1,0.0002
bk tree,1,0.0002
point on line segment check,1,0.0002
custom serialization,1,0.0002
modified graph algorithms,1,0.0002
maximum subarray problem,1,0.0002
efficient counting with bitmasks,1,0.0002
geometry distance calculation,1,0.0002
perfect k ary tree,1,0.0002
minimum bicycles calculation,1,0.0002
k ary tree properties,1,0.0002
node degree analysis,1,0.0002
three sum 3sum,1,0.0002
n body problem,1,0.0002
binary matrix traversal,1,0.0002
chain code,1,0.0002
trie implicit via set,1,0.0002
clustering validation,1,0.0002
distance computation,1,0.0002
dunn index,1,0.0002
numerical calculations,1,0.0002
i o optimization,1,0.0002
bisect left,1,0.0002
aes decryption,1,0.0002
design pattern context manager,1,0.0002
design pattern lazy evaluation,1,0.0002
stock trading problem,1,0.0002
priority based assignment,1,0.0002
memory tracking,1,0.0002
quadrant categorization,1,0.0002
list reduction,1,0.0002
efficient 2d range query,1,0.0002
bounding box check,1,0.0002
triangle counting,1,0.0002
case insensitive matching,1,0.0002
efficient time range tracking,1,0.0002
critical edges,1,0.0002
2d grid marking,1,0.0002
chained hashing,1,0.0002
load factor,1,0.0002
hash computation,1,0.0002
round robin tournament scheduling,1,0.0002
intersection algorithm,1,0.0002
dictionarieshash maps,1,0.0002
elo rating system,1,0.0002
matrix selection,1,0.0002
quadratic irrational,1,0.0002
trie possible alternative,1,0.0002
square root check,1,0.0002
time and fuel calculation,1,0.0002
multidimensional search,1,0.0002
fractal construction,1,0.0002
hierarchical scaling,1,0.0002
l1 ball,1,0.0002
local binary pattern lbp,1,0.0002
maximum profit,1,0.0002
docstrings,1,0.0002
for loop,1,0.0002
subarrayrectangle enumeration,1,0.0002
multiple string comparison,1,0.0002
user interaction,1,0.0002
half space separation,1,0.0002
hyperplane separation,1,0.0002
magnitude calculation,1,0.0002
cartesian geometry,1,0.0002
two sided matching,1,0.0002
2d sparse table,1,0.0002
calendar transition handling,1,0.0002
python datetime library,1,0.0002
html escaping,1,0.0002
html unescaping,1,0.0002
dimension alignment,1,0.0002
o1 space optimization,1,0.0002
cryptographic analysis,1,0.0002
bubble sort inversion count,1,0.0002
digital circuit simulation,1,0.0002
full adder,1,0.0002
path length validation,1,0.0002
token replacement,1,0.0002
time delta calculation,1,0.0002
filtering and counting,1,0.0002
symbolic substitution,1,0.0002
efficient word matching,1,0.0002
multidirectional search,1,0.0002
concurrency alignment,1,0.0002
sieve like search,1,0.0002
subgraph checking,1,0.0002
kleene star,1,0.0002
triplet sum,1,0.0002
date range filtering,1,0.0002
maxheap,1,0.0002
negative exponents,1,0.0002
multi setmap,1,0.0002
fractions and ratios,1,0.0002
set for tracking visited elements,1,0.0002
two monotonic queues,1,0.0002
un directed graph,1,0.0002
token bucket algorithm,1,0.0002
pathfinding bfs,1,0.0002
point processing,1,0.0002
mengers theorem,1,0.0002
efficient sieve for divisors,1,0.0002
ipv6 address formatting,1,0.0002
netmask calculation,1,0.0002
network containment check,1,0.0002
reverse reachability,1,0.0002
heuristic search implicit in bfs for minimal steps,1,0.0002
time anomaly detection,1,0.0002
optimal cache replacement,1,0.0002
closure under bitwise operations,1,0.0002
minimal closure set,1,0.0002
non overlapping transactions,1,0.0002
self join,1,0.0002
matrix bfs,1,0.0002
data structure xml tree,1,0.0002
concatenation search,1,0.0002
latitude filtering,1,0.0002
filtering and selection,1,0.0002
reverse flow analysis,1,0.0002
multi sequence comparison,1,0.0002
ratio calculations,1,0.0002
key expansion,1,0.0002
s box,1,0.0002
efficient space complexity,1,0.0002
transformation and symmetry,1,0.0002
minmax calculation,1,0.0002
permission management,1,0.0002
python f strings,1,0.0002
text highlighting,1,0.0002
minimum reversals,1,0.0002
word boundary matching,1,0.0002
om n time complexity,1,0.0002
hierarchical traversal,1,0.0002
tree relationships,1,0.0002
system monitoring,1,0.0002
iana timezone,1,0.0002
zoneinfo module,1,0.0002
file comparison,1,0.0002
minimum time scheduling,1,0.0002
cryptography caesar cipher,1,0.0002
efficient reversal techniques,1,0.0002
teleportation handling,1,0.0002
tree conceptual,1,0.0002
complex data structures,1,0.0002
rating prediction,1,0.0002
involutions,1,0.0002
iterative validation,1,0.0002
scheduling with constraints,1,0.0002
replacement operations,1,0.0002
counting reachability,1,0.0002
multi processor scheduling,1,0.0002
negative numbers,1,0.0002
bivariate function,1,0.0002
maximum value,1,0.0002
spiral pattern analysis,1,0.0002
graph transitivity,1,0.0002
even cycle search,1,0.0002
sorted matrices,1,0.0002
z score,1,0.0002
time based updates,1,0.0002
interactive input,1,0.0002
resizing arrays,1,0.0002
sum constraint,1,0.0002
inverse fourier transform,1,0.0002
numerical evaluation,1,0.0002
segmented maximum search,1,0.0002
teleportation state handling,1,0.0002
greedy strategy simulation,1,0.0002
sequence building,1,0.0002
minimum elevation difference,1,0.0002
obstacle placement optimization,1,0.0002
coordinate extremes tracking,1,0.0002
point in rectangle check,1,0.0002
dictionary handling,1,0.0002
sieve of eratosthenes implicit,1,0.0002
gzip decompression,1,0.0002
recursive layering,1,0.0002
graph theory constraints,1,0.0002
msd radix sort,1,0.0002
ccw check,1,0.0002
4sum,1,0.0002
homogeneous coordinates,1,0.0002
rotation in 3d,1,0.0002
k segments,1,0.0002
non consecutive elements,1,0.0002
component detection,1,0.0002
bfs variants,1,0.0002
data structure consistency,1,0.0002
time slot gaps,1,0.0002
looping and summation,1,0.0002
sentiment analysis,1,0.0002
non negative subarray,1,0.0002
sampling frequency calculation,1,0.0002
sieve of primes,1,0.0002
value validation,1,0.0002
recamans sequence,1,0.0002
subarraysubgrid analysis,1,0.0002
threshold optimization,1,0.0002
compatibility graph,1,0.0002
priority queue custom ordering,1,0.0002
divisive clustering,1,0.0002
b splines,1,0.0002
knot insertion,1,0.0002
greedy if applicable for constraints,1,0.0002
real time feedback,1,0.0002
point in tetrahedron check,1,0.0002
array rotation check,1,0.0002
conditional counting,1,0.0002
random choice,1,0.0002
algorithmic complexity optimization,1,0.0002
data structures listsorting,1,0.0002
impossible case analysis,1,0.0002
centroid decomposition alternative,1,0.0002
k subarray optimization,1,0.0002
brute force limited scope,1,0.0002
disjoint set union dsu or lca for path queries,1,0.0002
grecommon divisort tags,1,0.0002
decision theory,1,0.0002
optimal sequence,1,0.0002
hash map array mapping,1,0.0002
data structures maps hashing,1,0.0002
2d range counting,1,0.0002
binary tree constraints,1,0.0002
flow network max flow,1,0.0002
parenthesis removal,1,0.0002
custom html parser,1,0.0002
random permutation generation,1,0.0002
max flow min cut conceptual,1,0.0002
tuples and sorting,1,0.0002
pawns movement,1,0.0002
brute force limited cases,1,0.0002
graph rotation,1,0.0002
polygon boundary handling,1,0.0002
trie optional for advanced,1,0.0002
hashing or state tracking,1,0.0002
line tangents,1,0.0002
two dimensional array manipulation,1,0.0002
hashing or tuple based state tracking,1,0.0002
custom constraints,1,0.0002
graph implicit connectivity,1,0.0002
html processing,1,0.0002
data structures sethash,1,0.0002
segment copying,1,0.0002
floyd warshall or dfs,1,0.0002
segment clipping,1,0.0002
tree node deletion,1,0.0002
eulerian tour path,1,0.0002
multi phase pathfinding,1,0.0002
tree family tree,1,0.0002
state space analysis,1,0.0002
multi state grid traversal,1,0.0002
prefix flipping,1,0.0002
triple nested loop,1,0.0002
rule based algorithm,1,0.0002
tuple comparison,1,0.0002
tree node manipulation,1,0.0002
backward deduction,1,0.0002
linear analysis,1,0.0002
variational quantum algorithms,1,0.0002
formula,1,0.0002
maximum submatrix sum,1,0.0002
condition verification,1,0.0002
quantum algorithm,1,0.0002
subtree aggregation,1,0.0002
xor trie,1,0.0002
prefixsuffix optimization,1,0.0002
graph verification,1,0.0002
dynamic table management,1,0.0002
lzw decompression,1,0.0002
comparison of data structures,1,0.0002
treegraph representation,1,0.0002
modified bfssssp with state,1,0.0002
heuristic search a preferred for larger k,1,0.0002
chess pawn movement,1,0.0002
queue bfs,1,0.0002
time based collision detection,1,0.0002
state tracking bfsdp,1,0.0002
level ancestor,1,0.0002
closest fraction search,1,0.0002
gui programming,1,0.0002
loop logic,1,0.0002
mouse tracking,1,0.0002
window management,1,0.0002
data fitting,1,0.0002
relative positioning,1,0.0002
canonical representatives,1,0.0002
necklace generation,1,0.0002
rotational symmetry,1,0.0002
binet formula,1,0.0002
web crawling,1,0.0002
tracking position,1,0.0002
plotting,1,0.0002
cumulative transformation,1,0.0002
transpilation,1,0.0002
dynamic memory management c,1,0.0002
api handling,1,0.0002
stack based,1,0.0002
caps lock handling,1,0.0002
keyboard simulation,1,0.0002
shift handling,1,0.0002
stack for deletion,1,0.0002
algorithmic composition,1,0.0002
midi generation,1,0.0002
multiset or map usage,1,0.0002
constant data output,1,0.0002
look and say sequence,1,0.0002
ceilfloor functions,1,0.0002
tapearray simulation,1,0.0002
rational root theorem,1,0.0002
square and cube calculation,1,0.0002
pairwise swap,1,0.0002
pattern handling,1,0.0002
stack for comments,1,0.0002
time step tracking,1,0.0002
integer properties,1,0.0002
angle classification,1,0.0002
position matching,1,0.0002
hashing with array,1,0.0002
bfs edmonds karp algorithm,1,0.0002
counting based sorting,1,0.0002
wrapping logic,1,0.0002
diameter of binary tree,1,0.0002
bounding box calculation,1,0.0002
math functions ceilfloor,1,0.0002
mathematical convolution,1,0.0002
minmax operations,1,0.0002
recursive tree structures,1,0.0002
shape fitting,1,0.0002
subgrid detection,1,0.0002
suffix data structures,1,0.0002
aes key schedule,1,0.0002
data shifting,1,0.0002
pythonic syntax,1,0.0002
neighbor detection,1,0.0002
gaussian primes,1,0.0002
maximum product calculation,1,0.0002
reversing sequences,1,0.0002
json traversal,1,0.0002
mapdictionary comparison,1,0.0002
calendar module,1,0.0002
parabolic curve fitting,1,0.0002
email processing,1,0.0002
quotingunquoting,1,0.0002
rfc standards,1,0.0002
dictionary of keys dok,1,0.0002
odd even level analysis,1,0.0002
python graphlib,1,0.0002
reconstruction of graph from distances,1,0.0002
integer linear combinations,1,0.0002
python eval,1,0.0002
k connectivity,1,0.0002
heuristic decision,1,0.0002
supersequence,1,0.0002
inventory management,1,0.0002
numerical systems,1,0.0002
gcd simplification,1,0.0002
distributed data handling,1,0.0002
subgrid problems,1,0.0002
prime power detection,1,0.0002
unordered set hash set,1,0.0002
bit operations,1,0.0002
decrease key operation,1,0.0002
tombstones,1,0.0002
square and multiply,1,0.0002
swapping heuristics,1,0.0002
max window,1,0.0002
efficient stringsequence matching,1,0.0002
prefix codes,1,0.0002
associative property,1,0.0002
primitive pythagorean triplets,1,0.0002
python standard library ipaddress module,1,0.0002
sorting and merging,1,0.0002
dynamic programming alternative,1,0.0002
even odd character count,1,0.0002
balanced parentheses concept,1,0.0002
swapping logic,1,0.0002
prefix and suffix product tracking,1,0.0002
dynamic obstacle placement,1,0.0002
pattern repeating,1,0.0002
discrete square roots,1,0.0002
union find concept,1,0.0002
color analysis,1,0.0002
minimum set cover approximation,1,0.0002
custom average function,1,0.0002
custom distance function,1,0.0002
3d space traversal,1,0.0002
chord intersection counting,1,0.0002
sparse data optimization,1,0.0002
state measurement,1,0.0002
particle swarm optimization,1,0.0002
dhondt method,1,0.0002
greedy algorithm for understanding limitations,1,0.0002
combining sorted structures,1,0.0002
zig zag pattern,1,0.0002
optimal point selection,1,0.0002
basis functions,1,0.0002
finite element method,1,0.0002
partial derivatives,1,0.0002
data packingunpacking,1,0.0002
struct module,1,0.0002
utf 8 encoding,1,0.0002
left and right boundary handling,1,0.0002
tree to undirected graph,1,0.0002
average case on,1,0.0002
multi rooted forest,1,0.0002
2d arraysgrids,1,0.0002
business day counting,1,0.0002
greedy algorithm for coin combination reconstruction,1,0.0002
simple polygon construction,1,0.0002
k means initialization,1,0.0002
silhouette coefficient,1,0.0002
vectorized operations,1,0.0002
multiple patterns,1,0.0002
tree level coloring,1,0.0002
hexadecimal encoding,1,0.0002
product of elements,1,0.0002
line and point collinearity,1,0.0002
quantum error detection,1,0.0002
minimum in connected components,1,0.0002
array resizing,1,0.0002
numpy serialization,1,0.0002
center expansion,1,0.0002
zigzag check,1,0.0002
iteratorscombinatorics,1,0.0002
temperature decay,1,0.0002
comparator design,1,0.0002
conflict free operations,1,0.0002
adaptive a,1,0.0002
finite state machine validation,1,0.0002
data structures eg trees or vectors with insertion,1,0.0002
edge computing optimization,1,0.0002
token classification,1,0.0002
algorithm complexity,1,0.0002
hashing optional for optimization,1,0.0002
associative operation,1,0.0002
kth element search,1,0.0002
minimum perfect matching,1,0.0002
non overlapping regions,1,0.0002
python standard library colorsys,1,0.0002
dynamic optimization,1,0.0002
setqueue,1,0.0002
binary search insertion,1,0.0002
loop based algorithms,1,0.0002
ellipse circumference,1,0.0002
multi dimensional range update,1,0.0002
sphere intersection,1,0.0002
next lexicographical,1,0.0002
finite state machine state transition,1,0.0002
valueerror handling,1,0.0002
conditional update,1,0.0002
email parsing,1,0.0002
numpy polynomial,1,0.0002
shamirs secret sharing,1,0.0002
c api usage,1,0.0002
cell objects,1,0.0002
splay tree or segment tree,1,0.0002
rule based checking,1,0.0002
time frequency domain conversion,1,0.0002
running balance calculation,1,0.0002
increment logic,1,0.0002
backtracking optimization,1,0.0002
asynchronous execution,1,0.0002
thread optimization,1,0.0002
torchscript,1,0.0002
efficient internal sorting,1,0.0002
sequence arrangement,1,0.0002
water flow modeling,1,0.0002
alphabetical sorting,1,0.0002
plagiarism detection,1,0.0002
webhooks,1,0.0002
data structures lists and dictionaries,1,0.0002
greedy algorithm for selection of items,1,0.0002
algorithms cache management,1,0.0002
algorithms lru least recently used eviction,1,0.0002
data structures doubly linked list,1,0.0002
error handling exception handling,1,0.0002
programming concepts decorators,1,0.0002
path transformation,1,0.0002
groupby,1,0.0002
kleene star handling,1,0.0002
32 bit integer constraints,1,0.0002
antipalindromic string,1,0.0002
efficient algorithms for large numbers,1,0.0002
subarray division,1,0.0002
snail pattern,1,0.0002
population genetics,1,0.0002
integer byte conversion,1,0.0002
relation theory,1,0.0002
numpy array processing,1,0.0002
bisect algorithm,1,0.0002
equivalent resistance calculation,1,0.0002
series parallel circuit analysis,1,0.0002
binary search for optimization,1,0.0002
ancestor calculation,1,0.0002
random swap,1,0.0002
weighted sum calculation,1,0.0002
segment tree or interval covering,1,0.0002
neighbor sum calculation,1,0.0002
walks and paths,1,0.0002
2d coordinates,1,0.0002
math expression parsing,1,0.0002
classical matrix multiplication,1,0.0002
array based min heap,1,0.0002
powerset generation,1,0.0002
pythagorean triplet,1,0.0002
count min sketch,1,0.0002
hashing set for id tracking,1,0.0002
path tracking in trees,1,0.0002
subsequence queries,1,0.0002
approximate nearest neighbor ann,1,0.0002
efficient vectorized operations,1,0.0002
inner product calculation,1,0.0002
maximal inner product search mips,1,0.0002
vector similarity search,1,0.0002
delimiter processing,1,0.0002
sympy library usage,1,0.0002
slicing and shifting,1,0.0002
list splitting,1,0.0002
graph degree constraints,1,0.0002
big o notation,1,0.0002
2d range operations,1,0.0002
edge wrapping,1,0.0002
32 bit signed integer arithmetic,1,0.0002
integer overflow detection,1,0.0002
closest element search,1,0.0002
insert position calculation,1,0.0002
efficient counting with dictionaries,1,0.0002
lexicographic indexing,1,0.0002
interface implementation,1,0.0002
system of congruences,1,0.0002
strictly increasing subsequences,1,0.0002
vowel first ordering,1,0.0002
non greedy matching,1,0.0002
generation algorithms,1,0.0002
network subnet validation,1,0.0002
data structure constraints,1,0.0002
memory bounds checking,1,0.0002
strides calculation,1,0.0002
text transformation,1,0.0002
double constraints knapsack,1,0.0002
stack trace inspection,1,0.0002
date range queries,1,0.0002
rolling computation,1,0.0002
object comparison,1,0.0002
python built in constants,1,0.0002
index clipping,1,0.0002
blockchain validation,1,0.0002
iterables handling,1,0.0002
addition without operators,1,0.0002
efficient dictionary counting,1,0.0002
integer to float,1,0.0002
manual data handling,1,0.0002
left to right operations,1,0.0002
backtracking optional for small constraints,1,0.0002
multi source bfsdfs for minimum range calculation,1,0.0002
alphametic puzzle,1,0.0002
multiple knapsacks,1,0.0002
efficient memory allocation,1,0.0002
volume conversion,1,0.0002
wildcard expansion,1,0.0002
adaptive bubble sort,1,0.0002
dilation,1,0.0002
recursion or stack,1,0.0002
time scheduling,1,0.0002
manual substring search,1,0.0002
negative radix,1,0.0002
graph eulerian path,1,0.0002
intcode interpreter,1,0.0002
time complexity reduction,1,0.0002
symmetric matrix check,1,0.0002
booking and cancellation,1,0.0002
reservation system,1,0.0002
dynamic mode switching,1,0.0002
text encoding,1,0.0002
linked list cycle,1,0.0002
tortoise and hare,1,0.0002
factory method,1,0.0002
greg algorithm,1,0.0002
simulation of long multiplication,1,0.0002
in place string reversal,1,0.0002
mathematical generation,1,0.0002
task allocation,1,0.0002
region boundedness check,1,0.0002
special element tracking,1,0.0002
pair generation,1,0.0002
pointer management,1,0.0002
component size tracking,1,0.0002
logits processing,1,0.0002
probability normalization,1,0.0002
prime number validation,1,0.0002
data structure list processing,1,0.0002
ipv4ipv6 support,1,0.0002
network prefix handling,1,0.0002
subnet summarization,1,0.0002
balanced binary tree check,1,0.0002
lists and dictionaries,1,0.0002
greedy algorithm for approximation or optimization,1,0.0002
weighted random selection,1,0.0002
insertion order handling,1,0.0002
cross platform,1,0.0002
platform detection,1,0.0002
python async,1,0.0002
tcp server,1,0.0002
erdsszekeres theorem,1,0.0002
unicode processing,1,0.0002
automaton trie or aho corasick,1,0.0002
counting overlaps,1,0.0002
binary tree views,1,0.0002
geometry optimization,1,0.0002
hash table simulation,1,0.0002
multi dimensional dominance,1,0.0002
mixed radix,1,0.0002
python specific,1,0.0002
matrix diagonals,1,0.0002
ida star,1,0.0002
text tokenization,1,0.0002
balance factor check,1,0.0002
subset cover,1,0.0002
dictionary aggregation,1,0.0002
path graph,1,0.0002
dynamic updates in graph,1,0.0002
data copying,1,0.0002
binary search optional for optimization,1,0.0002
greedy algorithm optional for optimization,1,0.0002
cofactor calculation,1,0.0002
algorithm sorting algorithm quick sort dual pivot quick sort,1,0.0002
string operations string formatting,1,0.0002
dynamic obstacle avoidance,1,0.0002
bitmask dynamic programming dp,1,0.0002
priority resolution,1,0.0002
time based weighting,1,0.0002
heuristic manhattan distance,1,0.0002
unix timestamp handling,1,0.0002
efficient list traversal,1,0.0002
rotation of vectors,1,0.0002
collections deque,1,0.0002
array reshaping,1,0.0002
sieve of eratosthenes hardcoded primes,1,0.0002
orderliness calculation,1,0.0002
segment flipping,1,0.0002
cryptographic functions,1,0.0002
ordered collections,1,0.0002
repeated substring detection,1,0.0002
multiplication of primes,1,0.0002
iterative construction,1,0.0002
interval coverage check,1,0.0002
index filtering,1,0.0002
truth value testing,1,0.0002
counting and summarization,1,0.0002
fraction module,1,0.0002
substring reversal,1,0.0002
rope data structure,1,0.0002
dictionary and list handling,1,0.0002
longest common subpath,1,0.0002
unittest,1,0.0002
2d histogram,1,0.0002
grouping and aggregation,1,0.0002
symmetric tree check,1,0.0002
efficient list manipulation,1,0.0002
subgrid validation,1,0.0002
network subnet checking,1,0.0002
hashing character to value mapping,1,0.0002
hashing o1 space,1,0.0002
annuity formula,1,0.0002
filtering characters,1,0.0002
iterator handling,1,0.0002
dictionary processing,1,0.0002
hashing eg set for lookup,1,0.0002
digit by digit addition,1,0.0002
batching,1,0.0002
manual deduplication,1,0.0002
multi stage graph traversal,1,0.0002
dihedral angle calculation,1,0.0002
inner join,1,0.0002
redis,1,0.0002
graph similarity,1,0.0002
time weighted sum,1,0.0002
dom simulation,1,0.0002
regular languages,1,0.0002
transition tables,1,0.0002
jacobi rotation,1,0.0002
range overlap check,1,0.0002
texture tiling,1,0.0002
modular reduction,1,0.0002
minimum and maximum path calculation,1,0.0002
basis verification,1,0.0002
gf2 operations,1,0.0002
unix glob,1,0.0002
pivot finding,1,0.0002
optimal sorting,1,0.0002
counting numbers,1,0.0002
monotonic grid,1,0.0002
optimized pivot selection,1,0.0002
ray segment intersection,1,0.0002
balance factor calculation,1,0.0002
hash map optimization,1,0.0002
coordinate distance calculation,1,0.0002
halleys method,1,0.0002
safety algorithm,1,0.0002
recommendation systems,1,0.0002
distance sum calculation,1,0.0002
locking mechanisms,1,0.0002
python bisect module,1,0.0002
optimal stopping problem,1,0.0002
impossible condition analysis,1,0.0002
priority queue indirectly,1,0.0002
hashing or set for uniqueness,1,0.0002
cut vertex,1,0.0002
state machine finite automaton,1,0.0002
data structure classstruct,1,0.0002
mapfrequency count,1,0.0002
digit product calculation,1,0.0002
custom encoding algorithm,1,0.0002
set or map for tracking visited cells,1,0.0002
efficient data structures mapset,1,0.0002
line sweep with event processing,1,0.0002
modified bfssssp,1,0.0002
minimum enclosing square,1,0.0002
priority queue or a search,1,0.0002
maximum cut,1,0.0002
ordinary differential equations ode,1,0.0002
custom movement,1,0.0002
greph traversal,1,0.0002
grid based algorithm,1,0.0002
degree based coloring,1,0.0002
efficient data structures eg priority queue or deque,1,0.0002
permutation comparison,1,0.0002
binary indexed tree fenwick tree or prefix arrays,1,0.0002
data structure hash map set,1,0.0002
matrix state enumeration,1,0.0002
heuristic search if bidirectional or a used,1,0.0002
modified edge cost,1,0.0002
gremlin,1,0.0002
segment tree or prefix gcd,1,0.0002
greedy strategy for cost calculation,1,0.0002
bit string pattern matching,1,0.0002
mirror tree,1,0.0002
conditional averaging,1,0.0002
data structures objectsarrays,1,0.0002
coloring strategies,1,0.0002
problem solving with state representation,1,0.0002
hashing character frequency,1,0.0002
centrality analysis,1,0.0002
knapsack 01,1,0.0002
substring coverage,1,0.0002
trie binary substring search,1,0.0002
two constraints optimization,1,0.0002
randomized data,1,0.0002
multi step jumps,1,0.0002
character normalization,1,0.0002
angular interval handling,1,0.0002
swapping and flipping,1,0.0002
linked list pairwise swap,1,0.0002
sieveprecomputation,1,0.0002
problem specific moves,1,0.0002
heuristics for pruning,1,0.0002
byte order conversion,1,0.0002
graph traversal component identification,1,0.0002
heuristic search a or ida for optimization,1,0.0002
setunordered set,1,0.0002
two constraints,1,0.0002
algorithm generation,1,0.0002
heuristic search a preferred but not required,1,0.0002
splitting with pattern,1,0.0002
heuristic search a optional for optimization,1,0.0002
stack like buffer management,1,0.0002
incircle computation,1,0.0002
non decreasing subsequence,1,0.0002
ramanujan numbers,1,0.0002
data structure sequence analysis,1,0.0002
problem simplification,1,0.0002
grecommon divisortagon,1,0.0002
factorial and permutation,1,0.0002
congruence equations,1,0.0002
minima in subarrays,1,0.0002
non prime difference,1,0.0002
percentages,1,0.0002
text sanitization,1,0.0002
numerical calculation,1,0.0002
multiple processing,1,0.0002
array shuffling,1,0.0002
arithmetic rounding,1,0.0002
minimum edges modification,1,0.0002
line uniqueness,1,0.0002
ordered set treeset or similar,1,0.0002
maximum bipartition,1,0.0002
algorithmic drawing,1,0.0002
arithmetic decomposition,1,0.0002
pascals triangle modulo,1,0.0002
composites counting,1,0.0002
prime counting function,1,0.0002
hashing lookup,1,0.0002
kronecker product,1,0.0002
kronecker sum,1,0.0002
algorithmic path analysis,1,0.0002
warings problem,1,0.0002
multiplication of binomials,1,0.0002
minimum prime factor,1,0.0002
lyndon word factorization,1,0.0002
turing machine like behavior,1,0.0002
direction simulation,1,0.0002
discrete cosine transform,1,0.0002
mathematical modulo,1,0.0002
custom separators,1,0.0002
spatial hashing,1,0.0002
cuda,1,0.0002
opencl,1,0.0002
average distance calculation,1,0.0002
buffons needle,1,0.0002
positional number system,1,0.0002
matrix2d array,1,0.0002
data batch processing,1,0.0002
max element check,1,0.0002
pattern search in powers,1,0.0002
unbounded weight constraints,1,0.0002
interval tree optional for optimization,1,0.0002
matching parentheses,1,0.0002
iterables and type checking,1,0.0002
descending order,1,0.0002
on log n algorithm,1,0.0002
simulation logging,1,0.0002
condition number calculation,1,0.0002
eigenvalue computation,1,0.0002
pytorch linear algebra,1,0.0002
lower upper lu decomposition,1,0.0002
ast manipulation,1,0.0002
code transformation,1,0.0002
height map water flow,1,0.0002
division by zero prevention,1,0.0002
non uniform distribution optimization,1,0.0002
bounded path finding,1,0.0002
transform,1,0.0002
multi source bfsdfs if applicable,1,0.0002
conditional summation,1,0.0002
circle and rectangle intersection,1,0.0002
custom error messages,1,0.0002
partitioning technique,1,0.0002
exclusive or xor,1,0.0002
boundary testing,1,0.0002
efficient undo operations,1,0.0002
board validation,1,0.0002
ipv6 address processing,1,0.0002
solovay strassen algorithm,1,0.0002
kth element retrieval,1,0.0002
test case validation,1,0.0002
conditional rearrangement,1,0.0002
financial computation,1,0.0002
data structures listsqueues,1,0.0002
banzhaf power index,1,0.0002
multiple string alignment,1,0.0002
weight constraint,1,0.0002
rearrangement constraints,1,0.0002
board game rules,1,0.0002
binary data parsing,1,0.0002
subarraysequence processing,1,0.0002
priority queue for tie breaking,1,0.0002
resource constraints,1,0.0002
functional programming reduce,1,0.0002
sorting algorithm optimization,1,0.0002
right angled triangle detection,1,0.0002
cyclic string handling,1,0.0002
minimum index tracking,1,0.0002
arithmetic sequence detection,1,0.0002
triple state tracking,1,0.0002
statistical outlier detection,1,0.0002
efficient subsorting,1,0.0002
digit sequence analysis,1,0.0002
ball tree,1,0.0002
numpy vectorization,1,0.0002
minor matrix,1,0.0002
opcode analysis,1,0.0002
keyword replacement,1,0.0002
counting principles,1,0.0002
negative weight detection,1,0.0002
cuda streams,1,0.0002
json output handling,1,0.0002
list data structure,1,0.0002
update query handling,1,0.0002
multi list processing,1,0.0002
cache hit rate calculation,1,0.0002
geometric scaling,1,0.0002
character sorting,1,0.0002
character distribution,1,0.0002
maximizationminimization,1,0.0002
data structures gridmatrix,1,0.0002
single swap check,1,0.0002
convolutional neural networks,1,0.0002
max pooling,1,0.0002
padding and strides calculation,1,0.0002
shape manipulation,1,0.0002
tensorflow,1,0.0002
elias delta code,1,0.0002
elias gamma code,1,0.0002
collision avoidance simulation,1,0.0002
recursion helper functions,1,0.0002
decryption,1,0.0002
metric closure,1,0.0002
linear extrapolation,1,0.0002
character set comparison,1,0.0002
epsilon greedy,1,0.0002
q learning,1,0.0002
zigzag level order,1,0.0002
padding and unpadding,1,0.0002
row parity check,1,0.0002
numeric operations,1,0.0002
graph dag,1,0.0002
timestamp comparison,1,0.0002
bytecode generation,1,0.0002
random id generation,1,0.0002
average path length calculation,1,0.0002
security optimization,1,0.0002
cache oblivious algorithms,1,0.0002
matrix multiplication optimization,1,0.0002
performance benchmarking,1,0.0002
string encoding utf 8,1,0.0002
multi source optimization,1,0.0002
finding minimum,1,0.0002
assembly language,1,0.0002
file path normalization,1,0.0002
dynamic path search,1,0.0002
sequence comparison,1,0.0002
transformation operations,1,0.0002
k paths,1,0.0002
computational graph,1,0.0002
bulk insertion,1,0.0002
stock trading algorithms,1,0.0002
database simulation,1,0.0002
dynamic attributes tracking,1,0.0002
hashmapdictionary,1,0.0002
size tracking,1,0.0002
cnf formula,1,0.0002
breadth first search bfs with costs,1,0.0002
missing and duplicate elements,1,0.0002
balanced tree validation,1,0.0002
triangle calculations,1,0.0002
file system navigation,1,0.0002
data structure rebalancing,1,0.0002
logarithmic time construction,1,0.0002
2d transformations,1,0.0002
sys library usage,1,0.0002
translation transformation,1,0.0002
sum of series,1,0.0002
augmentation,1,0.0002
insert and delete in trie,1,0.0002
prefix based pattern generation,1,0.0002
support count calculation,1,0.0002
order of operations pemdas,1,0.0002
pairing algorithms,1,0.0002
insertion with sorting,1,0.0002
stack based traversal,1,0.0002
elementary mathematics,1,0.0002
zodiac cycle calculation,1,0.0002
two pointers optional for sorted arrays,1,0.0002
deadline scheduling,1,0.0002
unix permissions,1,0.0002
calendar manipulation,1,0.0002
chemical formula normalization,1,0.0002
greedy algorithms alternative approach,1,0.0002
mathematical factorization optimized approach,1,0.0002
greedy recovery,1,0.0002
sorted data,1,0.0002
2d array iteration,1,0.0002
wagner fischer algorithm,1,0.0002
minimum value search,1,0.0002
vowel counting,1,0.0002
bounded frequency selection,1,0.0002
gridworld,1,0.0002
algorithm pattern counting,1,0.0002
modulus calculation,1,0.0002
product partition,1,0.0002
data backup,1,0.0002
chomsky normal form cnf,1,0.0002
user defined exceptions,1,0.0002
efficient intersection,1,0.0002
chebyshev polynomials,1,0.0002
edmonds karp ford fulkerson variant,1,0.0002
algorithmic iteration,1,0.0002
integer point generation,1,0.0002
greality checking,1,0.0002
efficient lookup binary search,1,0.0002
reversal of list,1,0.0002
sibling detection,1,0.0002
linked list or dynamic array,1,0.0002
voronoi diagram conceptual,1,0.0002
checking for graph properties,1,0.0002
automata eg aho corasick or kmp,1,0.0002
longest palindrome subsequence,1,0.0002
tape based,1,0.0002
heuristics if a is used,1,0.0002
correlation,1,0.0002
information entropy calculation,1,0.0002
quantum state transformation,1,0.0002
qubit indexing,1,0.0002
priority queue if using a,1,0.0002
logarithmic scaling,1,0.0002
mod 2 analysis,1,0.0002
linear programming dual view,1,0.0002
sieve like method,1,0.0002
divisibility and gcd,1,0.0002
polynomial multiplication insight,1,0.0002
backtracking path,1,0.0002
codegolf,1,0.0002
planepartition,1,0.0002
productformula,1,0.0002
dual array sorting,1,0.0002
socket programming,1,0.0002
cyclic logic,1,0.0002
mathematical mapping,1,0.0002
polygon drawing,1,0.0002
centering,1,0.0002
2d rendering,1,0.0002
text splitting,1,0.0002
algorithmic sequence generation,1,0.0002
commutator expansion,1,0.0002
inversion of sequences,1,0.0002
generalized pentagonal numbers,1,0.0002
algorithms multiple pattern matching,1,0.0002
algorithms string searching,1,0.0002
error handling custom error messages,1,0.0002
dynamic rank tracking,1,0.0002
digit position calculation,1,0.0002
grid based placement,1,0.0002
insertion heuristic,1,0.0002
iterative multiplication,1,0.0002
run detection,1,0.0002
character drawing,1,0.0002
binascii module,1,0.0002
encodedecode operations,1,0.0002
function dispatch,1,0.0002
balance weights,1,0.0002
dynamic sequence generation,1,0.0002
custom order traversal,1,0.0002
builder design pattern,1,0.0002
hash map character count,1,0.0002
ship placement rules,1,0.0002
cache usage,1,0.0002
grid division,1,0.0002
tree map ordered dictionary,1,0.0002
big decimal addition,1,0.0002
pentagonal number theorem,1,0.0002
hogdson moore algorithm,1,0.0002
hashing for duplicate detection,1,0.0002
maximum regions with lines,1,0.0002
mypy,1,0.0002
smoothing techniques,1,0.0002
efficient array updates and queries,1,0.0002
trend analysis,1,0.0002
index conversion,1,0.0002
numpyargpartition,1,0.0002
numpyvstack,1,0.0002
subset xor,1,0.0002
log probability calculation,1,0.0002
tree depth maximization,1,0.0002
type safety,1,0.0002
uniform distribution handling,1,0.0002
sum maximization,1,0.0002
orbital mechanics,1,0.0002
numpytensordot,1,0.0002
numpytranspose,1,0.0002
clockwise ordering,1,0.0002
efficient point query,1,0.0002
circle line intersection,1,0.0002
error detection and recovery,1,0.0002
membership testing,1,0.0002
subarraysubstring,1,0.0002
tree detection,1,0.0002
dynamic programming implicit via bfs,1,0.0002
motif finding,1,0.0002
profile matrix,1,0.0002
local vs global scaling,1,0.0002
data structures dictionarieshash maps,1,0.0002
four sum k sum variant,1,0.0002
hmac sha256,1,0.0002
2d range sum query,1,0.0002
timeframe filtering,1,0.0002
list merging,1,0.0002
tunnel teleportation,1,0.0002
preemptive scheduling,1,0.0002
multiple strings handling,1,0.0002
selection and crossover,1,0.0002
parsing dates,1,0.0002
dynamic programming distance accumulation,1,0.0002
array indexing and slicing,1,0.0002
filtering with logical conditions,1,0.0002
hashing set for obstacles,1,0.0002
backtracking with visited tracking,1,0.0002
multi point path optimization,1,0.0002
design of data structures,1,0.0002
statistics mode calculation,1,0.0002
data structures list of dictionaries,1,0.0002
time filtering,1,0.0002
battery constraint handling,1,0.0002
form validation,1,0.0002
elevator scheduling,1,0.0002
ternary tree,1,0.0002
graph layout optimization,1,0.0002
scoring matrix,1,0.0002
k dimensional geometry,1,0.0002
page break optimization,1,0.0002
multi digit subtraction,1,0.0002
modular order,1,0.0002
array based implementation,1,0.0002
frequent elements counting,1,0.0002
hashing uniqueness check,1,0.0002
digit parsing,1,0.0002
offset handling,1,0.0002
im2col transformation,1,0.0002
greedy for item selection reconstruction,1,0.0002
adler 32,1,0.0002
nested dictionary,1,0.0002
random weight assignment,1,0.0002
expanding from the center,1,0.0002
matrixgrid traversal,1,0.0002
2d dominance problem,1,0.0002
efficient grouping,1,0.0002
holiday filtering,1,0.0002
binary function aggregation,1,0.0002
high dimensional data handling,1,0.0002
prefix dictionary,1,0.0002
commutative operation,1,0.0002
subtraction with borrowing,1,0.0002
creative coding,1,0.0002
uniqueness constraint handling,1,0.0002
double ended queue,1,0.0002
indexing operations,1,0.0002
insertion sort bisectinsort,1,0.0002
bytes manipulation,1,0.0002
manual time arithmetic,1,0.0002
hashingdictionary usage,1,0.0002
reversal technique,1,0.0002
python sort key,1,0.0002
atan2 function,1,0.0002
insertion in sorted order,1,0.0002
integer digit manipulation,1,0.0002
sorting by custom key,1,0.0002
hash collision,1,0.0002
efficient insertionremoval,1,0.0002
caching memoization,1,0.0002
perfect square trinomial,1,0.0002
algorithm design linear insertion,1,0.0002
bit mutation,1,0.0002
roulette wheel selection,1,0.0002
single point crossover,1,0.0002
isolated nodes detection,1,0.0002
target sum,1,0.0002
arithmetic calculations,1,0.0002
subarray maximum kadanes algorithm,1,0.0002
time slot assignment,1,0.0002
in place string manipulation,1,0.0002
efficient update queries,1,0.0002
loop and condition handling,1,0.0002
string matching algorithm,1,0.0002
working day calculation,1,0.0002
k selection,1,0.0002
zip decompression,1,0.0002
data parsing json,1,0.0002
time slot allocation,1,0.0002
optimal transaction strategy,1,0.0002
data structures dictionaries or tuples,1,0.0002
iterator combination,1,0.0002
pi table construction,1,0.0002
counting events,1,0.0002
notification handling,1,0.0002
custom digit mapping,1,0.0002
iterating through possibilities,1,0.0002
ieee 754 floating point,1,0.0002
python struct module,1,0.0002
single elimination logic,1,0.0002
heuristic analysis,1,0.0002
doctest,1,0.0002
creative problem solving,1,0.0002
type code handling,1,0.0002
balanced bitstring check,1,0.0002
interval subtraction,1,0.0002
3d grid mapping,1,0.0002
voxelization,1,0.0002
contiguous subarray analysis,1,0.0002
decoding algorithms,1,0.0002
anagram generation,1,0.0002
undo redo,1,0.0002
ordered stack,1,0.0002
adjacency,1,0.0002
comment removal,1,0.0002
pascal syntax handling,1,0.0002
intersection of lists,1,0.0002
symbol simplification,1,0.0002
even odd count check,1,0.0002
hash algorithm simulation,1,0.0002
array transposition,1,0.0002
itertoolscompress,1,0.0002
counting sort for unique elements,1,0.0002
parsing with precedence,1,0.0002
byte operations,1,0.0002
time zone simulation,1,0.0002
trie if optimized,1,0.0002
auxiliary space usage,1,0.0002
merge techniques,1,0.0002
running sum calculation,1,0.0002
python standard library itertools operator,1,0.0002
parameter parsing,1,0.0002
weight balancing,1,0.0002
array splitting,1,0.0002
retry mechanisms,1,0.0002
modular arithmetic if applicable,1,0.0002
multi source algorithm,1,0.0002
optimized primality check,1,0.0002
necklace construction,1,0.0002
early stopping,1,0.0002
iterators itertoolsproduct,1,0.0002
bounds checking,1,0.0002
crc check,1,0.0002
modified bfs with constraints,1,0.0002
deterministic shuffling,1,0.0002
random seed,1,0.0002
database uniqueness,1,0.0002
common subpath calculation,1,0.0002
existence check,1,0.0002
tree ancestor tracking,1,0.0002
hibbards increments,1,0.0002
data distribution analysis,1,0.0002
bigram modeling,1,0.0002
counter multiset usage,1,0.0002
product and sum calculation,1,0.0002
numpyargsort,1,0.0002
sparse graph,1,0.0002
bit manipulation power of two reduction,1,0.0002
network flow with supplies and demands,1,0.0002
inputoutput management,1,0.0002
graph substructure,1,0.0002
dynamic possibilities tracking,1,0.0002
set unordered set or hash set,1,0.0002
array repetition analysis,1,0.0002
multiset intersection,1,0.0002
minimum spanning tree not required but similar concepts,1,0.0002
3d visited tracking,1,0.0002
mathematical minimization,1,0.0002
counting lattice points,1,0.0002
suffix automaton trie concepts,1,0.0002
filtering sequences,1,0.0002
extract minimum,1,0.0002
k th element in sorted sequence,1,0.0002
chess board,1,0.0002
efficient counting with frequency,1,0.0002
pointers manipulation,1,0.0002
impossible case handling,1,0.0002
triple matching check,1,0.0002
trie or set lookup,1,0.0002
speed calculation,1,0.0002
positional number systems,1,0.0002
random placement,1,0.0002
data structure stringbuilder,1,0.0002
alternating logic,1,0.0002
multi level grouping,1,0.0002
elliptic approximation,1,0.0002
patterns,1,0.0002
finite state matching,1,0.0002
stateless algorithms,1,0.0002
algorithms substitution cipher,1,0.0002
dynamic data tracking,1,0.0002
priority based path selection,1,0.0002
keypad navigation,1,0.0002
exclusion principle,1,0.0002
multiple components processing,1,0.0002
node processing,1,0.0002
polynomial degree calculation,1,0.0002
division via subtraction,1,0.0002
space complexity on,1,0.0002
counter frequency count,1,0.0002
recursive like simulation,1,0.0002
backup creation,1,0.0002
dis module usage,1,0.0002
function introspection,1,0.0002
python bytecode analysis,1,0.0002
polynomial degree checking,1,0.0002
belief matrix update,1,0.0002
prefix code validation,1,0.0002
constant space traversal,1,0.0002
lexer design,1,0.0002
quadratic time complexity,1,0.0002
submatrix detection,1,0.0002
accessibility support,1,0.0002
enumeration enum,1,0.0002
incircle and circumcircle,1,0.0002
sum and square sum,1,0.0002
maximum weight subgraph,1,0.0002
merging sorted structures,1,0.0002
conditional import,1,0.0002
define integer constants,1,0.0002
msd most significant digit sorting,1,0.0002
zig zag traversal,1,0.0002
dfa equivalence,1,0.0002
no adjacent elements,1,0.0002
tracking maximum value,1,0.0002
character set processing,1,0.0002
submatrix sum query,1,0.0002
gaussian distribution,1,0.0002
mean and variance calculation,1,0.0002
condition based movement,1,0.0002
caching policies,1,0.0002
fifo cache,1,0.0002
string matching optional optimization,1,0.0002
array subrange sum,1,0.0002
inverse dft,1,0.0002
n gram analysis,1,0.0002
pascals triangle variant,1,0.0002
light reflection,1,0.0002
mutual co primality,1,0.0002
nested knapsack,1,0.0002
formula based solution,1,0.0002
submatrix handling,1,0.0002
greedy with binary search optional optimization,1,0.0002
smallest missing positive,1,0.0002
bitwise operations optional,1,0.0002
data structures graphgrid representation,1,0.0002
policy evaluation,1,0.0002
tuple state tracking,1,0.0002
real root isolation,1,0.0002
atomic operations,1,0.0002
cmath library,1,0.0002
initial guess computation,1,0.0002
cost matrix calculation,1,0.0002
traversal techniques,1,0.0002
subgraph validation,1,0.0002
overlapping occurrences,1,0.0002
python standard library counter reduce,1,0.0002
padding arrays,1,0.0002
power of two constraints,1,0.0002
string sequence matching,1,0.0002
data structures graphadjacency list,1,0.0002
local alignment,1,0.0002
csv data handling,1,0.0002
crossover operator,1,0.0002
mutation operator,1,0.0002
performance logging,1,0.0002
slice manipulation,1,0.0002
bottom up dp,1,0.0002
permutation parity optional for solvability check,1,0.0002
subpath query,1,0.0002
perfect cube,1,0.0002
incremental updates,1,0.0002
text vectorization,1,0.0002
unique sequence generation,1,0.0002
custom iteration protocol,1,0.0002
python language features,1,0.0002
dual pivot quicksort,1,0.0002
greedy selection value density,1,0.0002
python sys module,1,0.0002
no two consecutive elements equal,1,0.0002
absorbing states,1,0.0002
declarative programming,1,0.0002
crc 32 checksum,1,0.0002
python binascii module,1,0.0002
uu encodingdecoding,1,0.0002
set membership check,1,0.0002
array aggregation,1,0.0002
shape placement,1,0.0002
image resizing,1,0.0002
zoom scaling,1,0.0002
sorted array validation,1,0.0002
iterative update,1,0.0002
regular expressions optional for validation,1,0.0002
domain extraction,1,0.0002
octal conversion,1,0.0002
line construction,1,0.0002
custom error handling,1,0.0002
python codecs,1,0.0002
list rotation check,1,0.0002
elias coding,1,0.0002
substitution with callback,1,0.0002
flattening data structures,1,0.0002
alphabet position calculation,1,0.0002
two rows dp,1,0.0002
nearest neighbor interpolation,1,0.0002
stack concepts,1,0.0002
dynamic element insertion,1,0.0002
equality comparison,1,0.0002
tensor conversion,1,0.0002
grouping with itertools,1,0.0002
tensor computation,1,0.0002
calendar generation,1,0.0002
stack logic implicit,1,0.0002
cyclical data,1,0.0002
cryptography word addition,1,0.0002
bounded edge constraints,1,0.0002
luhn algorithm,1,0.0002
lomuto partition,1,0.0002
template rendering,1,0.0002
merkle tree,1,0.0002
lexicographic permutations,1,0.0002
abstract class,1,0.0002
auxiliary space,1,0.0002
character frequency comparison,1,0.0002
b tree validation,1,0.0002
tuples for sorting,1,0.0002
generics,1,0.0002
energy conservation,1,0.0002
uuid unique identifier,1,0.0002
bigram analysis,1,0.0002
file logging,1,0.0002
sublist extraction,1,0.0002
element wise addition,1,0.0002
index access,1,0.0002
database join,1,0.0002
search space reduction,1,0.0002
pattern overlap,1,0.0002
in place list modification,1,0.0002
threaded binary tree,1,0.0002
grouping with thresholds,1,0.0002
cumulative product,1,0.0002
time slot scheduling,1,0.0002
constant space complexity o1,1,0.0002
address belongs check,1,0.0002
ipv4ipv6 version detection,1,0.0002
network validation,1,0.0002
prefix based address counting,1,0.0002
adjacent pair detection,1,0.0002
non decreasing check,1,0.0002
data structures eg list for positions,1,0.0002
efficient search eg kmp or boyer moore,1,0.0002
optimization for large data,1,0.0002
minimum sum,1,0.0002
line and point collision detection,1,0.0002
slope reduction,1,0.0002
berlekamp massey algorithm,1,0.0002
binary computation,1,0.0002
environment variable handling,1,0.0002
state vector manipulation,1,0.0002
perfect power detection,1,0.0002
periodic sequence detection,1,0.0002
bogobogosort,1,0.0002
python math module,1,0.0002
poisson distribution,1,0.0002
linear congruential generator lcg,1,0.0002
pseudorandom number generator,1,0.0002
infinite recursion check,1,0.0002
order determination,1,0.0002
time complexity on2,1,0.0002
difference table,1,0.0002
selection top k,1,0.0002
point inclusion exclusion,1,0.0002
knuths increment sequence shell sort,1,0.0002
chess knight movement,1,0.0002
data structures interval tree or sorted list,1,0.0002
permutation selection,1,0.0002
longest zigzag subsequence,1,0.0002
string matching tree serialization,1,0.0002
nested list comprehension,1,0.0002
non recursive sorting,1,0.0002
counting in multiplication table,1,0.0002
argsort,1,0.0002
even distribution,1,0.0002
grid sampling,1,0.0002
multiple target visits,1,0.0002
efficient write operations,1,0.0002
efficient search eg two pointers or binary search,1,0.0002
hashing or character mapping,1,0.0002
space redistribution,1,0.0002
fraction normalization,1,0.0002
prefix multiples,1,0.0002
prefix substring search,1,0.0002
triangle pathfinding,1,0.0002
segment tree or disjoint set union dsu,1,0.0002
graph substructure search,1,0.0002
network flow with constraints,1,0.0002
efficient comparison strategy,1,0.0002
frequency,1,0.0002
suffix automaton or substring search,1,0.0002
stack overflow handling,1,0.0002
binary tree stack,1,0.0002
minimum maximum out degree,1,0.0002
double summation,1,0.0002
binary search tree bst concepts,1,0.0002
multiplication method,1,0.0002
gremany algorithm,1,0.0002
dynamic possibility tracking,1,0.0002
geometric reasoning,1,0.0002
triangle point check,1,0.0002
two pass approach,1,0.0002
queue priority queue,1,0.0002
histogram generation,1,0.0002
cube manipulation,1,0.0002
pdes,1,0.0002
fractran,1,0.0002
hashing dimension mapping,1,0.0002
math arithmetic,1,0.0002
priority queue event driven,1,0.0002
codon processing,1,0.0002
minimum element calculation,1,0.0002
case swapping,1,0.0002
error bars,1,0.0002
matplotlib,1,0.0002
seaborn,1,0.0002
efficient memory access,1,0.0002
custom class methods,1,0.0002
ranking with duplicates,1,0.0002
construct from traversal,1,0.0002
data structures queuesstacks,1,0.0002
optimized write operations,1,0.0002
heap construction,1,0.0002
vector calculations,1,0.0002
custom operator handling,1,0.0002
loop through tokens,1,0.0002
if else statement,1,0.0002
2d arrayplane,1,0.0002
itertools combinations,1,0.0002
ordered traversal,1,0.0002
fuzzy string matching,1,0.0002
hack problem,1,0.0002
jacobian matrix,1,0.0002
strong components,1,0.0002
subtour detection,1,0.0002
merge sort application,1,0.0002
random sequence generation,1,0.0002
cumulative operations,1,0.0002
hash set blacklist lookup,1,0.0002
unbounded counting with constraints,1,0.0002
valid graph check,1,0.0002
priority queue queue for processing events,1,0.0002
kendall tau distance,1,0.0002
median ranking,1,0.0002
ternary search tree,1,0.0002
efficient point update,1,0.0002
minimum outdegree orientation,1,0.0002
hash table dictionary lookup,1,0.0002
data organization,1,0.0002
efficient tree processing,1,0.0002
hash map or set for lookup,1,0.0002
thread pool,1,0.0002
balanced weighing strategy,1,0.0002
precision calculations,1,0.0002
hybrid search,1,0.0002
minimum path difference,1,0.0002
python parsing,1,0.0002
doubling the string,1,0.0002
bitwise calculations,1,0.0002
bregman projection,1,0.0002
exponential potential,1,0.0002
buffer memory calculation,1,0.0002
dynamic input handling,1,0.0002
greedy algorithm for processing multiple test cases,1,0.0002
multi weighted edges,1,0.0002
json output,1,0.0002
rule based simulation,1,0.0002
cpu cycle monitoring,1,0.0002
greedy algorithm for reference though dp is primary,1,0.0002
probabilistic factorization,1,0.0002
quadratic polynomial,1,0.0002
test driven development,1,0.0002
data expiration,1,0.0002
blosum matrix,1,0.0002
smith waterman algorithm,1,0.0002
priority queue or 0 1 bfs for optimization,1,0.0002
weighted union by rank,1,0.0002
graph shortest paths,1,0.0002
in betweenness centrality,1,0.0002
numpyargmax,1,0.0002
numpyunique,1,0.0002
top down approach,1,0.0002
stopping condition,1,0.0002
heuristic pruning,1,0.0002
data structure layout,1,0.0002
hexadecimal formatting,1,0.0002
hashing primitive use,1,0.0002
o1 space constraint,1,0.0002
prime and composite numbers,1,0.0002
terminating binary check,1,0.0002
repeating pattern,1,0.0002
word reversal,1,0.0002
tree map sorted data structure,1,0.0002
boolean masking,1,0.0002
post order processing,1,0.0002
manual character counting,1,0.0002
partial match table,1,0.0002
rearrangement problem,1,0.0002
hash map optimized with constant space,1,0.0002
normalization techniques,1,0.0002
running mean calculation,1,0.0002
sequence tracking,1,0.0002
bfsdfs for augmenting paths,1,0.0002
event driven logic,1,0.0002
backtracking for brute force or optimized solutions,1,0.0002
greedy for heuristic approaches though not optimal for exact solution,1,0.0002
tree sum calculation,1,0.0002
matrix arrangement,1,0.0002
maximum path product,1,0.0002
confluence check,1,0.0002
well foundedness check cycle detection,1,0.0002
metaclass usage,1,0.0002
feature normalization,1,0.0002
multiple graph instances,1,0.0002
redundant edge identification,1,0.0002
arithmetic without arithmetic operators,1,0.0002
loop accumulation,1,0.0002
dictionary merging,1,0.0002
even odd separation,1,0.0002
system date retrieval,1,0.0002
deques monotonic queues,1,0.0002
amsco cipher,1,0.0002
c standard library,1,0.0002
ipv4 address handling,1,0.0002
conditional processing,1,0.0002
stacking problem,1,0.0002
math algorithms,1,0.0002
optimal multiplication order,1,0.0002
template engine,1,0.0002
simulation conceptual,1,0.0002
reverse operation handling,1,0.0002
denomination constraints,1,0.0002
command line arguments handling,1,0.0002
deletion operations,1,0.0002
insertion operations,1,0.0002
easter date algorithm,1,0.0002
alphanumeric handling,1,0.0002
lsd least significant digit radix sort,1,0.0002
acceptance rejection method,1,0.0002
leave one out cross validation,1,0.0002
mean squared error,1,0.0002
condorcet method,1,0.0002
voting theory,1,0.0002
filter map reduce,1,0.0002
low level data reconstruction,1,0.0002
greedy algorithm alternative approach,1,0.0002
paragraph splitting,1,0.0002
ascii transformation,1,0.0002
key repeating,1,0.0002
space efficient counting,1,0.0002
modulo optimization,1,0.0002
transpose operation,1,0.0002
misra gries heavy hitters,1,0.0002
datetime,1,0.0002
2d point processing,1,0.0002
sorting custom implementation,1,0.0002
stack trace,1,0.0002
list intersection,1,0.0002
sum selection,1,0.0002
cumulative sum with itertoolsaccumulate,1,0.0002
filtering by threshold,1,0.0002
fisher yates algorithm,1,0.0002
data statistics,1,0.0002
hashing for mode calculation,1,0.0002
sorting for median calculation,1,0.0002
columnar transposition cipher,1,0.0002
grid transposition,1,0.0002
heap min heapmax heap,1,0.0002
range expansion,1,0.0002
spiral grid pattern,1,0.0002
greedy in some optimized variants,1,0.0002
pre order to post order conversion,1,0.0002
data compressiondecompression,1,0.0002
peak and trough detection,1,0.0002
concurrent updates,1,0.0002
blob storage,1,0.0002
tuples and data structures,1,0.0002
bottom up sorting,1,0.0002
d0l system,1,0.0002
vector space model,1,0.0002
python built in functionalities,1,0.0002
iterators and loops,1,0.0002
math ceiling square root,1,0.0002
big integers modular arithmetic,1,0.0002
efficient divisors check,1,0.0002
bitmask or string state tracking,1,0.0002
modified bfs for variable step sizes,1,0.0002
calendar,1,0.0002
character position handling,1,0.0002
math square root calculation,1,0.0002
binary number conversion,1,0.0002
tetris gameplay,1,0.0002
ratio matching,1,0.0002
page replacement,1,0.0002
quadrant analysis,1,0.0002
closed form,1,0.0002
multi step problem,1,0.0002
binary string decoding,1,0.0002
efficient lookup arrays or dictionaries,1,0.0002
hashing character indexing,1,0.0002
simplification of logical expressions,1,0.0002
manachers algorithm optional for optimization,1,0.0002
strategy deduction,1,0.0002
reverse and append operations,1,0.0002
logarithmic techniques,1,0.0002
edge relevance analysis,1,0.0002
efficient sieve like techniques,1,0.0002
call stack,1,0.0002
automaton aho corasick or suffix automaton,1,0.0002
heapify,1,0.0002
max submatrix,1,0.0002
digital display representation,1,0.0002
2d counting,1,0.0002
qubit control,1,0.0002
point projection,1,0.0002
selection of top k elements,1,0.0002
incremental edge addition,1,0.0002
minimum spanning tree mst not required,1,0.0002
connectivity in graphs,1,0.0002
iterating over subgrids,1,0.0002
subsequence gcd,1,0.0002
arrayslists,1,0.0002
basic number theory,1,0.0002
prefix factorial,1,0.0002
checkmate condition,1,0.0002
hashing eg set or map,1,0.0002
floyd warshall optional,1,0.0002
factorial enumeration,1,0.0002
generating all permutations,1,0.0002
cantor pairing function,1,0.0002
zip,1,0.0002
ratios,1,0.0002
closure check,1,0.0002
idempotence check,1,0.0002
identity check,1,0.0002
byte processing,1,0.0002
pairs enumeration,1,0.0002
convergents,1,0.0002
josephus problem variant,1,0.0002
suffix classification,1,0.0002
currency denominations,1,0.0002
array based tree,1,0.0002
delete key,1,0.0002
insert key,1,0.0002
prefix max,1,0.0002
gready algorithm,1,0.0002
prefix validation,1,0.0002
optimal trading strategy,1,0.0002
loop manipulation,1,0.0002
python sets,1,0.0002
multiple maximum detection,1,0.0002
shrink factor analysis,1,0.0002
heuristics optional,1,0.0002
glob patterns,1,0.0002
amplitude amplification,1,0.0002
minimum maximum path cost,1,0.0002
merge sort in place merge,1,0.0002
minors and cofactors,1,0.0002
algorithmic implementation,1,0.0002
cycle management,1,0.0002
hashing optional optimization,1,0.0002
sorted insertion,1,0.0002
squares in binary grid,1,0.0002
prefix suffix products,1,0.0002
success notification,1,0.0002
clockwise rotation,1,0.0002
loop based traversal,1,0.0002
fixed size frequency count,1,0.0002
priority queue max heapmin heap,1,0.0002
weiszfelds algorithm,1,0.0002
hibbards sequence,1,0.0002
sedgewicks sequence,1,0.0002
unsorted list,1,0.0002
square matrices,1,0.0002
minimizing memory writes,1,0.0002
2d substring search,1,0.0002
pratt sequence,1,0.0002
speed and distance calculation,1,0.0002
computer graphics,1,0.0002
invariant checking,1,0.0002
optimized nearest element,1,0.0002
filtering by length,1,0.0002
maximum edges in graph,1,0.0002
permutation assignment,1,0.0002
index traversal,1,0.0002
heap binary heap,1,0.0002
median of three pivot selection,1,0.0002
condorcet methods,1,0.0002
smith set,1,0.0002
hessenberg matrix,1,0.0002
mathematical libraries,1,0.0002
dynamic programming on dags,1,0.0002
density based clustering,1,0.0002
maximum path finding,1,0.0002
neuromorphic computation,1,0.0002
batch insertion,1,0.0002
level propagation,1,0.0002
memory game,1,0.0002
hashing for alternative approaches,1,0.0002
scipy optimization,1,0.0002
line simplification,1,0.0002
visvalingam whyatt algorithm,1,0.0002
data structures eg priority queue hash map,1,0.0002
filtering and searching,1,0.0002
counting nodes,1,0.0002
odd even sort,1,0.0002
linear algebra bitwise,1,0.0002
recursion with caution,1,0.0002
cost validation,1,0.0002
algorithm testing,1,0.0002
semantic versioning,1,0.0002
bottom up iteration,1,0.0002
top down memoization,1,0.0002
algorithms hashing,1,0.0002
algorithms union,1,0.0002
programming error handling,1,0.0002
programming logging,1,0.0002
infinite array handling,1,0.0002
24 hour time format,1,0.0002
html tag validation,1,0.0002
extremes tracking,1,0.0002
tic tac toe variants,1,0.0002
counting frequency analysis,1,0.0002
cloning graph,1,0.0002
heuristics optimization,1,0.0002
python math library,1,0.0002
lru page replacement,1,0.0002
operating system simulation,1,0.0002
paging system,1,0.0002
insertion with order,1,0.0002
data structures priority queue or multiset,1,0.0002
forest,1,0.0002
stringarray partitioning,1,0.0002
maximum capacity path,1,0.0002
stable tower calculation,1,0.0002
k th element in sorted matrix,1,0.0002
steady state computation,1,0.0002
nesting depth,1,0.0002
association rules,1,0.0002
rooted tree hashing,1,0.0002
content similarity grouping,1,0.0002
shuffling data,1,0.0002
social network analysis,1,0.0002
traversal states,1,0.0002
breadth first search bfs or connectivity check,1,0.0002
obstacle checking,1,0.0002
iterative heapify,1,0.0002
relativedelta date arithmetic,1,0.0002
date time calculations,1,0.0002
custom separator parsing,1,0.0002
floating point numbers,1,0.0002
dynamic recalculation,1,0.0002
matrix equality check,1,0.0002
iterator usage,1,0.0002
retry logic,1,0.0002
tag validation,1,0.0002
finite difference methods,1,0.0002
summation with depth weights,1,0.0002
ellipse generation,1,0.0002
grade school multiplication,1,0.0002
ordered dictionary ordereddict,1,0.0002
time based indexing,1,0.0002
neighborhood processing,1,0.0002
value range checking,1,0.0002
non overlapping check,1,0.0002
eight puzzle,1,0.0002
queuedeque,1,0.0002
randomshuffle,1,0.0002
segment identification,1,0.0002
consecutive sequence detection,1,0.0002
obstruction checking,1,0.0002
circle containment,1,0.0002
convex quadrilateral check,1,0.0002
triangle barycentric coordinates,1,0.0002
data similarity,1,0.0002
minhash,1,0.0002
accumulate,1,0.0002
conditional iteration,1,0.0002
takewhile,1,0.0002
binary patterns,1,0.0002
data structures list of tuples,1,0.0002
loop and trial,1,0.0002
rolling maximum,1,0.0002
raycasting,1,0.0002
network overlap detection,1,0.0002
data truncation,1,0.0002
natural logarithm,1,0.0002
ranking with ties,1,0.0002
gregorian calendar handling,1,0.0002
modulo and absolute value,1,0.0002
rank assignment,1,0.0002
single pass traversal,1,0.0002
variable tracking,1,0.0002
merging data,1,0.0002
nested try catch,1,0.0002
currency operations,1,0.0002
pipelines,1,0.0002
shell commands,1,0.0002
subprocess,1,0.0002
registers,1,0.0002
tree recovery,1,0.0002
finite state transition,1,0.0002
string pattern replacement,1,0.0002
manhattan distance calculation,1,0.0002
spiral matrix construction,1,0.0002
lexicographic permutation,1,0.0002
chessboard movement,1,0.0002
logic gates simulation,1,0.0002
reverse flow multi source bfsdfs,1,0.0002
sequence problems,1,0.0002
defaultdict python,1,0.0002
shingling,1,0.0002
compression gzip,1,0.0002
data structures dictionary and queue,1,0.0002
variable length data handling,1,0.0002
de morgans laws,1,0.0002
reduction strategy,1,0.0002
minimum path threshold,1,0.0002
counting counter,1,0.0002
insertion sort for optimization,1,0.0002
preorder and postorder traversal,1,0.0002
hash map array for counting,1,0.0002
simulation small cases,1,0.0002
efficient divisors counting,1,0.0002
unique path counting,1,0.0002
bracket validation,1,0.0002
graph state representation,1,0.0002
oracle query,1,0.0002
longest repeated subsequence,1,0.0002
run length decoding,1,0.0002
matrix spiral filling,1,0.0002
computational basis measurement,1,0.0002
optimal eviction policy,1,0.0002
hashing eg visited states,1,0.0002
geometric problems,1,0.0002
sphere and ray intersection,1,0.0002
interval division,1,0.0002
constraint counting,1,0.0002
hashing for optimization,1,0.0002
chess board coverage,1,0.0002
product modulo,1,0.0002
maximin search,1,0.0002
assembly line scheduling,1,0.0002
kasiski examination,1,0.0002
net flow debt simplification,1,0.0002
prefix and suffix techniques,1,0.0002
minesweeper validation,1,0.0002
backpack problem unbounded,1,0.0002
translation symmetry,1,0.0002
summation logic,1,0.0002
matrix permanents,1,0.0002
iterating with constraints,1,0.0002
padded text formatting,1,0.0002
sieve factorization,1,0.0002
efficient query strategy,1,0.0002
set unordered unique collection,1,0.0002
quaternion multiplication,1,0.0002
coprime elements,1,0.0002
hash map dictionary lookup,1,0.0002
mapping validation,1,0.0002
reversal simulation,1,0.0002
looping and input handling,1,0.0002
ordered set tree set,1,0.0002
brainfk interpreter,1,0.0002
stack for bracket matching,1,0.0002
string substitution,1,0.0002
color space,1,0.0002
hashing setmap for cycle detection,1,0.0002
iterative convergence,1,0.0002
quadratic mean,1,0.0002
quaternion,1,0.0002
equilibrium index,1,0.0002
one dimensional coverage,1,0.0002
mutation operations,1,0.0002
line parallelism,1,0.0002
logarithm calculation,1,0.0002
multi dimensional data analysis,1,0.0002
cube root approximation,1,0.0002
mapping and encoding,1,0.0002
selection in modified mountain array,1,0.0002
spatial data processing,1,0.0002
divide and conquer alternative approach,1,0.0002
dictionary navigation,1,0.0002
minimal memory writes,1,0.0002
root mean squared error rmse,1,0.0002
coo format,1,0.0002
priority queue custom logic,1,0.0002
relations,1,0.0002
number range search,1,0.0002
lucas primality test,1,0.0002
algorithm correctness,1,0.0002
articulation points cut vertices,1,0.0002
boolean knapsack,1,0.0002
python itemgetter,1,0.0002
graph diameter calculation,1,0.0002
custom weights,1,0.0002
jaro winkler distance,1,0.0002
geospatial search,1,0.0002
zodiac calculation,1,0.0002
data pair generation,1,0.0002
bottom up algorithm,1,0.0002
numpy matrix operations,1,0.0002
grid based simulation,1,0.0002
arange,1,0.0002
zero initialization,1,0.0002
minimum of maximum values,1,0.0002
association rule mining,1,0.0002
simplex algorithm,1,0.0002
priority queue or direction priority handling,1,0.0002
median selection,1,0.0002
minimum toll calculation,1,0.0002
problem solving constraints handling,1,0.0002
maximum computation,1,0.0002
bounded resource management,1,0.0002
mutex lock,1,0.0002
token validation,1,0.0002
object oriented design optional,1,0.0002
priority queuequeue for lexicographical ordering,1,0.0002
2d list processing,1,0.0002
itertoolschain,1,0.0002
heuristics warnsdorffs algorithm,1,0.0002
dictionaryhash set,1,0.0002
serialization and deserialization,1,0.0002
linked list algorithms,1,0.0002
file io handling,1,0.0002
frame stewart algorithm,1,0.0002
multi stage graph,1,0.0002
mean subtraction,1,0.0002
argparse,1,0.0002
heap implementation,1,0.0002
dominators in graphs,1,0.0002
minimum weight cycle,1,0.0002
data structures listsmaps,1,0.0002
array copy,1,0.0002
mathematical sign calculation,1,0.0002
item based recommendation,1,0.0002
max element calculation,1,0.0002
string matching optional for serialization,1,0.0002
splitting nodes,1,0.0002
runtime analysis,1,0.0002
mersenne twister,1,0.0002
dynamic path recalculation,1,0.0002
graph preprocessing,1,0.0002
redis data retrieval,1,0.0002
instance generation,1,0.0002
pair counting,1,0.0002
misplaced tiles,1,0.0002
path efficiency check,1,0.0002
python function implementation,1,0.0002
optimal policy calculation,1,0.0002
array to bst,1,0.0002
arraymatrix,1,0.0002
intermediate step tracking,1,0.0002
matrix computation,1,0.0002
circular iteration,1,0.0002
data augmentation,1,0.0002
integer to binary conversion,1,0.0002
efficient range computation,1,0.0002
iterative evaluation,1,0.0002
data structures dictionaries and lists,1,0.0002
tie breaking with randomness,1,0.0002
currency change calculation,1,0.0002
winning strategy,1,0.0002
arithmetic multiplication,1,0.0002
linear classification,1,0.0002
perceptron learning algorithm,1,0.0002
string to enum mapping,1,0.0002
efficient pair finding,1,0.0002
evaluation of expressions,1,0.0002
manual implementation,1,0.0002
algorithms on automata,1,0.0002
epsilon removal,1,0.0002
reversal techniques,1,0.0002
crossover algorithm,1,0.0002
in degreeout degree analysis,1,0.0002
chemistry formula parsing,1,0.0002
resizable array,1,0.0002
search in sorted data,1,0.0002
lowest common value,1,0.0002
dfa simulation,1,0.0002
optimized lookup,1,0.0002
intersection over union iou,1,0.0002
non maximum suppression nms,1,0.0002
python list slicing,1,0.0002
node counting,1,0.0002
image thresholding,1,0.0002
inter class variance,1,0.0002
trigram extraction,1,0.0002
hashing character check,1,0.0002
4 connectivity,1,0.0002
aws s3 interaction,1,0.0002
remote command execution,1,0.0002
polygon closure,1,0.0002
minimum subarray sum,1,0.0002
splitting and reversing,1,0.0002
python ast library,1,0.0002
markov decision process mdp,1,0.0002
state space generation,1,0.0002
graph filtering,1,0.0002
dataframe manipulation,1,0.0002
python traceback,1,0.0002
optimization algorithm,1,0.0002
coalesce,1,0.0002
max rectangle in binary matrix,1,0.0002
division operations,1,0.0002
counting differences,1,0.0002
longest cycle in graph,1,0.0002
cancellation handling,1,0.0002
data structures hash set,1,0.0002
tree or graph representation,1,0.0002
algorithm depth first search,1,0.0002
data structure json manipulation,1,0.0002
data structure tree traversal,1,0.0002
format conversion xml to json,1,0.0002
tolerance comparison,1,0.0002
permutations with identical items,1,0.0002
array filtering,1,0.0002
efficient reading,1,0.0002
seeding for reproducibility,1,0.0002
prefixsuffix search,1,0.0002
running maximum,1,0.0002
running minimum,1,0.0002
protobuf,1,0.0002
level order representation,1,0.0002
file reading,1,0.0002
sorted data processing,1,0.0002
reordering,1,0.0002
zip archive manipulation,1,0.0002
minor matrix calculation,1,0.0002
ffdh first fit decreasing height,1,0.0002
packing problems,1,0.0002
insert at bottom,1,0.0002
threshold based algorithm,1,0.0002
series generation,1,0.0002
space optimization o1,1,0.0002
triplets checking,1,0.0002
pair finding,1,0.0002
unbounded search space,1,0.0002
python time module,1,0.0002
custom data operations,1,0.0002
python built in protocols,1,0.0002
sieve algorithm optimized checking,1,0.0002
dynamic collection operations,1,0.0002
sentinel linear search,1,0.0002
binary division,1,0.0002
crossover algorithms,1,0.0002
function call counting,1,0.0002
randomized placement,1,0.0002
dynamic insertions,1,0.0002
recursive clustering,1,0.0002
symmetric search,1,0.0002
circular elimination,1,0.0002
rail fence cipher,1,0.0002
carry over handling,1,0.0002
search in 2d array,1,0.0002
pythonic code,1,0.0002
entropy encoding,1,0.0002
golomb coding,1,0.0002
warning handling,1,0.0002
point addition,1,0.0002
stack constraints,1,0.0002
threshold detection,1,0.0002
counting algorithms,1,0.0002
period finding,1,0.0002
shors algorithm,1,0.0002
substrings generation,1,0.0002
square matrix check,1,0.0002
line segment covering,1,0.0002
apsp,1,0.0002
greedy for output handling,1,0.0002
mapping and transformation,1,0.0002
max weight subgraph,1,0.0002
2d grid movement,1,0.0002
geometric computations,1,0.0002
unbounded graph traversal,1,0.0002
network flow construction,1,0.0002
competition ranking,1,0.0002
multiplication properties,1,0.0002
version number comparison,1,0.0002
mapsarrays,1,0.0002
observation based problems,1,0.0002
area of triangle,1,0.0002
least squares optimization,1,0.0002
function transformation,1,0.0002
traversing arrays,1,0.0002
series calculation,1,0.0002
tree level order traversal,1,0.0002
counting digits,1,0.0002
unbounded resource accumulation,1,0.0002
caterpillar tree,1,0.0002
counting occurrences,1,0.0002
large number calculation,1,0.0002
string overlap check,1,0.0002
parity handling,1,0.0002
profit optimization,1,0.0002
minimum path in graph,1,0.0002
planar geometry,1,0.0002
3d inversion,1,0.0002
prefixpattern matching,1,0.0002
spherical distance,1,0.0002
character rotation,1,0.0002
banned set optimization,1,0.0002
tree traversal preorder,1,0.0002
prefix suffix observation,1,0.0002
mathematical approach,1,0.0002
object modeling,1,0.0002
stack for comment handling,1,0.0002
periodicity detection,1,0.0002
array repetition,1,0.0002
knockout tournament,1,0.0002
circular constraints,1,0.0002
math power of two check,1,0.0002
optimality check,1,0.0002
cloning data structures,1,0.0002
finite group theory,1,0.0002
number processing,1,0.0002
template processing,1,0.0002
double factorial,1,0.0002
des algorithm,1,0.0002
card counting,1,0.0002
counting valid primes,1,0.0002
prime neighbors detection,1,0.0002
sequence patterns,1,0.0002
elementary arithmetic,1,0.0002
fixed point detection,1,0.0002
intersection logic,1,0.0002
complement counting,1,0.0002
command execution,1,0.0002
merge sort in place variant,1,0.0002
utf 16 handling,1,0.0002
simulation flag handling,1,0.0002
point validation,1,0.0002
linear algebra subset basis,1,0.0002
parent pointer,1,0.0002
custom algorithm,1,0.0002
recursive flattening,1,0.0002
on m time complexity,1,0.0002
dynamic obstacle constraints,1,0.0002
undoredo framework,1,0.0002
hashing state tracking,1,0.0002
assertionerror,1,0.0002
multiplication decomposition,1,0.0002
undirected graph conversion,1,0.0002
python logging,1,0.0002
digit dp dynamic programming,1,0.0002
cron scheduling,1,0.0002
image manipulation,1,0.0002
disjoint set union optional alternative,1,0.0002
path canonicalization,1,0.0002
ellipsoid,1,0.0002
wave array,1,0.0002
flatten matrix search,1,0.0002
optimized space dp,1,0.0002
subarray extraction,1,0.0002
frequency domain analysis,1,0.0002
selection fitness proportional,1,0.0002
johnson trotter algorithm,1,0.0002
orientation calculation,1,0.0002
traceback algorithm,1,0.0002
polynomial processing,1,0.0002
relative order preservation,1,0.0002
amr abstract meaning representation,1,0.0002
summation with scalar multiplication,1,0.0002
point in shape detection,1,0.0002
data structures ordereddict,1,0.0002
implementation logic iterative,1,0.0002
mysql database interaction,1,0.0002
deterministic choice selection,1,0.0002
recursive grammar expansion,1,0.0002
color alternating path,1,0.0002
hibbard sequence,1,0.0002
numpyarray,1,0.0002
numpyceil,1,0.0002
object attribute handling,1,0.0002
efficient lcs,1,0.0002
shrink factor adjustment,1,0.0002
broadcast address calculation,1,0.0002
host address enumeration,1,0.0002
network address calculation,1,0.0002
k nearest neighbors knn,1,0.0002
minimum value calculation,1,0.0002
file compression,1,0.0002
minimum remaining values,1,0.0002
sparse array traversal,1,0.0002
deque implementation,1,0.0002
input checking,1,0.0002
array algorithms,1,0.0002
enum,1,0.0002
greedy algorithm for task selection ordering,1,0.0002
file io with buffering,1,0.0002
min max computation,1,0.0002
gap reduction,1,0.0002
nearly sorted check,1,0.0002
turn based game,1,0.0002
manual merging,1,0.0002
in place duplication removal,1,0.0002
data categorization,1,0.0002
looping and control flow,1,0.0002
timestamp arithmetic,1,0.0002
control flow in deep learning,1,0.0002
custom neural network module,1,0.0002
timedelta operations,1,0.0002
even sum check,1,0.0002
stringarray processing,1,0.0002
chess programming,1,0.0002
cprofile,1,0.0002
pstats,1,0.0002
counting and tracking,1,0.0002
data structures list of lists,1,0.0002
counting subordinates,1,0.0002
pagerank,1,0.0002
assertion testing,1,0.0002
canny edge detection,1,0.0002
gaussian blur,1,0.0002
grayscale conversion,1,0.0002
minimum difference calculation,1,0.0002
merge multiple lists,1,0.0002
last occurrence tracking,1,0.0002
bktree,1,0.0002
subgraph processing,1,0.0002
binary search concepts,1,0.0002
o1 space excluding output,1,0.0002
substring calculation,1,0.0002
avoidance constraints,1,0.0002
data structures dictionary deque,1,0.0002
lcs variant,1,0.0002
callback functions,1,0.0002
dfs with backtracking,1,0.0002
memory stream handling,1,0.0002
tarball compression,1,0.0002
console output formatting,1,0.0002
ternary operation,1,0.0002
tournament logic,1,0.0002
efficiency time complexity,1,0.0002
efficiency constant time,1,0.0002
data types,1,0.0002
keyword counting,1,0.0002
string to bit conversion,1,0.0002
text decryption,1,0.0002
contingency table,1,0.0002
p value calculation,1,0.0002
scipy stats,1,0.0002
conditional sampling,1,0.0002
symmetryreflection,1,0.0002
character mismatch handling,1,0.0002
maximum rectangle,1,0.0002
comparison of semantic versions,1,0.0002
spacing calculation,1,0.0002
amortized constant time,1,0.0002
erdos straus conjecture,1,0.0002
conditional sorting,1,0.0002
pairwise combinations,1,0.0002
arithmetic with characters,1,0.0002
data reshaping,1,0.0002
character inspection,1,0.0002
exponential smoothing,1,0.0002
macd calculation,1,0.0002
backward substitution,1,0.0002
forward substitution,1,0.0002
vowelconsonant classification,1,0.0002
addition algorithm,1,0.0002
operating system conventions,1,0.0002
riemann sum,1,0.0002
basic numerical operations,1,0.0002
sorting optimization,1,0.0002
collections,1,0.0002
algorithms deletion in linked list,1,0.0002
data structures circular linked list,1,0.0002
basis check,1,0.0002
matrix submatrix queries,1,0.0002
url handling,1,0.0002
combinatorial sum,1,0.0002
patterns in powers,1,0.0002
integer data handling,1,0.0002
command line interface simulation,1,0.0002
data formatting,1,0.0002
efficient number validation,1,0.0002
iterator slicing,1,0.0002
common neighbors,1,0.0002
sparse data processing,1,0.0002
divided differences,1,0.0002
newton interpolation,1,0.0002
method overriding,1,0.0002
blands rule,1,0.0002
candidate enumeration,1,0.0002
heap with lazy deletion,1,0.0002
multiple pointers,1,0.0002
small to large technique,1,0.0002
cycle enumeration,1,0.0002
binary addition,1,0.0002
chemical structure enumeration,1,0.0002
custom edge cost,1,0.0002
torus graph representation,1,0.0002
path traversal in tree,1,0.0002
prefix xor or distance calculation,1,0.0002
efficient gcd tracking,1,0.0002
sos dp sum over subsets,1,0.0002
union find with time constraints,1,0.0002
multiple root dfs,1,0.0002
attack,1,0.0002
defense,1,0.0002
monsters,1,0.0002
suffix array column height calculation,1,0.0002
suffix automaton optional for optimization,1,0.0002
stack or list,1,0.0002
set or map for tracking available students,1,0.0002
submatrix matching,1,0.0002
segment tree or binary indexed tree fenwick tree for updates,1,0.0002
efficient sieve for factorization,1,0.0002
data structure set or array for active range,1,0.0002
grouping by size,1,0.0002
circle circumference,1,0.0002
prefix sum array traversal,1,0.0002
minimum distance query,1,0.0002
parabola analysis,1,0.0002
in place compression,1,0.0002
table transformation,1,0.0002
xor minimization,1,0.0002
dynamic programming on subsets,1,0.0002
count pairs with constraint,1,0.0002
segment based edge addition,1,0.0002
numerical root finding,1,0.0002
numerical ranges,1,0.0002
iq range matching,1,0.0002
fast enumeration,1,0.0002
data structure binary tree,1,0.0002
2d array image manipulation,1,0.0002
combinator calculus,1,0.0002
haskell,1,0.0002
finite abelian groups,1,0.0002
structure theorem for finite abelian groups,1,0.0002
linear algebra basis in vector space,1,0.0002
state transition matrix,1,0.0002
line breaking,1,0.0002
high precision multiplication,1,0.0002
efficient grid management,1,0.0002
calendar algorithm,1,0.0002
injective mapping,1,0.0002
efficient edge weight generation,1,0.0002
segment tree or hash map for disjoint updates,1,0.0002
efficient sequence construction,1,0.0002
perrin pseudoprime,1,0.0002
projective geometry,1,0.0002
ellipse equation,1,0.0002
lattice,1,0.0002
computus algorithm,1,0.0002
instruction pointer control,1,0.0002
algorithmic group decision,1,0.0002
braid theory,1,0.0002
optical character similarity,1,0.0002
unicode manipulation,1,0.0002
efficient subarray sum generation,1,0.0002
subroutine design,1,0.0002
adversarial algorithms,1,0.0002
cooperation vs defection,1,0.0002
iterated games,1,0.0002
strategic decision making,1,0.0002
unicode,1,0.0002
power diagram,1,0.0002
geometric drawing,1,0.0002
graphics rendering,1,0.0002
recursive nesting,1,0.0002
subset relations,1,0.0002
data quantization,1,0.0002
structural similarity ssim,1,0.0002
language interoperability,1,0.0002
indentation formatting,1,0.0002
cyclic polygon,1,0.0002
spiral,1,0.0002
multi agent planning,1,0.0002
conditional branching,1,0.0002
syllable segmentation,1,0.0002
ll1 parser,1,0.0002
cli programming,1,0.0002
tcp networking,1,0.0002
custom number representation,1,0.0002
vowel consonant processing,1,0.0002
code self modification,1,0.0002
hash function analysis,1,0.0002
digit extraction algorithm,1,0.0002
maximum weight disjoint intervals,1,0.0002
digit streams,1,0.0002
canvas rendering,1,0.0002
efficient min max calculation,1,0.0002
nontransitive relations,1,0.0002
tournament generation,1,0.0002
random testing,1,0.0002
multi language,1,0.0002
nfa simulation,1,0.0002
algebraic number theory,1,0.0002
parsing and evaluation,1,0.0002
2 adic numbers,1,0.0002
golden ratio calculation,1,0.0002
high precision floating point,1,0.0002
algebraic geometry,1,0.0002
groebner basis,1,0.0002
ideal theory,1,0.0002
polynomial rings,1,0.0002
radical ideals,1,0.0002
geometric placement,1,0.0002
algebraic algorithms,1,0.0002
integral polynomials,1,0.0002
polynomial decomposition,1,0.0002
bit manipulation for compact output,1,0.0002
coordinate encoding,1,0.0002
dynamic programming for optimization,1,0.0002
flexible argument handling,1,0.0002
linear time diameter calculation,1,0.0002
golfing,1,0.0002
manual conversion,1,0.0002
rotation optimization,1,0.0002
graphical rendering,1,0.0002
minimum area enclosure,1,0.0002
lru strategy,1,0.0002
induction,1,0.0002
power tower modulo,1,0.0002
code analysis,1,0.0002
overlap graph,1,0.0002
topological structure,1,0.0002
necklace polynomials,1,0.0002
mastermind game logic,1,0.0002
qr code generation,1,0.0002
shape dissection,1,0.0002
symmetric matrix,1,0.0002
rewriting conditions,1,0.0002
c stl,1,0.0002
high throughput systems,1,0.0002
low latency algorithms,1,0.0002
time ordered processing,1,0.0002
tetromino placement,1,0.0002
15 puzzle variant,1,0.0002
heuristic search if optimized with a,1,0.0002
function approximation,1,0.0002
algebraic rewriting,1,0.0002
mathematicalseries,1,0.0002
sublinearalgorithm,1,0.0002
integer square root,1,0.0002
adaptive querying,1,0.0002
character grid processing,1,0.0002
tic tac toe validation,1,0.0002
gamma function,1,0.0002
nondeterminism,1,0.0002
2d pattern search,1,0.0002
glider detection,1,0.0002
pseudoprimes,1,0.0002
quater imaginary base,1,0.0002
directed angles,1,0.0002
debian version specification,1,0.0002
version number parsing,1,0.0002
oddeven number manipulation,1,0.0002
kinematic modeling,1,0.0002
large integer manipulation,1,0.0002
block allocation,1,0.0002
level ancestor query,1,0.0002
infinite structures,1,0.0002
combinatorial path planning,1,0.0002
multi source path optimization,1,0.0002
binary logarithm,1,0.0002
preprocessor metaprogramming,1,0.0002
recursive macros,1,0.0002
template metaprogramming c preprocessor,1,0.0002
celestial mechanics,1,0.0002
keplers equation,1,0.0002
orbital dynamics,1,0.0002
two body problem,1,0.0002
queue or list for deck management,1,0.0002
set for tracking states,1,0.0002
context analysis,1,0.0002
binary diff algorithms,1,0.0002
signal handling,1,0.0002
k th maximum query,1,0.0002
boolean minimization,1,0.0002
quine mccluskey,1,0.0002
compile time computation,1,0.0002
recursive types,1,0.0002
type level programming,1,0.0002
data structure online queries,1,0.0002
heuristic search a or variants,1,0.0002
water management simulation,1,0.0002
kleene star generation,1,0.0002
32 bit integer operations,1,0.0002
modulo approximation,1,0.0002
cube mechanics,1,0.0002
kronecker symbol,1,0.0002
random maze generation,1,0.0002
matrix exponential,1,0.0002
matrix logarithm,1,0.0002
binary tree reconstruction,1,0.0002
segment tree or efficient constraint handling,1,0.0002
cooperative strategies,1,0.0002
sublinear algorithm,1,0.0002
multiple state tracking,1,0.0002
sliding block puzzle,1,0.0002
lexicographical ranking,1,0.0002
linked list or list manipulation,1,0.0002
alignment functions,1,0.0002
tree transformation,1,0.0002
character to number mapping,1,0.0002
efficient range sum,1,0.0002
conditional grouping,1,0.0002
angular velocity,1,0.0002
inequality checking,1,0.0002
verification algorithms,1,0.0002
in place check,1,0.0002
star polygon,1,0.0002
object orientation,1,0.0002
non traditional algorithms,1,0.0002
dynamic programming for distance accumulation,1,0.0002
closeness centrality,1,0.0002
minimum spanning forest,1,0.0002
iterative merging,1,0.0002
2d bin packing,1,0.0002
bottom left fill,1,0.0002
data splitting,1,0.0002
division and ceiling calculation,1,0.0002
hack test case,1,0.0002
input generation,1,0.0002
space complexity olog n,1,0.0002
dynamic word set,1,0.0002
rounding techniques,1,0.0002
dominance problem,1,0.0002
alphametics,1,0.0002
knights tour problem,1,0.0002
dynamic replacement,1,0.0002
multi stage shortest path,1,0.0002
diagonal check,1,0.0002
battleship counting,1,0.0002
scheduling algorithm,1,0.0002
python class implementation,1,0.0002
rank and selection,1,0.0002
fast and slow pointers,1,0.0002
coordinate adjustment,1,0.0002
state update,1,0.0002
subproblem decomposition,1,0.0002
sorting with numpy,1,0.0002
efficient large data handling,1,0.0002
hashing collectionsdefaultdict,1,0.0002
battery constraints,1,0.0002
element product,1,0.0002
composite number counting,1,0.0002
fibonacci primes,1,0.0002
nltk,1,0.0002
trigrams,1,0.0002
cuboid intersection,1,0.0002
intersection calculation,1,0.0002
coordinate parsing,1,0.0002
initialization methods,1,0.0002
list shuffling,1,0.0002
prime validation,1,0.0002
sum zero,1,0.0002
average path length,1,0.0002
counting based algorithm,1,0.0002
clamping values,1,0.0002
binary associative function,1,0.0002
argument validation,1,0.0002
size tracking in trees,1,0.0002
referential integrity,1,0.0002
product automaton,1,0.0002
edge usage counting,1,0.0002
accuracy calculation,1,0.0002
json formatting,1,0.0002
explored set visited tracking,1,0.0002
queue fifo,1,0.0002
frontier management,1,0.0002
search metrics,1,0.0002
summation algorithms,1,0.0002
transpose graph,1,0.0002
multi constraint knapsack,1,0.0002
prefix identification,1,0.0002
streak calculation,1,0.0002
two arrays technique,1,0.0002
classification algorithms,1,0.0002
subtree calculation,1,0.0002
secret sharing,1,0.0002
threshold schemes,1,0.0002
subarray averages,1,0.0002
comparison reduction,1,0.0002
get close matches,1,0.0002
ndiff,1,0.0002
path intersection check,1,0.0002
python counter,1,0.0002
priority queue minmax heap,1,0.0002
performance tracking,1,0.0002
abstract methods,1,0.0002
polymorphism,1,0.0002
none handling,1,0.0002
python built in methods,1,0.0002
custom bracket matching,1,0.0002
loop invariants,1,0.0002
rfc compliance checking,1,0.0002
uuid manipulation,1,0.0002
rmse calculation,1,0.0002
constant space modified,1,0.0002
conditional algorithm selection,1,0.0002
data structures listarrays,1,0.0002
sjn,1,0.0002
subproblem division,1,0.0002
recursive subtree processing,1,0.0002
closest key,1,0.0002
squared difference,1,0.0002
measurement operations,1,0.0002
command line interface,1,0.0002
bell states,1,0.0002
quantum operations,1,0.0002
dynamic input processing,1,0.0002
number reversal,1,0.0002
file permissions,1,0.0002
array filling,1,0.0002
storage cloning,1,0.0002
hash table frequency count,1,0.0002
string subarray,1,0.0002
operators and arithmetic,1,0.0002
isbn checksum,1,0.0002
color similarity,1,0.0002
legendres three square theorem,1,0.0002
version parsing,1,0.0002
backtracking for item selection,1,0.0002
greedy algorithm for selection and reconstruction,1,0.0002
prefix ancestor query,1,0.0002
conditional movement,1,0.0002
delimiter usage,1,0.0002
cubic computation,1,0.0002
edge based initialization,1,0.0002
string serialization,1,0.0002
unidirectional graph,1,0.0002
custom warning handling,1,0.0002
filter configuration,1,0.0002
stack or tree traversal,1,0.0002
state machine iteration,1,0.0002
array based arithmetic,1,0.0002
digit by digit computation,1,0.0002
overflowunderflow handling,1,0.0002
hashing set for tracking visits,1,0.0002
sum validation,1,0.0002
incremental search,1,0.0002
forward difference method,1,0.0002
matrix algorithms,1,0.0002
ranking,1,0.0002
positional calculation,1,0.0002
pseudo random number generator,1,0.0002
word boundary handling,1,0.0002
stack or queue for reordering,1,0.0002
trinomial coefficients,1,0.0002
quick sort recursive,1,0.0002
hash without salt,1,0.0002
regex with groups,1,0.0002
pattern optimization,1,0.0002
date parsing and validation,1,0.0002
sorted data handling,1,0.0002
averaging logic,1,0.0002
longest arithmetic subsequence,1,0.0002
max bipartite clique,1,0.0002
boolean evaluation,1,0.0002
logic operations,1,0.0002
sieve of eratosthenes basic,1,0.0002
backtracking for reconstructing the solution,1,0.0002
greedy for tie breaking,1,0.0002
binary trees middle element access,1,0.0002
bit processing,1,0.0002
pattern extraction,1,0.0002
local maximum search,1,0.0002
singly linked list,1,0.0002
right angled triangle,1,0.0002
cyclic replacement,1,0.0002
boundary logic,1,0.0002
oddeven check,1,0.0002
diff algorithm,1,0.0002
greedy if applicable with constraints,1,0.0002
api implementation,1,0.0002
shortest job first sjf,1,0.0002
calendar arithmetic,1,0.0002
data casting,1,0.0002
one to one mapping check,1,0.0002
partially sorted data,1,0.0002
locality sensitive hashing lsh,1,0.0002
fixed size integers,1,0.0002
greedy if applicable with coin denominations,1,0.0002
trie possible optimization,1,0.0002
problem distribution,1,0.0002
polar angle comparison,1,0.0002
minimum maximization,1,0.0002
constraints based movement,1,0.0002
minimum of maximum distances,1,0.0002
construct tree from traversal,1,0.0002
nth element from end,1,0.0002
splitting strategies,1,0.0002
sum of array,1,0.0002
union find optional for dynamic path checking,1,0.0002
subgroup closure,1,0.0002
event overlap,1,0.0002
parsing strings,1,0.0002
aes mixcolumns,1,0.0002
multi line string processing,1,0.0002
hibbard gap,1,0.0002
mathematical approximations,1,0.0002
fifo ordering,1,0.0002
python special methods,1,0.0002
self referential data structures,1,0.0002
in order successorpredecessor,1,0.0002
path xor properties,1,0.0002
edge relevance check,1,0.0002
dynamic programming optional for precomputation,1,0.0002
primes,1,0.0002
arraydictionary lookup,1,0.0002
height of a tree,1,0.0002
recursive iterative conversion,1,0.0002
data lookup,1,0.0002
bounded constraints,1,0.0002
quadratic transformation,1,0.0002
sorted array manipulation,1,0.0002
recursiveiterative logic,1,0.0002
linear equation,1,0.0002
math square root decomposition,1,0.0002
sum of multiples,1,0.0002
beatty theorem,1,0.0002
linear data structures,1,0.0002
optimized with bounded values,1,0.0002
data structures map or dictionary,1,0.0002
mst properties,1,0.0002
on log n lis,1,0.0002
fractional multiplication,1,0.0002
path coverage,1,0.0002
basis construction gauss elimination for xor,1,0.0002
recursive queries,1,0.0002
binary tree dfs,1,0.0002
bfs with state compression,1,0.0002
problem solving with uncertainty,1,0.0002
data collection and sorting,1,0.0002
boolean logic parsing,1,0.0002
alphabet cyclic pattern,1,0.0002
optimal structure design,1,0.0002
efficient jumping,1,0.0002
tree implicit state space,1,0.0002
heuristic free search,1,0.0002
prefix properties,1,0.0002
prefix and suffix propagation,1,0.0002
non standard time calculations,1,0.0002
bridges in shortest paths,1,0.0002
shortest path on polygon,1,0.0002
median and geometric optimization,1,0.0002
chain and antichain,1,0.0002
chain validation,1,0.0002
dynamic time modeling,1,0.0002
efficient checking with masks,1,0.0002
level distance calculation,1,0.0002
unbounded values,1,0.0002
backward dynamic programming,1,0.0002
segment tree or gcd tracking,1,0.0002
ratio consistency check,1,0.0002
bounded graph construction,1,0.0002
angle checking,1,0.0002
clockwise direction detection,1,0.0002
max range query,1,0.0002
event based collision detection,1,0.0002
nimber sum,1,0.0002
frequency histogram,1,0.0002
shortest path in dag,1,0.0002
tree or binary tree representation,1,0.0002
prime handling,1,0.0002
linear algebra basis over gf2,1,0.0002
tree dag,1,0.0002
disjoint set union optional for tree construction,1,0.0002
segment tree or ordered data structures,1,0.0002
chain breaking,1,0.0002
bully swap,1,0.0002
level set method,1,0.0002
or logic,1,0.0002
inequalities constraint satisfaction,1,0.0002
component merging,1,0.0002
garland processing,1,0.0002
experience distribution,1,0.0002
input optimization,1,0.0002
greaph traversal,1,0.0002
binary lifting or euler tour with segment tree,1,0.0002
efficient pairwise computation,1,0.0002
subgrid generation,1,0.0002
efficient tree manipulation,1,0.0002
berserk monster death propagation,1,0.0002
logarithms for leading digits,1,0.0002
efficient matrix reconstruction,1,0.0002
legendres theorem,1,0.0002
efficient movement tracking,1,0.0002
monotonic stackqueue,1,0.0002
edge classification tree vs non tree,1,0.0002
pattern occurrence counting,1,0.0002
prefix suffix union find,1,0.0002
heavy light decomposition hld or flat tree structure,1,0.0002
dynamic programming iterative,1,0.0002
topsort,1,0.0002
stack undo mechanism,1,0.0002
heavy use of recursion,1,0.0002
data structure regionrectangle management,1,0.0002
segmentation of queries,1,0.0002
efficient subarray computation,1,0.0002
data structure stack or queue,1,0.0002
calculus of variations,1,0.0002
piecewise linear optimization,1,0.0002
observation based conditions,1,0.0002
matrix counting,1,0.0002
data structure segment tree or binary indexed tree,1,0.0002
rewriting the problem,1,0.0002
iterated multiples,1,0.0002
repeating sequence,1,0.0002
feature preprocessing,1,0.0002
quantum circuit,1,0.0002
swaps in permutations,1,0.0002
efficient path comparison,1,0.0002
tree structures trie,1,0.0002
data structure undo,1,0.0002
automata finite state,1,0.0002
efficient sequence building,1,0.0002
tree or stack based representation,1,0.0002
efficient time management,1,0.0002
divisors and factorization,1,0.0002
equation derivation,1,0.0002
time based state updates,1,0.0002
longest common subsquare,1,0.0002
string matching analogous,1,0.0002
pyramid traversal,1,0.0002
dynamic programming 2d state,1,0.0002
prefix and suffix distance calculation,1,0.0002
interval counting,1,0.0002
line and parabola properties,1,0.0002
range maximumminimum query,1,0.0002
two pass dfs,1,0.0002
speed and distance,1,0.0002
interactive problem solving,1,0.0002
prefix suffix graph construction,1,0.0002
line and point checks,1,0.0002
custom edge cost function,1,0.0002
queue list,1,0.0002
large factorial precomputation,1,0.0002
tree or state space traversal,1,0.0002
brute force with bitmask,1,0.0002
rollback mechanism,1,0.0002
pattern repetition analysis,1,0.0002
union find with expiration,1,0.0002
data structure reversion,1,0.0002
in degree and out degree,1,0.0002
prefix repetition,1,0.0002
stack like operations,1,0.0002
erdsrnyi theorem,1,0.0002
rotation and trajectory,1,0.0002
fast matrix multiplication for counting 4 cycles,1,0.0002
tree or binary tree,1,0.0002
sparse time handling,1,0.0002
ordered set or multiset,1,0.0002
priority queue turn based processing,1,0.0002
transformation invariance,1,0.0002
overlapping substring,1,0.0002
hashingcharacter counting,1,0.0002
efficient area tracking,1,0.0002
self intersection detection,1,0.0002
folding transformation,1,0.0002
gray string check,1,0.0002
efficient array repetition handling,1,0.0002
tree binary tree concepts,1,0.0002
breadth first search bfs with priority queue dijkstra like,1,0.0002
least common multiple lcf,1,0.0002
binary tree segment tree,1,0.0002
event based edge addition,1,0.0002
base conversion concepts,1,0.0002
multi layered dijkstra,1,0.0002
efficient subsequence algorithms,1,0.0002
minimum lcm calculation,1,0.0002
vertex processing,1,0.0002
critical path,1,0.0002
geometric hashing,1,0.0002
tree search bfs,1,0.0002
subarray contribution,1,0.0002
segment tree or binary indexed tree for range updates,1,0.0002
dynamic time constraints,1,0.0002
event based geometry,1,0.0002
tree structure matching,1,0.0002
topological thinking,1,0.0002
topological relations,1,0.0002
mex and median calculation,1,0.0002
critical elements,1,0.0002
segment tree binary indexed tree,1,0.0002
trie lexicographical order,1,0.0002
counting pairs with constraints,1,0.0002
union find optional for validation,1,0.0002
minimum spanning tree conceptual tree,1,0.0002
maximal bandwidth calculation,1,0.0002
heaps min and max,1,0.0002
two pass maximum collection,1,0.0002
integer flow constraints,1,0.0002
multiset or counting,1,0.0002
efficient search with hashing,1,0.0002
priority queue time management,1,0.0002
priority queue or queue,1,0.0002
max query in range,1,0.0002
efficient data representation,1,0.0002
segment tree or gcd properties,1,0.0002
edge flow constraints,1,0.0002
in degree,1,0.0002
segment folding mapping,1,0.0002
sparse time simulation,1,0.0002
q library usage,1,0.0002
tree or stack based sequence building,1,0.0002
exponential enumeration,1,0.0002
suffix automaton implicitly via position constraints,1,0.0002
recursive function counting,1,0.0002
dfs backtracking conceptual,1,0.0002
suffix array column wise counting,1,0.0002
hierarchical tiling,1,0.0002
row rearrangement,1,0.0002
line and curve properties,1,0.0002
permutation with constraints,1,0.0002
bounded range operations,1,0.0002
nested repetitions,1,0.0002
maximum product of two numbers,1,0.0002
binary lifting or lowest common ancestor lca,1,0.0002
efficient subarray enumeration,1,0.0002
bitmask simulation,1,0.0002
symmetry and pattern recognition,1,0.0002
flow network matching,1,0.0002
multiples calculation,1,0.0002
game theory board simulation,1,0.0002
minimum common multiple lcm,1,0.0002
efficient sievegeneration,1,0.0002
integer points on a line,1,0.0002
multi set analysis,1,0.0002
dynamic speed calculation,1,0.0002
periodic pattern matching,1,0.0002
prime number calculation,1,0.0002
edge capacity constraint,1,0.0002
prefix borders,1,0.0002
f2 arithmetic,1,0.0002
segment truncation,1,0.0002
minimum enclosing area,1,0.0002
counting valid intervals,1,0.0002
version control undo operations,1,0.0002
edge sorting,1,0.0002
minimum damage calculation,1,0.0002
priority queue ordering,1,0.0002
lowest common ancestor lct,1,0.0002
suffix based updates,1,0.0002
in degree and out degree check,1,0.0002
bfsdfs on tree,1,0.0002
efficient maximum product calculation,1,0.0002
prefix and suffix range queries,1,0.0002
minimum maximum analysis,1,0.0002
adjacency listmap,1,0.0002
color based movement,1,0.0002
edge addition for connectivity,1,0.0002
infinite knapsack,1,0.0002
edge classification in shortest path trees,1,0.0002
segment tree or efficient querying,1,0.0002
edge subset optimization,1,0.0002
digit subsequence check,1,0.0002
bridging implicit edges,1,0.0002
efficient edge representation,1,0.0002
row and column tracking,1,0.0002
tree subtree sum calculation,1,0.0002
karush kuhn tucker kkt conditions,1,0.0002
squaring the rectangle,1,0.0002
fermat numbers,1,0.0002
priority management,1,0.0002
heavy light decomposition hld or offline query processing,1,0.0002
set or map data structures,1,0.0002
tree or state space search,1,0.0002
segment tree or range updates,1,0.0002
geometry 2d grid,1,0.0002
trie or hash based state tracking,1,0.0002
edge utility check,1,0.0002
efficient date calculation,1,0.0002
efficient gap calculation,1,0.0002
event based state modeling,1,0.0002
plane and circle representation,1,0.0002
nested repetition,1,0.0002
disjoint set union dsu or event based propagation,1,0.0002
prefix suffix frequency count,1,0.0002
bounding shapes,1,0.0002
point set alignment,1,0.0002
bitmask comparison,1,0.0002
rotation and circles,1,0.0002
max bipartite matching,1,0.0002
disjoint set union dsu alternative,1,0.0002
priority queue alternative for time events,1,0.0002
efficient counting with prefix sums,1,0.0002
efficient sliding window,1,0.0002
speed and time analysis,1,0.0002
interval graph construction,1,0.0002
efficient graph connectivity,1,0.0002
berserk spell logic,1,0.0002
monotonic queue stack,1,0.0002
character tracking,1,0.0002
hypergraph theory,1,0.0002
efficient sliding window minimum,1,0.0002
prefixsuffix differences,1,0.0002
two pass bfsdfs,1,0.0002
enumerated search,1,0.0002
minimum difference in array,1,0.0002
subrectangle handling,1,0.0002
grouping by item size,1,0.0002
tree or stack based sequence tracking,1,0.0002
segment tree logic,1,0.0002
depth first search conceptual,1,0.0002
swaps handling,1,0.0002
automata aho corasick or subset dp,1,0.0002
prefix sum or difference array,1,0.0002
range sum,1,0.0002
geometric primitives,1,0.0002
proportional reasoning,1,0.0002
circle and arc calculation,1,0.0002
character pair removal,1,0.0002
dynamic programming for reconstruction,1,0.0002
efficient lcmsum check,1,0.0002
maximizing sum in a tree,1,0.0002
efficient lcm calculation,1,0.0002
multiplication table analysis,1,0.0002
graph direction optimization,1,0.0002
nested circles,1,0.0002
square submatrix detection,1,0.0002
trie or hashing for substring counting,1,0.0002
dfs union find disjoint set union,1,0.0002
dynamic bfs,1,0.0002
data structures dynamic updates,1,0.0002
backward traversal,1,0.0002
suffix array run length encoding,1,0.0002
3d grid manipulation,1,0.0002
graph traversal bfs or dfs,1,0.0002
bottleneck edge optimization,1,0.0002
multi criteria search,1,0.0002
subgrid iteration,1,0.0002
two hop connectivity,1,0.0002
efficient max calculation,1,0.0002
squaring the square,1,0.0002
tree trie,1,0.0002
game theory grid manipulation,1,0.0002
suffix array row wise counting,1,0.0002
data structures hashingmaps,1,0.0002
suffix automaton or interval management,1,0.0002
reduction to canonical form,1,0.0002
minmax query,1,0.0002
edge flow,1,0.0002
recursive subtrees,1,0.0002
summation of series,1,0.0002
recursive power calculation,1,0.0002
ranking and counting,1,0.0002
physics torque balance,1,0.0002
tree binary tree,1,0.0002
string matching analogous to elimination process,1,0.0002
suffix automaton interval constraints,1,0.0002
dynamic game states,1,0.0002
monotonic sequence constraints,1,0.0002
custom state representation,1,0.0002
prefix sum counting,1,0.0002
suffix automaton active constraints handling,1,0.0002
factorials and modulo arithmetic,1,0.0002
prime digit identification,1,0.0002
stack monotonic stack,1,0.0002
optimized lis with binary search,1,0.0002
maximum path in tree,1,0.0002
periodic subarray,1,0.0002
upward tree traversal,1,0.0002
minimum moves,1,0.0002
efficient tree query processing,1,0.0002
union find with dynamic connectivity,1,0.0002
mapdictionary data structure,1,0.0002
efficient sum counting,1,0.0002
segment tree or heap,1,0.0002
fraction composition,1,0.0002
minimum bounding perimeter,1,0.0002
multi set partition,1,0.0002
hashing or custom state encoding,1,0.0002
efficient xor operations,1,0.0002
sets and maps,1,0.0002
binary tree path finding,1,0.0002
efficient path manipulation,1,0.0002
modeling grids,1,0.0002
critical element analysis,1,0.0002
max area calculation,1,0.0002
bitwise representation,1,0.0002
tangent circles,1,0.0002
layered bfs,1,0.0002
exponential arithmetic,1,0.0002
optimal root selection,1,0.0002
potential calculation,1,0.0002
data structure set or array for availability check,1,0.0002
roots counting,1,0.0002
planar graph construction,1,0.0002
minimum lexicographical assignment,1,0.0002
maintaining maximum,1,0.0002
segment trees or euler tour,1,0.0002
fourier transform fft or kmp failure function,1,0.0002
tree sum subproblems,1,0.0002
floyd warshall or bellman ford cycle detection,1,0.0002
ccw counter clockwise check,1,0.0002
suffix automaton or z algorithm,1,0.0002
multiple sources bfsdfs,1,0.0002
priority queue best first search dijkstras variant,1,0.0002
gaussian lattice reduction,1,0.0002
logarithmic complexity,1,0.0002
non overlapping subsegments,1,0.0002
recursive state processing,1,0.0002
hypotenuse enumeration,1,0.0002
minimum height path,1,0.0002
latex output formatting,1,0.0002
semantic checking,1,0.0002
code self replication,1,0.0002
first set,1,0.0002
follow set,1,0.0002
tree ancestor path,1,0.0002
number of divisors,1,0.0002
canvas drawing,1,0.0002
layout algorithms,1,0.0002
hash map for file lookup,1,0.0002
tree for directories,1,0.0002
chess position representation,1,0.0002
state encoding,1,0.0002
variable length encoding,1,0.0002
object detection,1,0.0002
hex grid,1,0.0002
ambiguous grammar resolution,1,0.0002
suffix conjugation,1,0.0002
beta reduction,1,0.0002
rationalization,1,0.0002
surds,1,0.0002
suffix automaton or substring counting,1,0.0002
coordinate grid processing,1,0.0002
polygon dissection,1,0.0002
tiling and taping,1,0.0002
rhombus construction,1,0.0002
stable state computation,1,0.0002
hmac,1,0.0002
key derivation,1,0.0002
pbkdf2,1,0.0002
sha1,1,0.0002
eulers number calculation,1,0.0002
hypercube detection,1,0.0002
code minimization,1,0.0002
program self reference,1,0.0002
anti tampering,1,0.0002
baud rate,1,0.0002
processor clock rate,1,0.0002
sleep function,1,0.0002
timing,1,0.0002
efficient trailing zero removal,1,0.0002
efficient maxmin subarray counting,1,0.0002
event time analysis,1,0.0002
geometry region containment,1,0.0002
evenodd check,1,0.0002
2 connected components,1,0.0002
minimum flips,1,0.0002
unordered pairs counting,1,0.0002
merge of sequences,1,0.0002
efficient math operations,1,0.0002
efficient sieve segmented sieve,1,0.0002
minimum islands problem,1,0.0002
loop termination,1,0.0002
pi approximation,1,0.0002
math inequalities,1,0.0002
3d coordinate manipulation,1,0.0002
dynamic median maintenance,1,0.0002
minimum constraint optimization,1,0.0002
minimum priority queue,1,0.0002
efficient updates with post order traversal,1,0.0002
union find optional for connected components,1,0.0002
ascii character handling,1,0.0002
data structure array rotation,1,0.0002
path graph check,1,0.0002
big number construction,1,0.0002
dynamic handling of edges,1,0.0002
de bruijn graph optional for advanced optimization,1,0.0002
minimum median,1,0.0002
static analysis,1,0.0002
pipeline processing,1,0.0002
prefix masking,1,0.0002
multi source path finding,1,0.0002
efficient maximum square submatrix,1,0.0002
prefix and suffix queries,1,0.0002
sum of consecutive squares,1,0.0002
optimized on log n approach,1,0.0002
hashing md5,1,0.0002
in place array modification,1,0.0002
area of overlapping rectangles,1,0.0002
greedy algorithm for approximation,1,0.0002
factorial analysis,1,0.0002
maximum subarray query,1,0.0002
flood fill or preprocessing,1,0.0002
polygon minimum width,1,0.0002
greedy for optimization check,1,0.0002
line and plane geometry,1,0.0002
efficient nearest neighbor search,1,0.0002
minimum width of a region,1,0.0002
conditional logic without if,1,0.0002
hamiltonian cycle approximation,1,0.0002
traveling salesman problem tsp approximation,1,0.0002
dihedral group,1,0.0002
maximum bottleneck,1,0.0002
max two elements,1,0.0002
cyclic dependency detection,1,0.0002
symbol table hash map,1,0.0002
parsing and decoding,1,0.0002
maximum and minimum,1,0.0002
maximum range difference,1,0.0002
eulerian path edge addition,1,0.0002
simpsons formula,1,0.0002
3d surface area calculation,1,0.0002
shortest path strategy,1,0.0002
key validation,1,0.0002
prefix connectivity,1,0.0002
swaps with updates,1,0.0002
recursive operations,1,0.0002
comparative queries,1,0.0002
line collinearity check,1,0.0002
dynamic structure handling,1,0.0002
eertree palindromic tree,1,0.0002
zigzag subarray,1,0.0002
division handling,1,0.0002
max and xor operations,1,0.0002
cocircular points,1,0.0002
faster inputoutput,1,0.0002
fuel consumption modeling,1,0.0002
convergence acceleration,1,0.0002
double precision arithmetic,1,0.0002
intersection of languages,1,0.0002
shortest common string,1,0.0002
k edge connected graph,1,0.0002
optimized loops,1,0.0002
rmq range minimummaximum query,1,0.0002
fast and slow pointer,1,0.0002
fractal growth,1,0.0002
maximum weight clique,1,0.0002
cube unfolding,1,0.0002
subarraysubsequence analysis,1,0.0002
bsp tree,1,0.0002
depth sorting,1,0.0002
elgamal encryption,1,0.0002
generator finding,1,0.0002
multiplicative group,1,0.0002
safe prime,1,0.0002
gaussian elimination mod 2,1,0.0002
odd even degree constraints,1,0.0002
event based sorting,1,0.0002
floating point number handling,1,0.0002
monotone partitioning,1,0.0002
disjoint set union optional for tree representation,1,0.0002
hoare partition,1,0.0002
board game ai,1,0.0002
priority queue custom comparators,1,0.0002
set consistency,1,0.0002
rmaxq range maximum query,1,0.0002
rmq range minimum query,1,0.0002
union of rectangular prisms,1,0.0002
chamfer distance,1,0.0002
spiral grid generation,1,0.0002
overlapping range detection,1,0.0002
prefix length calculation,1,0.0002
execution time,1,0.0002
multi way merge sort,1,0.0002
data pipeline optimization,1,0.0002
rectangle area maximization,1,0.0002
pointermanipulation,1,0.0002
recursivealgorithms,1,0.0002
large quantities optimization,1,0.0002
prime and composite testing,1,0.0002
max path search,1,0.0002
differential constraints,1,0.0002
consensus,1,0.0002
round robin strategy,1,0.0002
json,1,0.0002
prefix mex calculation,1,0.0002
2d grid simulation,1,0.0002
data structure multi dimensional arrays,1,0.0002
minimum distance maximization,1,0.0002
checkmate verification,1,0.0002
jordan canonical form,1,0.0002
xml formatting,1,0.0002
manual datetime operations,1,0.0002
binary representation of time,1,0.0002
algebraic equivalence,1,0.0002
data flow edge cover,1,0.0002
unique identifier design,1,0.0002
structural comparison,1,0.0002
knuth morris pratt kmp optimization,1,0.0002
square root operations,1,0.0002
torus grid handling,1,0.0002
maximum area rectangle,1,0.0002
row processing,1,0.0002
filtering with constraints,1,0.0002
optimal guessing strategy,1,0.0002
permutation queries,1,0.0002
mean cycle,1,0.0002
directional tie breaking,1,0.0002
priority queue closest point calculation,1,0.0002
minimum per color,1,0.0002
ordered multiset,1,0.0002
minimum spanning tree mst approximation,1,0.0002
data structures listsdictionaries,1,0.0002
and operation,1,0.0002
boundary matching,1,0.0002
tiling conditions,1,0.0002
lru eviction,1,0.0002
dynamic programming approximate,1,0.0002
python data structures,1,0.0002
derangement calculation,1,0.0002
plane classification,1,0.0002
tree map map usage,1,0.0002
counting with state,1,0.0002
tree fixup operations,1,0.0002
efficient or calculation,1,0.0002
tree minimummaximum,1,0.0002
key decrease operation,1,0.0002
sliding window with deque optimization,1,0.0002
mutablemapping,1,0.0002
minimum query on path,1,0.0002
translation equivalence,1,0.0002
suffix automaton or frequency counting,1,0.0002
perfect hash function,1,0.0002
geospatial optimization,1,0.0002
held karp algorithm,1,0.0002
route scheduling,1,0.0002
dag properties,1,0.0002
line segment substitution,1,0.0002
sliding window technique,1,0.0002
time window processing,1,0.0002
multi dimensional data management,1,0.0002
data handling,1,0.0002
k sum problem,1,0.0002
efficient area coverage,1,0.0002
standardization,1,0.0002
utc handling,1,0.0002
relaxation process,1,0.0002
bidirectional dijkstra,1,0.0002
sha 512 hashing,1,0.0002
data serialization pickle,1,0.0002
custom state management,1,0.0002
edge weight comparison,1,0.0002
exponentiation optimization,1,0.0002
pattern preprocessing,1,0.0002
checkerboard pattern parsing,1,0.0002
counting minimum cuts,1,0.0002
time based expiry,1,0.0002
disjoint events,1,0.0002
diameter of a tree,1,0.0002
efficient substring operations,1,0.0002
slicing and reversing,1,0.0002
edge critical path analysis,1,0.0002
deterministic logic,1,0.0002
flow constraints,1,0.0002
polyline matching,1,0.0002
heuristic search a possible,1,0.0002
problem state representation,1,0.0002
sliding window on colors,1,0.0002
optimal connections,1,0.0002
linear functions,1,0.0002
point in circle testing,1,0.0002
trie or hash based substring search,1,0.0002
paper folding,1,0.0002
asymptotic complexity analysis,1,0.0002
enumeration optimization,1,0.0002
permutation routing,1,0.0002
lcg linear congruential generator,1,0.0002
data structures disjoint set union optional,1,0.0002
efficient edge removal handling,1,0.0002
fenwick tree with augmented data,1,0.0002
class number computation,1,0.0002
real time algorithms,1,0.0002
efficient prime factor counting,1,0.0002
segmented sieve for large n,1,0.0002
bit calculation,1,0.0002
sequence modeling,1,0.0002
inductive definitions,1,0.0002
integer range coverage,1,0.0002
recursive query processing,1,0.0002
tree or stack based structure,1,0.0002
efficient permutation manipulation,1,0.0002
perfect pairs,1,0.0002
cayley hamilton theorem,1,0.0002
dynamic programming on function transitions,1,0.0002
xml processing,1,0.0002
exponential growth calculation,1,0.0002
data structures listsarrays,1,0.0002
union operations,1,0.0002
leftist tree,1,0.0002
dynamic lis longest increasing subsequence,1,0.0002
dynamic graph algorithms,1,0.0002
set intersection on tree paths,1,0.0002
k minimum cuts,1,0.0002
nfadfa construction,1,0.0002
color based constraints,1,0.0002
farthest node queries,1,0.0002
segment gcd,1,0.0002
approximate diameter,1,0.0002
hashing or map,1,0.0002
segment tree or sparse evaluation,1,0.0002
shortest path problem,1,0.0002
range maximum constraints,1,0.0002
jit compilation,1,0.0002
user interface,1,0.0002
linked list doubly linked list,1,0.0002
data interpolation,1,0.0002
inverse distance weighting,1,0.0002
sorting and shuffling,1,0.0002
slicing tree,1,0.0002
encryption algorithms,1,0.0002
clique counting,1,0.0002
numeric manipulation,1,0.0002
enumerations,1,0.0002
data structure integration,1,0.0002
block multiplication optimization,1,0.0002
contest specific constraints handling,1,0.0002
neighbor counting optimization,1,0.0002
order maintenance,1,0.0002
greedy algorithm approximation context,1,0.0002
merge sort merge operation,1,0.0002
reverse in groups,1,0.0002
key exchange,1,0.0002
real time path replanning,1,0.0002
shortest path finding,1,0.0002
closest value,1,0.0002
area of union of circles,1,0.0002
list initialization,1,0.0002
struct parsing,1,0.0002
input output,1,0.0002
on log n complexity,1,0.0002
balanced tree insertion,1,0.0002
multi string alignment,1,0.0002
fibonacci heap sort,1,0.0002
hashtable,1,0.0002
maximum spanning forest,1,0.0002
path maximum with union find,1,0.0002
dynamic size tracking,1,0.0002
key color matching,1,0.0002
mathematics vector direction,1,0.0002
tuples and pairs,1,0.0002
suffix automaton string constraints,1,0.0002
memoization caching,1,0.0002
lazy update,1,0.0002
maximum edge in spanning tree,1,0.0002
dynamic programming for memoization,1,0.0002
segment tree with range updates,1,0.0002
multi agent coordination,1,0.0002
state marking,1,0.0002
efficient geometric algorithms,1,0.0002
assembly style programming,1,0.0002
branching,1,0.0002
conditional goto,1,0.0002
error resilience,1,0.0002
robust computation,1,0.0002
centroid decomposition optional for optimization,1,0.0002
efficient traversal bfsdfs,1,0.0002
permutation isomorphism,1,0.0002
balanced sum,1,0.0002
greedy approximate,1,0.0002
segment trees or efficient query processing,1,0.0002
efficient maximum xor,1,0.0002
counting overloaded nodes,1,0.0002
mos algorithm for query optimization,1,0.0002
union find with efficent max query,1,0.0002
non adaptive algorithms,1,0.0002
buddy memory allocation,1,0.0002
merge and split logic,1,0.0002
data movement,1,0.0002
path reduction,1,0.0002
excrt,1,0.0002
dynamic sequences,1,0.0002
electric circuits,1,0.0002
knuths up arrow notation,1,0.0002
duvals algorithm,1,0.0002
lexicographical construction,1,0.0002
lyndon word,1,0.0002
priority scheduling,1,0.0002
hex grid handling,1,0.0002
even cycle,1,0.0002
cryptographic key generation,1,0.0002
square and multiply algorithm,1,0.0002
avl tree or similar self balancing techniques,1,0.0002
monoid operations,1,0.0002
robot movement logic,1,0.0002
odd cycle covering,1,0.0002
bitmap rendering,1,0.0002
object composition,1,0.0002
transformation translation scaling rotation,1,0.0002
array reversal operations,1,0.0002
occurrence tracking,1,0.0002
heuristics eg nearest neighbor,1,0.0002
simple path counting,1,0.0002
prims or kruskals algorithm,1,0.0002
dynamic string processing,1,0.0002
segment sorting,1,0.0002
two color processing,1,0.0002
wave sort,1,0.0002
bit encoding,1,0.0002
two dimensional knapsack,1,0.0002
longest path analysis,1,0.0002
user authentication,1,0.0002
pointer validation,1,0.0002
efficient multiplication comparison,1,0.0002
strictly increasing subarray,1,0.0002
minimum maximum time calculation,1,0.0002
k edge connectivity,1,0.0002
topsort kahns algorithm,1,0.0002
fuel constraint,1,0.0002
dynamic maximum difference,1,0.0002
dichotomy binary search,1,0.0002
exponent expansion,1,0.0002
filtering candidates,1,0.0002
traveling salesman problem tsp euler tour,1,0.0002
inheritance check,1,0.0002
efficient generation of pairs,1,0.0002
k smallest elements,1,0.0002
ray line segment intersection,1,0.0002
number theory transform ntt,1,0.0002
dynamic list operations,1,0.0002
priority queue layered expansion,1,0.0002
best theorem,1,0.0002
logical operations nand,1,0.0002
balanced tree properties,1,0.0002
hub and authority scores,1,0.0002
personalization vector,1,0.0002
rectangular partitioning,1,0.0002
element update,1,0.0002
distance between polyhedra,1,0.0002
point to plane distance,1,0.0002
point in halfplane,1,0.0002
manual reversal,1,0.0002
function mapping,1,0.0002
public key cryptosystem,1,0.0002
efficient arithmetic for large numbers,1,0.0002
circuit logic replication,1,0.0002
combinational logic optimization,1,0.0002
redundancy design,1,0.0002
triple modular redundancy tmr,1,0.0002
minimum bounding strip,1,0.0002
babystep giantstep algorithm,1,0.0002
heuristic coloring,1,0.0002
polynomial validation,1,0.0002
custom addition,1,0.0002
max min subarray,1,0.0002
padding and formatting,1,0.0002
natural language processing nlp,1,0.0002
multidimensional scaling,1,0.0002
bitmap representation,1,0.0002
quadrant division,1,0.0002
k th maximum element,1,0.0002
safe evaluation,1,0.0002
mode tracking,1,0.0002
indexing strategy,1,0.0002
maximum submatrix,1,0.0002
deque or two pointers,1,0.0002
queen movement,1,0.0002
efficient data storage,1,0.0002
arithmetic computation,1,0.0002
segment tree or dynamic programming,1,0.0002
array subqueries,1,0.0002
3d dominance,1,0.0002
prefix subarray,1,0.0002
line segment comparison,1,0.0002
efficient counting of pairs,1,0.0002
hash map for location lookup,1,0.0002
maximum distance pair,1,0.0002
calendar simulation,1,0.0002
time based computation,1,0.0002
path sum optimization,1,0.0002
3d dominance problem,1,0.0002
commutative and associative operations,1,0.0002
functional data structures,1,0.0002
operator priority handling,1,0.0002
turn based simulation,1,0.0002
tree check,1,0.0002
priority queue for lexicographical tie breaking,1,0.0002
optimization for large numbers,1,0.0002
level based state tracking,1,0.0002
2d grid analysis,1,0.0002
efficient sum of squares check,1,0.0002
2d range search,1,0.0002
bit manipulation conceptual,1,0.0002
lowest common ancestor conceptual,1,0.0002
mode switch handling,1,0.0002
coprime pairs,1,0.0002
fast exponentiation for graphs,1,0.0002
setshashing,1,0.0002
suffix automaton or string sorting,1,0.0002
ellipse point inside check,1,0.0002
efficient batch operations,1,0.0002
2d prefixsuffix arrays,1,0.0002
efficient subarray analysis,1,0.0002
symmetry and mirroring,1,0.0002
priority queue direction priority,1,0.0002
suffix automaton concepts,1,0.0002
flood fill bfs,1,0.0002
multi level graph search,1,0.0002
efficient collision detection,1,0.0002
iterative transformations,1,0.0002
counting edges in shortest path forest,1,0.0002
efficient set management,1,0.0002
binary tree path,1,0.0002
dynamic game state analysis,1,0.0002
infinite process analysis,1,0.0002
subsequence sum calculation,1,0.0002
bitmask or string state representation,1,0.0002
value query,1,0.0002
minimum cost bipartite matching,1,0.0002
set or sorting,1,0.0002
problem specific state representation,1,0.0002
multi source data,1,0.0002
linecontainer convex hull trick,1,0.0002
edge importance calculation,1,0.0002
multiple edges handling,1,0.0002
physics snells law,1,0.0002
polygon projection,1,0.0002
multiset or dictionary,1,0.0002
efficient pair product search,1,0.0002
graph theory max weight path in dag,1,0.0002
system module usage,1,0.0002
string matching for path and vision comparison,1,0.0002
prefix suffix chains,1,0.0002
depth counting,1,0.0002
arc and circle segment handling,1,0.0002
logarithm in finite field,1,0.0002
line and point alignment check,1,0.0002
bitwise andor constraints,1,0.0002
line segment sphere intersection,1,0.0002
sieve of eratosthenes precomputation,1,0.0002
trie for efficient xor computation,1,0.0002
kinship calculation,1,0.0002
binary lifting or heavy light decomposition hld,1,0.0002
mode switch logic,1,0.0002
path packing,1,0.0002
two monotonic stacks,1,0.0002
parabola intersection,1,0.0002
moebius function,1,0.0002
counting fixed points,1,0.0002
counting with multiplicities,1,0.0002
data structures maps sets,1,0.0002
trajectory simulation,1,0.0002
custom priority queue,1,0.0002
sieve of eratosthenes for precomputing phi,1,0.0002
sparse table segment tree,1,0.0002
sliding window subarray enumeration,1,0.0002
trie for lexicographical ordering,1,0.0002
angle and coordinate conversion,1,0.0002
sum of powers,1,0.0002
multisetheap management,1,0.0002
cops and robber game,1,0.0002
polygon circle intersection,1,0.0002
prefix suffix path handling,1,0.0002
chain contraction,1,0.0002
bitmasking or hashing for pattern comparison,1,0.0002
multi level movement,1,0.0002
minimum orders,1,0.0002
custom mapping,1,0.0002
ratio consistency,1,0.0002
dynamic time states,1,0.0002
trie or prefix tree conceptual,1,0.0002
2d arraymatrix,1,0.0002
sliding window subarray counting,1,0.0002
set for state tracking,1,0.0002
wave propagation,1,0.0002
k flume assignment,1,0.0002
intersection of prisms,1,0.0002
2d grid logic,1,0.0002
lowest point under gravity,1,0.0002
inclusion in subarray,1,0.0002
disjoint time intervals,1,0.0002
multiset or frequency counting,1,0.0002
tuples as state representations,1,0.0002
point inclusion check,1,0.0002
tree based hash function,1,0.0002
cryptography encoding decoding,1,0.0002
minimum spanning tree conceptual tree structure,1,0.0002
data structures listdeque,1,0.0002
minimum diameter reduction,1,0.0002
efficient overlap handling,1,0.0002
backtracking optional for move validation,1,0.0002
optimal path calculation,1,0.0002
heuristic search a or dijkstras,1,0.0002
modular maze navigation,1,0.0002
dynamic game analysis,1,0.0002
bitmasking or logical inversion,1,0.0002
cycle merging,1,0.0002
cycle reversal,1,0.0002
positional state encoding,1,0.0002
kinship parsing,1,0.0002
prefix and suffix hashing,1,0.0002
binary lifting optional for optimization,1,0.0002
pattern simulation,1,0.0002
efficient pairwise calculation,1,0.0002
multiset dictionary,1,0.0002
ceiling function handling,1,0.0002
triemapping lookup,1,0.0002
tolerance to errors,1,0.0002
layer compression,1,0.0002
data structure lca,1,0.0002
3d grid search,1,0.0002
switch and state manipulation,1,0.0002
cycle manipulation,1,0.0002
greatest proper divisor,1,0.0002
efficient min max tracking,1,0.0002
shuffling operations,1,0.0002
binary lifting or euler tour,1,0.0002
minimizing length,1,0.0002
gravity and equilibrium,1,0.0002
segment tree or binary indexed tree for queries,1,0.0002
directional movement simulation,1,0.0002
bridges articulation points,1,0.0002
edge capacity management,1,0.0002
real number optimization,1,0.0002
linear algebra xor as vector space,1,0.0002
maintaining maximum difference,1,0.0002
binary jumping lca variant,1,0.0002
minimum spanning information,1,0.0002
event contribution,1,0.0002
two trees processing,1,0.0002
equilateral triangle properties,1,0.0002
multi source cost calculation,1,0.0002
prefixsuffix counting,1,0.0002
priority queue bfs with queue management,1,0.0002
multiplication pairs,1,0.0002
data structures hash mapset or 2d array,1,0.0002
tree or stack based traversal,1,0.0002
fast power sum calculation,1,0.0002
l systems,1,0.0002
3d path simulation,1,0.0002
hash function design,1,0.0002
triangular number check,1,0.0002
parity counting,1,0.0002
stack or list operations,1,0.0002
bouncing path simulation,1,0.0002
data structures mapstuples,1,0.0002
math absolute value function,1,0.0002
priority queue lexicographical bfs,1,0.0002
bitmask or set based state tracking,1,0.0002
minimum xor,1,0.0002
edge selection optimization,1,0.0002
multisource multisink flow,1,0.0002
data structures dictionarylists,1,0.0002
union find with expiry,1,0.0002
tree hierarchy,1,0.0002
segment tree array updates,1,0.0002
digit based enumeration,1,0.0002
arithmetic flow,1,0.0002
multi source and multi target analysis,1,0.0002
geometric rectangles,1,0.0002
segmentation lca,1,0.0002
line intersection check,1,0.0002
lazy propagation optional for updates,1,0.0002
sieve of eratosthenes for factorization,1,0.0002
minimum bounding triangle,1,0.0002
large numbers modular arithmetic,1,0.0002
stoichiometry,1,0.0002
clipping algorithms,1,0.0002
laminar sets,1,0.0002
floyd warshall or dijkstras for reachability,1,0.0002
tree or hierarchical structures,1,0.0002
custom lexical analysis,1,0.0002
lcmmodular arithmetic,1,0.0002
volume maximization,1,0.0002
data structure union find or dfs for tree processing,1,0.0002
prefix sum or subset constraints,1,0.0002
multi dimensional output formatting,1,0.0002
hashing dictionary or counter,1,0.0002
parentheses insertion,1,0.0002
energy based path optimization,1,0.0002
topological grid traversal,1,0.0002
prefixsuffix minimum,1,0.0002
heavy light decomposition optional advanced,1,0.0002
floyd warshall or bfsdfs,1,0.0002
priority queue implicit ordering,1,0.0002
ordered tree traversal,1,0.0002
point line relationships,1,0.0002
snake movement simulation,1,0.0002
cograph recognition,1,0.0002
die rotation,1,0.0002
python decorators,1,0.0002
linked list or set traversal,1,0.0002
polygon perimeter and area,1,0.0002
efficient numerical methods,1,0.0002
minimum spanning time,1,0.0002
xor grundy game sum,1,0.0002
trie for lex order,1,0.0002
speed constraints,1,0.0002
alphabet pattern,1,0.0002
infinite maze analysis,1,0.0002
geometric thinking,1,0.0002
distance properties in trees,1,0.0002
level based coloring,1,0.0002
parallel movement,1,0.0002
bitmasking or state encoding,1,0.0002
breadth first search with priority or bfs with levels,1,0.0002
minimum length construction,1,0.0002
set for obstacle storage,1,0.0002
segment non overlapping,1,0.0002
3d bfs position floor,1,0.0002
tree or hierarchical data structures,1,0.0002
efficient mex calculation,1,0.0002
mathematical puzzle,1,0.0002
semiprime factoring,1,0.0002
color detection,1,0.0002
context free languages,1,0.0002
pumping lemma,1,0.0002
efficient grid calculation,1,0.0002
infinite descent,1,0.0002
vieta jumping,1,0.0002
gregorian computus,1,0.0002
hash set boolean array,1,0.0002
dynamic decision making,1,0.0002
combinators,1,0.0002
color management,1,0.0002
algorithm visualization,1,0.0002
variable resolution,1,0.0002
torus handling,1,0.0002
combinator logic,1,0.0002
card game rules,1,0.0002
enumeration lookup tables,1,0.0002
priority queue min selection,1,0.0002
minimal construction,1,0.0002
sorting with constraints,1,0.0002
coordinate counting,1,0.0002
esoteric language simulation,1,0.0002
non deterministic computation,1,0.0002
formal proof generation,1,0.0002
cartesian plane geometry,1,0.0002
loop generation,1,0.0002
memoization dynamic programming,1,0.0002
set map data structures,1,0.0002
edge tracking,1,0.0002
balanced tree eg treeset in java,1,0.0002
hash map variables,1,0.0002
function parameters,1,0.0002
monochromatic check,1,0.0002
three sum problem,1,0.0002
custom data structure handling,1,0.0002
row and column updates,1,0.0002
time dependent pathfinding,1,0.0002
multi level data structures,1,0.0002
tree trie or map structure,1,0.0002
efficient grid toggling,1,0.0002
rectangle rotation,1,0.0002
svg path,1,0.0002
auxiliary space optimization,1,0.0002
genetic inheritance simulation,1,0.0002
triangle similarity,1,0.0002
node coloring,1,0.0002
full k ary tree properties,1,0.0002
upper bound calculation,1,0.0002
polygon shrinking,1,0.0002
straight skeleton,1,0.0002
prefix reuse,1,0.0002
minimum weight decomposition,1,0.0002
string substring processing,1,0.0002
frequent updates,1,0.0002
quadrant processing,1,0.0002
segment tree with sorting,1,0.0002
power towers,1,0.0002
reverse polish notation parsing,1,0.0002
second best minimum spanning tree,1,0.0002
encoding declaration check,1,0.0002
line joining validation,1,0.0002
python tokenize module,1,0.0002
efficient data removal,1,0.0002
collections listdict,1,0.0002
phoneme processing,1,0.0002
rule based algorithms,1,0.0002
syllabification,1,0.0002
angle bisectors,1,0.0002
dependency analysis,1,0.0002
file decoding,1,0.0002
md5 checksum verification,1,0.0002
path update on tree,1,0.0002
greiddy algorithms,1,0.0002
tree recoloring,1,0.0002
streaming file processing,1,0.0002
geodesic algorithms,1,0.0002
data parsing fasta,1,0.0002
binary indexed tree bit,1,0.0002
hard drive io optimization,1,0.0002
angle and velocity calculation,1,0.0002
hashing rolling hashrabin karp,1,0.0002
warehouse optimization,1,0.0002
filesystem operations,1,0.0002
date and time validation,1,0.0002
population dynamics,1,0.0002
anonymous functions,1,0.0002
lambda expressions,1,0.0002
recursion without direct self reference,1,0.0002
dynamic programming on layers,1,0.0002
multigraphs,1,0.0002
selection tournament selection,1,0.0002
line of sight visibility check,1,0.0002
data structures 2d grid,1,0.0002
invertible matrix check,1,0.0002
compressed bitmap,1,0.0002
multi level graph traversal,1,0.0002
reference handling,1,0.0002
landmark preprocessing,1,0.0002
utm conversion,1,0.0002
bst operations,1,0.0002
louvain method,1,0.0002
binary markers,1,0.0002
data assignment,1,0.0002
clone management,1,0.0002
group identification,1,0.0002
subsetsuperset check,1,0.0002
matplotlib visualization,1,0.0002
biclustering,1,0.0002
jaccard index,1,0.0002
matrix preprocessing,1,0.0002
spectral clustering,1,0.0002
modification sequencing,1,0.0002
mathematical series generation,1,0.0002
monotonic matrix,1,0.0002
labeling schemes,1,0.0002
low memory routing,1,0.0002
minimum cycle cover,1,0.0002
conditional path counting,1,0.0002
object identity handling,1,0.0002
ear clipping,1,0.0002
mode checking,1,0.0002
fault detection,1,0.0002
logical gates,1,0.0002
multi dimensional data processing,1,0.0002
maximum weight closure,1,0.0002
interval data structures,1,0.0002
data structures linked list or list,1,0.0002
integer coefficients,1,0.0002
prime polynomials,1,0.0002
numeric processing,1,0.0002
adjacency matrix representation,1,0.0002
dynamic programming on function composition,1,0.0002
subarray and subsequence problems,1,0.0002
manual splitting,1,0.0002
large number processing,1,0.0002
custom primality check,1,0.0002
boundary value problems,1,0.0002
pressure calculation,1,0.0002
catalan numbers generalized catalan,1,0.0002
inverse totient function,1,0.0002
line sweep on z axis,1,0.0002
circle and rectangle interaction,1,0.0002
custom class design,1,0.0002
longest contiguous segment,1,0.0002
truth teller and liar problems,1,0.0002
circle lattice points,1,0.0002
quadrant symmetry,1,0.0002
queue optimization,1,0.0002
electrical circuits,1,0.0002
kirchhoffs laws,1,0.0002
segment tree with strings,1,0.0002
contiguous block search,1,0.0002
householder reflections,1,0.0002
randomness testing,1,0.0002
cooperative game theory,1,0.0002
island problem,1,0.0002
big integer subtraction,1,0.0002
conversion between representations,1,0.0002
clockwise orientation,1,0.0002
k partition problem,1,0.0002
data structure bfsdfs,1,0.0002
setdictionary,1,0.0002
undoredo,1,0.0002
path prediction,1,0.0002
multi level state tracking,1,0.0002
dynamic programming on primes,1,0.0002
prefix path comparison,1,0.0002
multimapmap,1,0.0002
segmentation analysis,1,0.0002
system of linear equations over gf2,1,0.0002
ordering and searching,1,0.0002
graph condensation,1,0.0002
set reduction,1,0.0002
2 ear decomposition,1,0.0002
string concatenation patterns,1,0.0002
movement strategy,1,0.0002
observational insight,1,0.0002
combinatorial matching,1,0.0002
permutation indexing,1,0.0002
grid method,1,0.0002
subtree size,1,0.0002
rerooting technique,1,0.0002
grouping by key,1,0.0002
amortized data structures,1,0.0002
odt,1,0.0002
modulo,1,0.0002
segment tree beats,1,0.0002
prefix sum array,1,0.0002
fast zeta transform,1,0.0002
interactive query,1,0.0002
sum over subsets,1,0.0002
k core decomposition,1,0.0002
gomory hu tree,1,0.0002
minimal mean cycle,1,0.0002
data structures for order statistics,1,0.0002
mixed radix conversion,1,0.0002
partition refinement,1,0.0002
pohlig hellman algorithm,1,0.0002
lexicographic bfs,1,0.0002
previous occurrence array,1,0.0002
tree path counting,1,0.0002
small alphabet optimization,1,0.0002
minimum energy path,1,0.0002
multiple layers,1,0.0002
xor grundy values,1,0.0002
time line processing,1,0.0002
game theory on graphs,1,0.0002
wall detection,1,0.0002
ancestor mapping,1,0.0002
geometry time intervals,1,0.0002
suffix automaton or suffix array,1,0.0002
setmap hashing,1,0.0002
priority queue or bfs with ordering,1,0.0002
parity based propagation,1,0.0002
efficient top k combinations,1,0.0002
half plane separation,1,0.0002
setmap for cycle detection,1,0.0002
single elimination tournament,1,0.0002
ascents in sequences,1,0.0002
multiple days optimization,1,0.0002
data querying,1,0.0002
multi source bfs modified,1,0.0002
satisfiability checking,1,0.0002
radical axis,1,0.0002
minimum bounding polygon,1,0.0002
data structures tupleshashing,1,0.0002
logical filtering,1,0.0002
segment non interference,1,0.0002
efficient minimum distance,1,0.0002
nimbers sprague grundy theorem,1,0.0002
cut vertices bridges,1,0.0002
tetromino representation,1,0.0002
factorial processing,1,0.0002
looping with constraints,1,0.0002
basis binary,1,0.0002
efficient string repetition,1,0.0002
randomized path generation,1,0.0002
digit puzzles,1,0.0002
instruction encoding,1,0.0002
kth ancestor,1,0.0002
coordinate descent,1,0.0002
repetition check,1,0.0002
character classes,1,0.0002
iterative substring removal,1,0.0002
logical equivalences,1,0.0002
ascii art processing,1,0.0002
dynamic resource management,1,0.0002
popcount hamming weight,1,0.0002
segment tree or binary indexed tree optional for optimization,1,0.0002
randomized selection,1,0.0002
subgraph isomorphism,1,0.0002
character checking,1,0.0002
list zipping,1,0.0002
recursive data structure processing,1,0.0002
universal sequence construction,1,0.0002
coloring algorithm,1,0.0002
sector coverage,1,0.0002
prime number approximation,1,0.0002
chess endgame strategy,1,0.0002
assembly language emulation,1,0.0002
concurrent processes,1,0.0002
object identity,1,0.0002
constraints on turns,1,0.0002
precise calculation,1,0.0002
priority queue lexicographical ordering,1,0.0002
set logic,1,0.0002
bell polynomials,1,0.0002
faa di brunos formula,1,0.0002
higher order derivatives,1,0.0002
point enclosure,1,0.0002
conflict graph,1,0.0002
graph detection cycle,1,0.0002
prism intersection,1,0.0002
command merging,1,0.0002
cursor position tracking,1,0.0002
circle handling,1,0.0002
inter process communication,1,0.0002
process synchronization,1,0.0002
mirroring,1,0.0002
range query handling,1,0.0002
safe primes,1,0.0002
in place deduplication,1,0.0002
optimization with threshold,1,0.0002
matrix transformations,1,0.0002
magic hexagon,1,0.0002
planar regions,1,0.0002
csv writing,1,0.0002
merge sort for order statistics,1,0.0002
probability handling,1,0.0002
progression check,1,0.0002
advanced trees,1,0.0002
bfs optimization,1,0.0002
cumulative sum calculation,1,0.0002
mathematical formula evaluation,1,0.0002
serializationdeserialization,1,0.0002
fractal path traversal,1,0.0002
time windows constraints,1,0.0002
equivalence relations,1,0.0002
rotation and scaling,1,0.0002
data structures adjacency list or matrix,1,0.0002
parabolic trajectory,1,0.0002
state memoization,1,0.0002
authentication,1,0.0002
namespace handling,1,0.0002
network optimization,1,0.0002
binary trees prefix tree trie,1,0.0002
file decompression,1,0.0002
unique element filtering,1,0.0002
maximum subarray product,1,0.0002
minimum maximum stretch,1,0.0002
edge relaxation analysis,1,0.0002
file io operations,1,0.0002
hash search,1,0.0002
math square root,1,0.0002
cpu load balancing,1,0.0002
eigendecomposition,1,0.0002
hashing or mapping structures,1,0.0002
default value imputation,1,0.0002
daylight saving time handling,1,0.0002
dictionary iteration,1,0.0002
stock price calculation,1,0.0002
merge of bsts,1,0.0002
trie for efficient dictionary lookup,1,0.0002
sieve of eratosthenes for counting,1,0.0002
sympy library,1,0.0002
dynamic cost function,1,0.0002
state tracking bitmask or company id,1,0.0002
priority constraints,1,0.0002
custom tags,1,0.0002
minimum path length,1,0.0002
deletion fixup,1,0.0002
search bfsdfs,1,0.0002
recursion to iteration,1,0.0002
minimum votes calculation,1,0.0002
order calculation,1,0.0002
dynamic padding,1,0.0002
concurrentfutures,1,0.0002
text editing algorithms,1,0.0002
control flow with switch case,1,0.0002
spanning tree diameter,1,0.0002
word placement,1,0.0002
furrow management,1,0.0002
custom decoding,1,0.0002
value based key retrieval,1,0.0002
graph minors,1,0.0002
minimum and maximum closure,1,0.0002
bfs with priority queue dijkstras variant,1,0.0002
dice orientation simulation,1,0.0002
square root modulo,1,0.0002
decorator design pattern,1,0.0002
macro processing,1,0.0002
symbol replacement,1,0.0002
dynamic sorting,1,0.0002
count of maximal independent sets,1,0.0002
variable edge weights,1,0.0002
efficient search and update,1,0.0002
puzzle solvability check,1,0.0002
batch operations,1,0.0002
function construction,1,0.0002
text diffing,1,0.0002
centroid and orthocenter,1,0.0002
line merging,1,0.0002
multidimensional sorting,1,0.0002
redundancy analysis,1,0.0002
data structures trie optional for dictionary,1,0.0002
keyboard layout processing,1,0.0002
custom sorting avoidance,1,0.0002
python keyword handling,1,0.0002
bytecode decompilation,1,0.0002
multidimensional optimization,1,0.0002
branch prediction optimization,1,0.0002
braille encoding,1,0.0002
grid parsing,1,0.0002
permutation operations,1,0.0002
dynamic programming for state optimization,1,0.0002
contiguous subarray,1,0.0002
parallel operations,1,0.0002
3d bfs time as dimension,1,0.0002
shadow analysis,1,0.0002
backtracking or state exploration,1,0.0002
cube modeling,1,0.0002
rotation and orientation handling,1,0.0002
bridges in shortest path,1,0.0002
2d comparison,1,0.0002
multi agent state management,1,0.0002
weighted distribution,1,0.0002
cone unfolding,1,0.0002
maximum subgraph sum,1,0.0002
counting connected components,1,0.0002
breadth first search bfs with constraints,1,0.0002
multiple path constraints,1,0.0002
minimum matching,1,0.0002
efficient top k computation,1,0.0002
union find or interval intersection,1,0.0002
algorithms pattern matching,1,0.0002
algorithms sorting,1,0.0002
trie or substring processing,1,0.0002
multiple assignments,1,0.0002
efficient data mapping,1,0.0002
ascents in permutations,1,0.0002
gcd and modular inverses,1,0.0002
gcd and coprime numbers,1,0.0002
grid coloring parity check,1,0.0002
priority queue or sorting by time and id,1,0.0002
disjoint set union dsu or hashing,1,0.0002
ukkonens algorithm,1,0.0002
sieve for divisibility checks,1,0.0002
operation transformation,1,0.0002
level based graph,1,0.0002
priority queue best first search a variant,1,0.0002
stringmatrix comparison,1,0.0002
suffix and prefix,1,0.0002
primality and factorization,1,0.0002
eulers sieve,1,0.0002
apollonius problem,1,0.0002
cycles in sequences,1,0.0002
low discrepancy methods,1,0.0002
lindstrmgesselviennot lemma,1,0.0002
large range summation,1,0.0002
sieve of eratosthenes for small k,1,0.0002
absolute value tracking,1,0.0002
fast fourier transform fft convolution,1,0.0002
dynamic state bitmask or set,1,0.0002
mathematical parity,1,0.0002
tree based hashing,1,0.0002
edge processing with priority,1,0.0002
logic simulation,1,0.0002
recursive design,1,0.0002
edge weight transformation,1,0.0002
adaptive state modeling,1,0.0002
minimum diameter of a tree,1,0.0002
bitmasking or binary representation,1,0.0002
backtracking optional,1,0.0002
mathematical inference,1,0.0002
line interval processing,1,0.0002
efficient counting with hashing,1,0.0002
custom state tracking,1,0.0002
automata trie aho corasick,1,0.0002
priority queue for lexicographical order,1,0.0002
plane and circle intersection,1,0.0002
bipartitegraph,1,0.0002
graphreduction,1,0.0002
mincostflow,1,0.0002
inversion count parity,1,0.0002
transformations mirror and rotation,1,0.0002
observation based solution,1,0.0002
custom mappings,1,0.0002
argument count dispatch,1,0.0002
hierarchical traversal subordinates count,1,0.0002
search boss identification,1,0.0002
low precision tolerance handling,1,0.0002
product of subarray,1,0.0002
occurrence counting,1,0.0002
efficient comparison handling,1,0.0002
balanced trees or ordered sets,1,0.0002
farthest node calculation,1,0.0002
square root counting,1,0.0002
character ranges,1,0.0002
integer encoding,1,0.0002
grid path problems,1,0.0002
environment setup,1,0.0002
r programming,1,0.0002
arithmetic tree,1,0.0002
isomorphism handling,1,0.0002
digit sequencing,1,0.0002
alphabet cycling,1,0.0002
deterministic simulation,1,0.0002
transformation mirroring,1,0.0002
commutator calculation,1,0.0002
l tromino tiling,1,0.0002
spheres intersection,1,0.0002
trilateration,1,0.0002
queue set operations,1,0.0002
mathematical constructs,1,0.0002
language simulation,1,0.0002
digit removal optimization,1,0.0002
square root of matrix,1,0.0002
topological sorting conceptual,1,0.0002
code parsing,1,0.0002
web api,1,0.0002
in place doubly linked list conversion,1,0.0002
slope and line representation,1,0.0002
linear algebra on binary fields,1,0.0002
segment tree or deque,1,0.0002
minimum conditions,1,0.0002
invertible state,1,0.0002
mathematical game theory,1,0.0002
bottleneck flow,1,0.0002
balancing equations,1,0.0002
data structure initialization,1,0.0002
greedy or exact cover algorithms,1,0.0002
line and angle calculations,1,0.0002
aks primality test properties,1,0.0002
similarity transformation,1,0.0002
mapping protocol,1,0.0002
polygon navigation,1,0.0002
automata construction,1,0.0002
expression construction,1,0.0002
sheffer stroke,1,0.0002
k vertex connectivity,1,0.0002
minimum mean cycle,1,0.0002
quadrants processing,1,0.0002
chord detection,1,0.0002
segment tree alternative approach,1,0.0002
coordinate extraction,1,0.0002
hybrid data structures,1,0.0002
backjumping,1,0.0002
pythonic programming,1,0.0002
binary masking,1,0.0002
dual simplex method,1,0.0002
dynamic programming if applicable,1,0.0002
low level optimization,1,0.0002
data logging,1,0.0002
privacy compliance,1,0.0002
rsa decryption,1,0.0002
all pairs max flow,1,0.0002
linear path processing,1,0.0002
maphash table,1,0.0002
game state representation,1,0.0002
2 opt heuristic,1,0.0002
efficient recurrence,1,0.0002
two pointers concept,1,0.0002
merge sort linked list based,1,0.0002
coordinate alignment,1,0.0002
multiplicative optimization,1,0.0002
greedy with backtracking,1,0.0002
multi set assignment,1,0.0002
prefix suffix range updates,1,0.0002
composite scoring,1,0.0002
set based processing,1,0.0002
word to number conversion,1,0.0002
monte carlo tree search,1,0.0002
upper confidence bound,1,0.0002
weighted mean calculation,1,0.0002
dynamic hash table,1,0.0002
correctness verification,1,0.0002
python built in evaluation,1,0.0002
voting systems,1,0.0002
custom digit representation,1,0.0002
stock trading strategy,1,0.0002
brainf bf programming,1,0.0002
zero adjustment,1,0.0002
black height calculation,1,0.0002
counting minimum spanning tree variants,1,0.0002
range splitting,1,0.0002
closest points calculation,1,0.0002
minkowski distance,1,0.0002
modulo 2 operations,1,0.0002
towers of hanoi variation,1,0.0002
closure under multiplication,1,0.0002
lfu eviction policy,1,0.0002
unique path weights,1,0.0002
structural isomorphism,1,0.0002
two passes left to right and right to left,1,0.0002
gregorian to julian and vice versa,1,0.0002
optimal tree construction,1,0.0002
rigid body statics,1,0.0002
circular obstacle handling,1,0.0002
compass heading calculation,1,0.0002
data structures mapsqueues,1,0.0002
edge eviction,1,0.0002
exponentiation tower parsing,1,0.0002
bitmasking conceptual,1,0.0002
fraction rounding,1,0.0002
dynamic time constraint,1,0.0002
google cloud storage,1,0.0002
2d plane region processing,1,0.0002
thermal equilibrium,1,0.0002
maximum element in subarray,1,0.0002
regular polygon check,1,0.0002
isosceles right triangle,1,0.0002
suffix computation,1,0.0002
rotation of shapes,1,0.0002
knot detection,1,0.0002
keplers laws,1,0.0002
positional analysis,1,0.0002
greedy algorithm approximate,1,0.0002
angle maximization,1,0.0002
decimal manipulation,1,0.0002
digit sum computation,1,0.0002
polar form conversion,1,0.0002
submatrix sum calculation,1,0.0002
hanoi like problem,1,0.0002
analysis of tree properties,1,0.0002
cycle generation,1,0.0002
floyd warshall or bellman ford for shortest paths,1,0.0002
efficient sieve for range queries,1,0.0002
line properties,1,0.0002
polygon translation,1,0.0002
two dimensional dominance,1,0.0002
2d coordinate manipulation,1,0.0002
dynamic programming 0 1 knapsack,1,0.0002
circular segment analysis,1,0.0002
prefixsuffix conditions,1,0.0002
k ary search,1,0.0002
hashing set for tracking visited states,1,0.0002
hash mapfrequency count,1,0.0002
floyd warshall or bfs,1,0.0002
graph traversal bfsdfs indirectly,1,0.0002
square free reduction,1,0.0002
proportional length check,1,0.0002
fridays calculation,1,0.0002
rule based classification,1,0.0002
2d dominance counting,1,0.0002
tree doubling,1,0.0002
trie or prefix search,1,0.0002
monotonic sequence analysis,1,0.0002
bounded digit dp,1,0.0002
bitmask or set based search,1,0.0002
karnaugh map concepts,1,0.0002
quine mccluskey method,1,0.0002
equilateral triangle,1,0.0002
minimum enclosing triangle,1,0.0002
tuples and hashing for state representation,1,0.0002
binary weight optimization,1,0.0002
placeholders,1,0.0002
monte carlo integration conceptual,1,0.0002
frequency based processing,1,0.0002
bfs or dfs for exponent search,1,0.0002
hashing eg state representation,1,0.0002
line distance calculations,1,0.0002
monotonic behavior,1,0.0002
alternating turn strategy,1,0.0002
event modeling,1,0.0002
xor subset basis,1,0.0002
linear programming feasibility check,1,0.0002
histogram traversal,1,0.0002
transformation of graph properties,1,0.0002
bitmask or set operations,1,0.0002
priority queue bfs with queue,1,0.0002
renaming optimization,1,0.0002
competitive scoring,1,0.0002
path aggregation,1,0.0002
3d or 4d state tracking,1,0.0002
time travel data structure,1,0.0002
grid maze,1,0.0002
trie decision tree,1,0.0002
edge selection criteria,1,0.0002
tree and cactus structures,1,0.0002
partial fractions,1,0.0002
problem optimization,1,0.0002
priority queue best first search greedy,1,0.0002
state propagation,1,0.0002
strong bridges,1,0.0002
bottleneck path problem,1,0.0002
dispatch table,1,0.0002
karps algorithm,1,0.0002
precomputation of factorials,1,0.0002
steiner chain,1,0.0002
small value range,1,0.0002
k shortest path,1,0.0002
color refinement,1,0.0002
point set symmetry,1,0.0002
previous occurrence tracking,1,0.0002
combinatorial dynamic programming,1,0.0002
arc length calculation,1,0.0002
modular square root,1,0.0002
linear algebra difference constraints,1,0.0002
efficient math calculations,1,0.0002
filter logic,1,0.0002
periodic pattern analysis,1,0.0002
line rendering,1,0.0002
regex exploitation,1,0.0002
velocity control,1,0.0002
parsing nested structures,1,0.0002
image analysis,1,0.0002
template design,1,0.0002
polynomial time algorithms,1,0.0002
chunk parsing,1,0.0002
crc32 checksum,1,0.0002
png specification,1,0.0002
integer lattice,1,0.0002
formula application,1,0.0002
color mixing,1,0.0002
two pass pathfinding,1,0.0002
natural number representation,1,0.0002
minimum cost modification,1,0.0002
number spiral,1,0.0002
io optimization,1,0.0002
performance tuning,1,0.0002
color space analysis,1,0.0002
pixel prediction,1,0.0002
large range iteration,1,0.0002
sum of natural numbers,1,0.0002
boolean expressions,1,0.0002
optimal distribution,1,0.0002
decomposition,1,0.0002
alphabet cyclic distance,1,0.0002
mst on line graph,1,0.0002
star representation,1,0.0002
long division method,1,0.0002
byte counting,1,0.0002
conditional propagation,1,0.0002
term manipulation,1,0.0002
edge disjoint spanning trees,1,0.0002
range maximum and minimum,1,0.0002
dynamic systems,1,0.0002
numerical simulation,1,0.0002
component based optimization,1,0.0002
chakravala method,1,0.0002
stack evaluation,1,0.0002
forced win check,1,0.0002
digit substitution,1,0.0002
efficient insertdeletequery,1,0.0002
order statistics data structure,1,0.0002
self descriptive numbers,1,0.0002
loggingdebugging,1,0.0002
algebraic operations,1,0.0002
deterministic game analysis,1,0.0002
support vector machine,1,0.0002
crossword puzzle,1,0.0002
alphanumeric parsing,1,0.0002
catalan like sequences,1,0.0002
arithmetic overflow detection,1,0.0002
multi day optimization,1,0.0002
comparison checking,1,0.0002
physics based modeling,1,0.0002
bentley ottmann algorithm,1,0.0002
event queue,1,0.0002
efficient key generation,1,0.0002
recursive cutting,1,0.0002
hashing and dictionary manipulation,1,0.0002
term combination,1,0.0002
insertion in b tree,1,0.0002
partitioning algorithms,1,0.0002
routing problems,1,0.0002
python libraries itertools collections math,1,0.0002
support counting,1,0.0002
buckets or lists,1,0.0002
minimum cost cycle cover,1,0.0002
inclusionexclusion logic,1,0.0002
deletion with merging,1,0.0002
insertion with splitting,1,0.0002
cryptography sha1,1,0.0002
dynamic heuristic weighting,1,0.0002
traffic analysis,1,0.0002
efficient undoredo,1,0.0002
standard scaling,1,0.0002
word frequency vectors,1,0.0002
dequeue operations,1,0.0002
minimum cost cycle,1,0.0002
greedy choice property,1,0.0002
dynamic operations handling,1,0.0002
similar sequence matching,1,0.0002
minimum spanning tree not directly used but related concepts,1,0.0002
factors computation,1,0.0002
transformation optimization,1,0.0002
data privacy,1,0.0002
dynamic programming for path value maximization,1,0.0002
priority queue or dijkstras algorithm for weighted shortest path,1,0.0002
breadth first search bfs dijkstras algorithm,1,0.0002
hash map simulation,1,0.0002
real time data adjustment,1,0.0002
bridges and 2 edge connected components,1,0.0002
iterative deepening dfs iddfs,1,0.0002
offline computation,1,0.0002
tensor addition,1,0.0002
custom multiplication algorithm,1,0.0002
rank and select operations,1,0.0002
data scaling,1,0.0002
instruction set design,1,0.0002
low level operations,1,0.0002
register management,1,0.0002
elementtree,1,0.0002
namespaces handling,1,0.0002
xpath queries,1,0.0002
geometric data processing,1,0.0002
pheromone update,1,0.0002
data mining,1,0.0002
itemset projection,1,0.0002
prefix based search,1,0.0002
binary transmission,1,0.0002
distributed communication,1,0.0002
frequency manipulation,1,0.0002
prime number application,1,0.0002
point visibility,1,0.0002
contour line calculation,1,0.0002
weighted average calculation,1,0.0002
time unit conversion,1,0.0002
cartesianproduct,1,0.0002
electrical network analysis,1,0.0002
equivalent impedance calculation,1,0.0002
transformations in graphs,1,0.0002
maximum subarray kadanes algorithm,1,0.0002
efficient volume calculation,1,0.0002
recursive tree generation,1,0.0002
custom number theory,1,0.0002
h number system,1,0.0002
validation of pattern,1,0.0002
deterministic movement,1,0.0002
double visit rule,1,0.0002
color theory,1,0.0002
visualization optional,1,0.0002
ida iterative deepening a,1,0.0002
exponential time complexity,1,0.0002
polynomial time complexity,1,0.0002
circle blast radius detection,1,0.0002
circular area calculation,1,0.0002
iso week number,1,0.0002
square traversal,1,0.0002
type generics,1,0.0002
sum of matrix elements,1,0.0002
day of the week calculation,1,0.0002
julian calendar,1,0.0002
polygon overlap,1,0.0002
invariance,1,0.0002
np hard approximation,1,0.0002
reverse and rotate tracking,1,0.0002
token counting,1,0.0002
indentation validation,1,0.0002
python grammar rules,1,0.0002
binary lifting possible,1,0.0002
binary search possible,1,0.0002
bitmasking possible,1,0.0002
labeling,1,0.0002
prefix sum possible,1,0.0002
segment tree with hashing,1,0.0002
torque calculation,1,0.0002
max area triangle,1,0.0002
memory mapping,1,0.0002
mmap,1,0.0002
priority queue or multi level queue,1,0.0002
sequential check,1,0.0002
efficient number construction,1,0.0002
xor grundys game strategy,1,0.0002
realization of graph degrees,1,0.0002
permutation of operations,1,0.0002
data type resolution,1,0.0002
infinite sequence handling,1,0.0002
symmetric game analysis,1,0.0002
maphashmap,1,0.0002
3d spatial reasoning,1,0.0002
heavy query optimization,1,0.0002
segmented sieve for large k,1,0.0002
intersection of geometric regions,1,0.0002
hashing or state compression,1,0.0002
reduction of expressions,1,0.0002
longest path in dag with cycles handling,1,0.0002
parsing and validation,1,0.0002
custom token generation,1,0.0002
hashing for input parsing,1,0.0002
graph traversal bfsdfs indirectly applicable,1,0.0002
union find disjoint set union indirectly applicable,1,0.0002
multi agent state representation,1,0.0002
efficient inversion,1,0.0002
fast fourier transform fft indirect,1,0.0002
speed constraint,1,0.0002
minimum covering set,1,0.0002
bitmasking for small constraints,1,0.0002
polygon in circle check,1,0.0002
trie implicit via bitmask,1,0.0002
permutation of operators,1,0.0002
hashing or grid binning,1,0.0002
data structure lca lowest common ancestor,1,0.0002
multi rooted tree processing,1,0.0002
arraylist processing,1,0.0002
linked list map traversal,1,0.0002
cube symmetry,1,0.0002
set operations unionintersection,1,0.0002
stack inspection,1,0.0002
time position modeling,1,0.0002
hash map for variables,1,0.0002
overlay analysis,1,0.0002
lexicographical permutation analysis,1,0.0002
multiple root processing,1,0.0002
graph min cut,1,0.0002
tree bipartite graph,1,0.0002
bitmasking or coordinate based state encoding,1,0.0002
counting with hashing,1,0.0002
max flow min cost,1,0.0002
suffix automaton repeated substring detection,1,0.0002
nested list manipulation,1,0.0002
link cut tree advanced,1,0.0002
turn direction calculation,1,0.0002
transformation problems,1,0.0002
stack based language,1,0.0002
tape based memory,1,0.0002
lcmprime factorization,1,0.0002
hanoi tower variant,1,0.0002
bitwise modulo arithmetic,1,0.0002
dynamic data structure manipulation,1,0.0002
nested list processing,1,0.0002
combinatorial selection,1,0.0002
arithmetic and fractions,1,0.0002
path representation,1,0.0002
event sweepline,1,0.0002
square free transformation,1,0.0002
recursive string construction,1,0.0002
toroidal movement,1,0.0002
priority queue for noise accumulation,1,0.0002
2d plane,1,0.0002
argument based dispatch,1,0.0002
two sequences construction,1,0.0002
recursive formulas,1,0.0002
grid geometry,1,0.0002
recursive decompression,1,0.0002
suffix automaton string comparison,1,0.0002
gcd totient function,1,0.0002
set operations intersectionunion,1,0.0002
suffix automaton alternative,1,0.0002
z algorithm alternative,1,0.0002
efficient edge construction,1,0.0002
tree reconfiguration,1,0.0002
boss subordinate hierarchy,1,0.0002
lowest point detection,1,0.0002
segment tree or link cut tree,1,0.0002
segment tree or ordered map for counting,1,0.0002
path enclosure check,1,0.0002
bouquet enumeration,1,0.0002
subarray disjoint check,1,0.0002
data structures union find or state tracking,1,0.0002
physics rigid body rotation,1,0.0002
priority queue min max selection,1,0.0002
longest path in dag approximate,1,0.0002
line analysis,1,0.0002
edit distance modification cost,1,0.0002
minimum distance tracking,1,0.0002
single elimination bracket,1,0.0002
sos dynamic programming,1,0.0002
graph reachability,1,0.0002
subset convolution,1,0.0002
amidakuji,1,0.0002
dancing links,1,0.0002
linear separation,1,0.0002
cauchy schwarz inequality,1,0.0002
bfs or dfs for component identification,1,0.0002
minimum debt cancellation,1,0.0002
map or dictionary usage,1,0.0002
permutation state encoding,1,0.0002
torus grid representation,1,0.0002
compressed sensing,1,0.0002
event based querying,1,0.0002
time interval arithmetic,1,0.0002
permutation alignment,1,0.0002
rotation matching,1,0.0002
circle sector optimization,1,0.0002
cyclotomic polynomials,1,0.0002
fenwick tree with additional techniques,1,0.0002
simple polygon check,1,0.0002
permutation encoding,1,0.0002
string to binary conversion,1,0.0002
minimum bottleneck,1,0.0002
unrooted tree to rooted tree conversion,1,0.0002
chemical reaction network,1,0.0002
next prime generation,1,0.0002
dynamic preprocessing,1,0.0002
symbolic integration,1,0.0002
2d and nd grid analysis,1,0.0002
geometric coverage,1,0.0002
loop fusion,1,0.0002
inductive proof,1,0.0002
string merging,1,0.0002
efficient subarray tracking,1,0.0002
md5 hash,1,0.0002
decoding algorithm,1,0.0002
balanced ternary representation,1,0.0002
tree implementation,1,0.0002
key deletion,1,0.0002
data counting,1,0.0002
hashingimmutability,1,0.0002
dual problem,1,0.0002
term matching,1,0.0002
deletion with rebalance,1,0.0002
insertion with rebalance,1,0.0002
address parsing,1,0.0002
outer join,1,0.0002
frustum culling,1,0.0002
data structures arrays or lists,1,0.0002
dynamic weight updates,1,0.0002
operations handling,1,0.0002
row and column sum queries,1,0.0002
merge and split operations,1,0.0002
xml logging,1,0.0002
date time parsing,1,0.0002
critical edge analysis,1,0.0002
maximizing node values,1,0.0002
speed and time calculation,1,0.0002
sha 1,1,0.0002
file system management,1,0.0002
fire avoidance,1,0.0002
bottleneck analysis,1,0.0002
rmse,1,0.0002
hashing caching,1,0.0002
height balanced tree check,1,0.0002
cubic equation,1,0.0002
character case conversion,1,0.0002
forking,1,0.0002
inter process communication ipc,1,0.0002
pipes,1,0.0002
zombie process prevention,1,0.0002
decimal addition,1,0.0002
set multiples processing,1,0.0002
sieve like inclusion,1,0.0002
ordered insertion,1,0.0002
execution time tracking,1,0.0002
mass and center of mass calculation,1,0.0002
numerical stability analysis,1,0.0002
concurrent data structures,1,0.0002
persistent summation,1,0.0002
heuristic evaluation,1,0.0002
union by rank or size,1,0.0002
circular sector area,1,0.0002
dynamic expansion,1,0.0002
key inference,1,0.0002
side channel attack,1,0.0002
dictionary hash table,1,0.0002
cloud storage integration,1,0.0002
maximize quadrilateral area,1,0.0002
hexadecimal and octal conversion,1,0.0002
largest prime less than or equal,1,0.0002
named groups,1,0.0002
approximate nearest neighbor,1,0.0002
closest point matching,1,0.0002
lock free algorithms,1,0.0002
simulated operations,1,0.0002
cubic equations,1,0.0002
trigonometric methods,1,0.0002
grid exploration,1,0.0002
foreign key relationships,1,0.0002
minimum cost operations,1,0.0002
3d maximum subarray,1,0.0002
trie or dictionary search,1,0.0002
image compression,1,0.0002
ordered set tree based,1,0.0002
leaf updates,1,0.0002
parameter updates,1,0.0002
mirror image calculation,1,0.0002
time based geometry,1,0.0002
minimum and maximum in subarrays,1,0.0002
hanoi problem variant,1,0.0002
card sorting,1,0.0002
honeycomb grid modeling,1,0.0002
tree based data structures fenwick tree or segment tree,1,0.0002
multiplicative logic,1,0.0002
consecutive number check,1,0.0002
breadth first search optimization,1,0.0002
trie or automaton for grammar checking,1,0.0002
union find disjoint set union dsu alternative,1,0.0002
edge minimization,1,0.0002
beautiful triple check,1,0.0002
proportional division check,1,0.0002
proportions and ratios,1,0.0002
data structures hashing dictionaries,1,0.0002
system module sys,1,0.0002
data structures mapshash maps,1,0.0002
probability and reachability analysis,1,0.0002
continuous optimization,1,0.0002
knuth optimization or convex hull trick,1,0.0002
trie or hashing for string lookup,1,0.0002
efficient pair sum checking,1,0.0002
adjacency matrixgrid traversal,1,0.0002
low precision tolerance,1,0.0002
minimum weight cover,1,0.0002
minimum and maximum subarray elements,1,0.0002
bishop diagonal properties,1,0.0002
state tracking cost budget,1,0.0002
wall follower algorithm,1,0.0002
galois field arithmetic,1,0.0002
priority queue optional for tracking order,1,0.0002
math geometry,1,0.0002
edge capacity,1,0.0002
automaton string matching,1,0.0002
permutation strategy,1,0.0002
fan shape coverage,1,0.0002
cluster stability,1,0.0002
prime field,1,0.0002
segmentation of sequences,1,0.0002
2d grid representation,1,0.0002
laminar set handling,1,0.0002
data structures stack map,1,0.0002
edge cactus,1,0.0002
efficient arithmetic progression handling,1,0.0002
mathematical identity,1,0.0002
disjoint set union optional for variants,1,0.0002
hashing or dictionary,1,0.0002
array rotation simulation,1,0.0002
minimum eccentricity point,1,0.0002
noise propagation simulation,1,0.0002
heuristic search a or dijkstra,1,0.0002
unordered mapset,1,0.0002
custom token renaming,1,0.0002
priority queue optional for tax calculation,1,0.0002
breadth first search with pruning,1,0.0002
tree set balanced bst or ordered map,1,0.0002
logical functions,1,0.0002
hashing or state encoding,1,0.0002
multi state tracking rock positions,1,0.0002
pipeline conflict checking,1,0.0002
circular tour,1,0.0002
xor and parity,1,0.0002
path avoidance,1,0.0002
competition logic,1,0.0002
binary tree reversal thinking,1,0.0002
linear algebra gauss elimination,1,0.0002
union find disjoint set union for indirect relationships,1,0.0002
optimal matching hungarian algorithm,1,0.0002
efficient counting with hash maps,1,0.0002
bitmasking or state transformation,1,0.0002
efficient state modeling,1,0.0002
event time handling,1,0.0002
bitmask or set based logic,1,0.0002
euler tour subtree range queries,1,0.0002
linear combinations,1,0.0002
two person path,1,0.0002
polyhedron intersection,1,0.0002
angle and direction calculation,1,0.0002
constraint modeling,1,0.0002
knapsack like optimization,1,0.0002
bitmasking or state compression,1,0.0002
heuristic search for larger constraints,1,0.0002
multisetmap,1,0.0002
fenwick tree alternative,1,0.0002
coordinate decomposition,1,0.0002
graph union find disjoint set union,1,0.0002
indentation parsing,1,0.0002
priority queue lexicographical minimization,1,0.0002
maximum density,1,0.0002
probabilistic strategies,1,0.0002
data structures priority queue or set,1,0.0002
multi set constraints optimization,1,0.0002
bitwise xor properties,1,0.0002
dsu with relations,1,0.0002
crc,1,0.0002
prediction with expert advice,1,0.0002
data structures priority queue set,1,0.0002
meeting time optimization,1,0.0002
label encoding,1,0.0002
visited set management,1,0.0002
locks synchronization,1,0.0002
cpu cache optimization,1,0.0002
data locality,1,0.0002
macro substitution simulation,1,0.0002
dynamic update of graph,1,0.0002
2 opt optimization,1,0.0002
block matrix operations,1,0.0002
multi dimensional indexing,1,0.0002
toroidal array,1,0.0002
best fit,1,0.0002
worst fit,1,0.0002
custom rounding,1,0.0002
date and time conversion,1,0.0002
weak references,1,0.0002
ceilingfloor operations,1,0.0002
disjoint set union optional for subtree removal,1,0.0002
unbounded grid,1,0.0002
tracking transformations,1,0.0002
setqueue data structures,1,0.0002
efficient top m calculation,1,0.0002
boolean logic evaluation,1,0.0002
string compression lz4,1,0.0002
string decompression,1,0.0002
low link values,1,0.0002
dynamic grid changes,1,0.0002
installuninstall simulation,1,0.0002
game solving,1,0.0002
fenwick tree binary indexed tree optional optimization,1,0.0002
integer encodingdecoding,1,0.0002
syndrome decoding,1,0.0002
contiguous subarray manipulation,1,0.0002
json validation,1,0.0002
2 path search,1,0.0002
adjacency analysis,1,0.0002
face counting,1,0.0002
postfix expression evaluation,1,0.0002
register allocation,1,0.0002
binary decision trees,1,0.0002
adams method,1,0.0002
divisor calculation,1,0.0002
hamilton method,1,0.0002
jefferson method,1,0.0002
rounding methods,1,0.0002
webster method,1,0.0002
minimum and second minimum tracking,1,0.0002
control flow break statement,1,0.0002
2d subarray search,1,0.0002
ham sandwich theorem,1,0.0002
linear diophantine inequalities,1,0.0002
byte conversion,1,0.0002
ellipse properties,1,0.0002
substring repeats,1,0.0002
back projection,1,0.0002
strategy construction,1,0.0002
disassembler,1,0.0002
instruction decoding,1,0.0002
frequent pair counting,1,0.0002
dynamic execution,1,0.0002
reflection technique,1,0.0002
three dimensional grid,1,0.0002
character frequency constraints,1,0.0002
facility placement,1,0.0002
operation counting,1,0.0002
geometry euclidean distance,1,0.0002
priority queue concepts,1,0.0002
dynamic path cost,1,0.0002
text filtering,1,0.0002
data reuse,1,0.0002
computational number theory,1,0.0002
lll reduction,1,0.0002
optimal flip strategy,1,0.0002
multisethashing,1,0.0002
difference array or event processing,1,0.0002
lowest point calculation,1,0.0002
lexicographically smallest path,1,0.0002
circular and angular range queries,1,0.0002
event based sweeping line,1,0.0002
segment tree or fenwick tree for efficient range queries,1,0.0002
efficient math computations,1,0.0002
custom token matching,1,0.0002
mst primkruskal,1,0.0002
time and distance constraints,1,0.0002
minimum cost arborescence,1,0.0002
mst with modified edges,1,0.0002
meeting constraints,1,0.0002
character elimination,1,0.0002
dynamic programming on dp,1,0.0002
recursive process simulation,1,0.0002
rotation and angle comparison,1,0.0002
2 coloring bipartite matching,1,0.0002
efficient diagonal calculation,1,0.0002
data selection optimization,1,0.0002
contiguous segmentation,1,0.0002
suffix array prefix sum,1,0.0002
inclusion of substring,1,0.0002
minimum flow with constraints,1,0.0002
minimum norm selection,1,0.0002
big integer manipulation,1,0.0002
binary indexed tree fenwick tree or ordered set,1,0.0002
geometry coordinate alignment,1,0.0002
xor parity,1,0.0002
priority queue k th selection,1,0.0002
circular and angular ranges,1,0.0002
chessboard parity,1,0.0002
exhaustive search on small states,1,0.0002
centroid decomposition conceptual similarity,1,0.0002
positional value calculation,1,0.0002
time interval collision detection,1,0.0002
two heaps min max heap,1,0.0002
ramsey theory concepts,1,0.0002
leaf and internal node processing,1,0.0002
bracket sequence constraints,1,0.0002
bracket sequence properties,1,0.0002
efficient intersection counting,1,0.0002
piecewise function handling,1,0.0002
multi part path finding,1,0.0002
mst with extra nodes power stations,1,0.0002
polynomial comparison,1,0.0002
bitwise or set based comparison,1,0.0002
breadth first search bfs concepts,1,0.0002
segment obstacle collision detection,1,0.0002
queue bfs like,1,0.0002
biological computation,1,0.0002
optimal rearrangement,1,0.0002
automaton matching eg aho corasick,1,0.0002
maximum of minimums,1,0.0002
convex polygon transformation,1,0.0002
mst with constraints,1,0.0002
caterpillar graph recognition,1,0.0002
bitwise xor nim game,1,0.0002
line and collinearity,1,0.0002
segmented sieve optional for optimizations,1,0.0002
compressed state counting,1,0.0002
component summation,1,0.0002
custom scheduler logic,1,0.0002
modulo properties,1,0.0002
dijkstras algorithm modified,1,0.0002
time based transformation,1,0.0002
euler tour heavy light decomposition hld,1,0.0002
exponential growth patterns,1,0.0002
probability and simulation,1,0.0002
piecewise function integration,1,0.0002
segment integration,1,0.0002
2d range union,1,0.0002
mathematical transformations,1,0.0002
linear algebra basis concepts,1,0.0002
multi constrained optimization,1,0.0002
image stitching,1,0.0002
k th subset generation,1,0.0002
positional logic,1,0.0002
linear expectation,1,0.0002
data structures maps for factor tracking,1,0.0002
suffix minimum and tracking,1,0.0002
prefixsuffix constraints,1,0.0002
mst with custom edge costs,1,0.0002
hashing for variable mapping,1,0.0002
recursive dp,1,0.0002
data structure binary search,1,0.0002
dynamic noise propagation,1,0.0002
tree structure recursive splitting,1,0.0002
suffix array construction,1,0.0002
modeling swaps as edges,1,0.0002
2d plane movement,1,0.0002
ordered maptree,1,0.0002
hashing set tracking,1,0.0002
trie for banned builds,1,0.0002
priority queue queue with time based processing,1,0.0002
gcd and totient function,1,0.0002
2d grid reconstruction,1,0.0002
mathematical functions gcd totient,1,0.0002
priority queue queue with time layers,1,0.0002
symmetry transformation,1,0.0002
union find with additional data,1,0.0002
inputoutput manipulation,1,0.0002
runtime error handling,1,0.0002
output manipulation,1,0.0002
edge coverage,1,0.0002
langford sequence,1,0.0002
asteroidal triple detection,1,0.0002
interval graph recognition,1,0.0002
lexicographic breadth first search lbfs,1,0.0002
maximal clique ordering,1,0.0002
byte alignment,1,0.0002
region partitioning,1,0.0002
bigramtrigram modeling,1,0.0002
hashing hashset,1,0.0002
proportional scaling,1,0.0002
minimum cost maximum jumps,1,0.0002
monoid,1,0.0002
4 directional movement,1,0.0002
optimal array transformation,1,0.0002
minimum path bellman ford or spfa,1,0.0002
prime substring check,1,0.0002
complementary inclusion,1,0.0002
state tracking types visited,1,0.0002
inclusion of expectations,1,0.0002
big integers string handling,1,0.0002
bombs and timers,1,0.0002
bounded bfs,1,0.0002
data structure fenwick tree bit,1,0.0002
modified arrival time calculation,1,0.0002
lca validation,1,0.0002
splay tree or treap for reversal,1,0.0002
multisetcounting,1,0.0002
sign optimization,1,0.0002
segment tree or interval disjointness,1,0.0002
event alignment,1,0.0002
grammar recognition,1,0.0002
setinterval covering,1,0.0002
custom lexicon,1,0.0002
aperiodic tiling,1,0.0002
resource calculation,1,0.0002
bitmask or grid comparison,1,0.0002
trie or hashing for word lookup,1,0.0002
segment tree with range add and count,1,0.0002
algorithms operator overloading python,1,0.0002
multi source input handling,1,0.0002
digit frequency counting,1,0.0002
transformation invariants,1,0.0002
circle line distance,1,0.0002
backtracking implicit via pattern,1,0.0002
direction checking,1,0.0002
bruijn graph concept,1,0.0002
non decreasing array construction,1,0.0002
custom lexicon generation,1,0.0002
coordinate reflection,1,0.0002
bridges critical connections,1,0.0002
trie or set for pattern matching,1,0.0002
segment tree or 2d range queries,1,0.0002
periodic intervals,1,0.0002
efficient counting with preprocessing,1,0.0002
star shaped,1,0.0002
scheduling timing,1,0.0002
meeting avoidance,1,0.0002
tree set balanced bst or ordered data structure,1,0.0002
segment tree or interval union,1,0.0002
kmp failure function,1,0.0002
group counting,1,0.0002
dynamic graph construction,1,0.0002
contiguous subarray constraints,1,0.0002
recursive substructure,1,0.0002
computation,1,0.0002
segment obstacle intersection,1,0.0002
leaf node updates,1,0.0002
parameterized node evaluation,1,0.0002
monotonic process,1,0.0002
circle circle relations,1,0.0002
kosarajus algorithm or dfs,1,0.0002
probability and reachability,1,0.0002
simplification of debt,1,0.0002
linear algebra modulo 2 system,1,0.0002
color and number grouping,1,0.0002
minimum max edge weight,1,0.0002
geometry position calculation,1,0.0002
plane region analysis,1,0.0002
multi test case optimization,1,0.0002
line segment processing,1,0.0002
balance simplification,1,0.0002
term normalization,1,0.0002
vector geometry,1,0.0002
regular polygon geometry,1,0.0002
segment tree or range minimummaximum query,1,0.0002
set map for tracking visited cells,1,0.0002
skylines,1,0.0002
data structures queueevent list,1,0.0002
inverse transformation,1,0.0002
maximum clique approximation,1,0.0002
k th smallest,1,0.0002
balance reduction,1,0.0002
state tracking visited states with constraints,1,0.0002
hexagon layout,1,0.0002
rule based decision making,1,0.0002
codebook optimization,1,0.0002
compressed signals,1,0.0002
warnsdorffs algorithm,1,0.0002
parallel bit counting,1,0.0002
haar measure,1,0.0002
householder transformations,1,0.0002
orthogonal matrices,1,0.0002
random matrix generation,1,0.0002
uniform sampling,1,0.0002
plane equations,1,0.0002
polynomial inversion,1,0.0002
aes encryption,1,0.0002
network programming,1,0.0002
symmetric key cryptography,1,0.0002
stalemate detection,1,0.0002
reduction algorithm,1,0.0002
efficient formula implementation,1,0.0002
symmetric transformation,1,0.0002
cunningham chains,1,0.0002
union find optional for hierarchy,1,0.0002
ragged list processing,1,0.0002
sql interpretation,1,0.0002
mirror image transformation,1,0.0002
deterministic functions,1,0.0002
back and forth pathfinding,1,0.0002
imperfect information,1,0.0002
permutations with conditions,1,0.0002
alphabet construction,1,0.0002
time and angles calculation,1,0.0002
efficient deletion and update,1,0.0002
command line input,1,0.0002
first come first serve fcfs,1,0.0002
multi level queue scheduling,1,0.0002
multiple criteria processing,1,0.0002
max bipartite subgraph,1,0.0002
multi dimensional grid traversal,1,0.0002
analytical reasoning,1,0.0002
system of recurrences,1,0.0002
max area quadrilateral,1,0.0002
unique path construction,1,0.0002
beattys theorem,1,0.0002
unordered set hashing for state tracking,1,0.0002
inversion algorithms,1,0.0002
uniquely decodable,1,0.0002
concurrent execution,1,0.0002
numeric substring manipulation,1,0.0002
ad hoc strategy,1,0.0002
array reordering,1,0.0002
pairing logic,1,0.0002
minimum edits in graph,1,0.0002
autocompletion,1,0.0002
intersection of rectangles,1,0.0002
contiguous segment check,1,0.0002
prefix sum with tree traversal,1,0.0002
adaptive interactor,1,0.0002
set operations uniqueness,1,0.0002
line folding simulation,1,0.0002
grid validation,1,0.0002
traffic multiplier calculation,1,0.0002
minimum remaining values mrv,1,0.0002
file management,1,0.0002
closure of functional dependencies,1,0.0002
transitive dependency,1,0.0002
homomorphic decryption,1,0.0002
cache eviction policies,1,0.0002
nondeterministic computation,1,0.0002
state transition processing,1,0.0002
trellis automata simulation,1,0.0002
arithmetic and logical operators,1,0.0002
inputoutput simulation,1,0.0002
recursive function calls,1,0.0002
scope and variable handling,1,0.0002
deterministic pivot selection,1,0.0002
program synthesis,1,0.0002
recursive state splitting,1,0.0002
segment overlap,1,0.0002
system of linear inequalities,1,0.0002
mst with extra nodes,1,0.0002
plane point proximity,1,0.0002
slope constraints,1,0.0002
net validation,1,0.0002
binary tree reverse operations,1,0.0002
left hand rule,1,0.0002
maximum jumps,1,0.0002
segment tree or lazy propagation conceptual,1,0.0002
recursive bracket construction,1,0.0002
data structures trees dags,1,0.0002
subset management,1,0.0002
cost constraints,1,0.0002
multiple source shortest paths,1,0.0002
cycle avoidance,1,0.0002
settlement optimization,1,0.0002
multi layered problem solving,1,0.0002
time complexity constantlinear,1,0.0002
problem solving on trees,1,0.0002
brute force with sorting,1,0.0002
logarithmic comparisons,1,0.0002
fast exponentiation path compression,1,0.0002
digit by digit comparison,1,0.0002
area and perimeter calculation,1,0.0002
bitmasking or hashing for state tracking,1,0.0002
multi component optimization,1,0.0002
pascals triangle precomputation,1,0.0002
arraylist operations,1,0.0002
rolling cube,1,0.0002
quantum state manipulation,1,0.0002
hexadecimal number handling,1,0.0002
observation and mathematical insight,1,0.0002
bfs for bipartite graph,1,0.0002
two coloring bipartite matching,1,0.0002
euler tour cycle,1,0.0002
multi stage path finding,1,0.0002
line to point distance,1,0.0002
ordering points,1,0.0002
min max,1,0.0002
efficient transition,1,0.0002
monotonic subsequences,1,0.0002
backtracking for small cases,1,0.0002
data structures queueevent based,1,0.0002
cost constraint optimization,1,0.0002
line closest approach,1,0.0002
data structures segment trees or arrays,1,0.0002
mathematics geometry,1,0.0002
multiset set comparison,1,0.0002
heuristic search for large constraints,1,0.0002
next greater number,1,0.0002
regular bracket sequence analysis,1,0.0002
discrete event modeling,1,0.0002
consonant classification,1,0.0002
vowel handling,1,0.0002
minimum information determination,1,0.0002
segment tree with range queries,1,0.0002
brute force with precomputation,1,0.0002
2 connected graphs,1,0.0002
wqs binary search convex cost optimization,1,0.0002
instruction emulation,1,0.0002
counting permutations,1,0.0002
image segmentation,1,0.0002
bitmasking implicit or explicit,1,0.0002
optimal matching assignment problem,1,0.0002
merge sort inspired techniques,1,0.0002
polygon area calculations,1,0.0002
point and line relations,1,0.0002
ray reflection,1,0.0002
minimum days calculation,1,0.0002
interval,1,0.0002
inclusion of substrings,1,0.0002
setmap operations,1,0.0002
data structures maps classes,1,0.0002
string prefix suffix,1,0.0002
segment object intersection,1,0.0002
even cycle avoidance,1,0.0002
heuristic search if optimized with pruning,1,0.0002
conditional path traversal,1,0.0002
discrete events,1,0.0002
centering alignment,1,0.0002
data packing,1,0.0002
number encoding,1,0.0002
truth tellers and liars,1,0.0002
efficient serialization,1,0.0002
germain prime,1,0.0002
narcissistic number,1,0.0002
vampire number,1,0.0002
path drawing,1,0.0002
control systems,1,0.0002
polynomial stability,1,0.0002
byte array construction,1,0.0002
data compression deflate,1,0.0002
png format,1,0.0002
uuid generation,1,0.0002
ragged lists,1,0.0002
clause evaluation,1,0.0002
motzkin numbers,1,0.0002
lossless image output,1,0.0002
rgb color handling,1,0.0002
scope tracking,1,0.0002
whitespace reduction,1,0.0002
adaptive algorithm,1,0.0002
delay mechanism,1,0.0002
performance control,1,0.0002
dictionary access,1,0.0002
divmod,1,0.0002
exponentiation trees,1,0.0002
priority queue priority handling,1,0.0002
greedy replacement,1,0.0002
interval union find or overlap resolution,1,0.0002
custom alphabet generation,1,0.0002
indexing and positioning,1,0.0002
data structures dictionarieslists,1,0.0002
bipartite assignment,1,0.0002
unique substring check,1,0.0002
priority queue indirect,1,0.0002
priority rules,1,0.0002
counting with similarity,1,0.0002
merge algorithm,1,0.0002
trigram analysis,1,0.0002
datastructureimplementation,1,0.0002
jury selection,1,0.0002
minimum network cover,1,0.0002
network mask calculation,1,0.0002
line segment and sphere intersection,1,0.0002
line graph recognition,1,0.0002
least squares approximation,1,0.0002
cyclic polygon area calculation,1,0.0002
minimum tile calculation,1,0.0002
time complexity calculation,1,0.0002
wheel sieve,1,0.0002
merge cost minimization,1,0.0002
contiguous area analysis,1,0.0002
geometric volume computation,1,0.0002
ray mountain intersection,1,0.0002
on log n time,1,0.0002
trie for optimization,1,0.0002
line and plane properties,1,0.0002
graph with portals,1,0.0002
triple matching,1,0.0002
segmented sieve if needed for large n,1,0.0002
logical and operation,1,0.0002
subsequence product,1,0.0002
minimum maximum load,1,0.0002
parallel algorithm conceptual,1,0.0002
selection roulette wheeltournament,1,0.0002
boolean function equivalence,1,0.0002
qr code parsing,1,0.0002
efficient data access,1,0.0002
dynamic programming caching,1,0.0002
informed search,1,0.0002
dynamic intervals,1,0.0002
enclosure detection,1,0.0002
gps data processing,1,0.0002
bandwidth management,1,0.0002
dynamic programming on grids,1,0.0002
d ary heap,1,0.0002
guard placement,1,0.0002
minimum maximum risk,1,0.0002
efficient lis on log n,1,0.0002
dead code elimination,1,0.0002
update,1,0.0002
edge dominating set,1,0.0002
minimum weight subset,1,0.0002
dynamic programming for bounding,1,0.0002
priority queue implicit or explicit,1,0.0002
dynamic grid simulation,1,0.0002
garbage collection tuning,1,0.0002
dynamic function handling,1,0.0002
oct tree,1,0.0002
log transformation,1,0.0002
file buffering,1,0.0002
inventory optimization,1,0.0002
data archival,1,0.0002
array tracking,1,0.0002
unbounded knapsack with limits,1,0.0002
self balancing data structures,1,0.0002
edge betweenness centrality,1,0.0002
girvan newman algorithm,1,0.0002
autocomplete system,1,0.0002
python type hints,1,0.0002
logarithmic equations,1,0.0002
optimized on solution,1,0.0002
tree traversal inorder,1,0.0002
matrix symmetries,1,0.0002
time interval optimization,1,0.0002
deterministic computation,1,0.0002
fraud detection,1,0.0002
linear equations solving,1,0.0002
null handling,1,0.0002
split radix fft,1,0.0002
spiral movement,1,0.0002
math euclidean geometry,1,0.0002
efficient grid representation,1,0.0002
leaf tree construction,1,0.0002
lcs optimization,1,0.0002
cross section calculation,1,0.0002
lru cache strategy,1,0.0002
avl tree or similar balancing technique,1,0.0002
data structure verification,1,0.0002
disk io optimization,1,0.0002
pipe communication,1,0.0002
syntax generation,1,0.0002
modeling as bipartite graph,1,0.0002
dynamic stream processing,1,0.0002
sparse table or histogram method,1,0.0002
text and binary streams,1,0.0002
prefix transformation,1,0.0002
negative index handling,1,0.0002
circular arc interpolation,1,0.0002
in place transpose,1,0.0002
unique pairs,1,0.0002
itertoolspermutations,1,0.0002
3 regular graphs,1,0.0002
prefix sum with condition,1,0.0002
garsia wachs algorithm,1,0.0002
word wrapping,1,0.0002
closed form solution,1,0.0002
summation formulas,1,0.0002
cfl reachability,1,0.0002
directed minimum spanning tree,1,0.0002
containment checking,1,0.0002
path cost optimization,1,0.0002
priority queue or bfs with modified edges,1,0.0002
unweighted graph shortest path,1,0.0002
digit wise calculation,1,0.0002
heuristics optional for aiddfs,1,0.0002
shortest path in state space,1,0.0002
2d area calculation,1,0.0002
minimizing diameter,1,0.0002
outdegree constraint,1,0.0002
efficient sieve sieve of eratosthenes,1,0.0002
custom weight function,1,0.0002
imperfect game states,1,0.0002
circular and angular calculations,1,0.0002
minimum number of stops,1,0.0002
dynamic minimum tracking,1,0.0002
flood fill game strategy,1,0.0002
rooks placement,1,0.0002
multiple criteria path selection,1,0.0002
balance settlement,1,0.0002
minimummaximum queries,1,0.0002
multiple queries strategy,1,0.0002
x gate,1,0.0002
segment tree or array processing,1,0.0002
divisors precomputation,1,0.0002
lexicographical output formatting,1,0.0002
heuristics optional for a,1,0.0002
level analysis,1,0.0002
arithmetic analysis,1,0.0002
data structures maps for prime tracking,1,0.0002
bounded search bfs with constraints,1,0.0002
time complexity o1 or on for date iteration,1,0.0002
linear algebra linear basis,1,0.0002
efficient range overlap check,1,0.0002
efficient swapping strategy,1,0.0002
multi dimensional data structures,1,0.0002
algorithms operator overloading python specific,1,0.0002
prohibited subsequence check,1,0.0002
maximum path cover,1,0.0002
balance adjustment,1,0.0002
efficient math calculation,1,0.0002
minimization of comparisons,1,0.0002
boolean area coverage,1,0.0002
future lookahead,1,0.0002
heuristic search implicit in bfs,1,0.0002
data structures maps stacks,1,0.0002
prime number generation or checking,1,0.0002
planar embedding,1,0.0002
geometric connectivity,1,0.0002
algorithmic puzzles,1,0.0002
nested structure handling,1,0.0002
eigenvectors,1,0.0002
time delay,1,0.0002
efficient encoding,1,0.0002
recursive filtering,1,0.0002
fast exponentiation modular,1,0.0002
newton iteration,1,0.0002
lp norm,1,0.0002
overlap handling,1,0.0002
counting under constraints,1,0.0002
priority queue dijkstras variant,1,0.0002
taylor series generation,1,0.0002
multi layered state,1,0.0002
digital filter design,1,0.0002
fft analysis,1,0.0002
multiset coefficients,1,0.0002
ranking and unranking,1,0.0002
circle algorithm,1,0.0002
escaping,1,0.0002
quoting,1,0.0002
deterministic game,1,0.0002
perfect play strategy,1,0.0002
next prime search,1,0.0002
angle and orientation checks,1,0.0002
axis aligned squares,1,0.0002
primitive matrix check,1,0.0002
tree forest construction,1,0.0002
convex function,1,0.0002
multi robot pathfinding,1,0.0002
carry addition,1,0.0002
exchange rate optimization,1,0.0002
ray object collision,1,0.0002
segment plane intersection,1,0.0002
multi criteria spanning tree,1,0.0002
bi directional bfs,1,0.0002
parentheses validation,1,0.0002
public key encryption,1,0.0002
cycle completion,1,0.0002
dynamic programming state tracking,1,0.0002
conditional graph traversal,1,0.0002
python oop,1,0.0002
shortest path analysis,1,0.0002
ceiling division,1,0.0002
nested rectangles,1,0.0002
physics based optimization,1,0.0002
bodmas rule,1,0.0002
ternary heap,1,0.0002
recurrent sequences,1,0.0002
validation and error handling,1,0.0002
efficient geometric query,1,0.0002
prefix substrings,1,0.0002
splitting text,1,0.0002
tree longest path,1,0.0002
minimum number of edges to reverse,1,0.0002
merge algorithms,1,0.0002
majority element detection,1,0.0002
system of linear recurrences,1,0.0002
python optimization,1,0.0002
backward construction,1,0.0002
numpy array conversion,1,0.0002
bi directional traversal,1,0.0002
minimum cost construction,1,0.0002
balancing chemical equations,1,0.0002
dynamic values calculation,1,0.0002
filestream processing,1,0.0002
alternating order,1,0.0002
python syntax analysis,1,0.0002
geospatial indexing,1,0.0002
area maximization,1,0.0002
counting with tolerance,1,0.0002
user interaction simulation,1,0.0002
2d fft,1,0.0002
iterative fft,1,0.0002
weighted heuristic,1,0.0002
orientation queries,1,0.0002
hashing configuration tracking,1,0.0002
single elimination,1,0.0002
buffered reading,1,0.0002
complete graph construction,1,0.0002
bidirectional search optional for optimization,1,0.0002
hashing for visited states,1,0.0002
robust path planning,1,0.0002
polynomial approximation,1,0.0002
z score calculation,1,0.0002
file io validation,1,0.0002
inheritance,1,0.0002
node merging,1,0.0002
padding matrices,1,0.0002
multi criteria shortest path,1,0.0002
state tracking direction and turns,1,0.0002
data integration,1,0.0002
date range validation,1,0.0002
data structures eg adjacency list,1,0.0002
dcel doubly connected edge list,1,0.0002
planar straight line graph pslg,1,0.0002
planar subdivision,1,0.0002
python math functions,1,0.0002
expectation maximization algorithm,1,0.0002
memory mapped files,1,0.0002
time windowing,1,0.0002
dual heap,1,0.0002
first fit algorithm,1,0.0002
unique selection,1,0.0002
communication protocol design,1,0.0002
earth coordinates,1,0.0002
line segment division,1,0.0002
piecewise linear path traversal,1,0.0002
uniform region detection,1,0.0002
coprime calculation,1,0.0002
cosine distance,1,0.0002
height balance check,1,0.0002
constraint processing,1,0.0002
multi stage bfs,1,0.0002
piece movement logic,1,0.0002
family enumeration,1,0.0002
dunder methods,1,0.0002
object iteration,1,0.0002
in degree and out degree conditions,1,0.0002
just in time compilation,1,0.0002
palindrome mirror check,1,0.0002
periodic state handling,1,0.0002
exponential graph growth,1,0.0002
priority queue ordered processing,1,0.0002
cyclic subarray manipulation,1,0.0002
transformation of weights,1,0.0002
exponential growth modeling,1,0.0002
prefixsuffix maximum tracking,1,0.0002
lexicographic position calculation,1,0.0002
digit permutations,1,0.0002
session management,1,0.0002
power of two reshaping,1,0.0002
uniqueness identification,1,0.0002
monotonic path,1,0.0002
mathsqrt usage,1,0.0002
autocorrect,1,0.0002
odd order matrix,1,0.0002
hypercube division,1,0.0002
selection in unsorted array,1,0.0002
inference engine,1,0.0002
rule based system,1,0.0002
branching processes,1,0.0002
expansion by minors,1,0.0002
multiset map or dictionary,1,0.0002
dynamic data updates,1,0.0002
kdtree,1,0.0002
priority based processing,1,0.0002
state validation,1,0.0002
tic tac toe analysis,1,0.0002
2d maximum query,1,0.0002
shortest path with negative weights,1,0.0002
chain building,1,0.0002
hash set for cycle detection,1,0.0002
tree based structure,1,0.0002
range updates and point queries,1,0.0002
conditional path search,1,0.0002
logical inference,1,0.0002
tokenizer,1,0.0002
efficient power of transformation,1,0.0002
multi layered state space,1,0.0002
real number feasibility,1,0.0002
maximum area quadrilateral,1,0.0002
suffix array prefix suffix analysis,1,0.0002
transformation normalization,1,0.0002
minimum norm,1,0.0002
properties of graph cycles,1,0.0002
circular arrangements,1,0.0002
region intersection,1,0.0002
line spiral intersection,1,0.0002
code challenge,1,0.0002
magic cube construction,1,0.0002
hashing or map for color tracking,1,0.0002
limit calculations,1,0.0002
linearity of time functions,1,0.0002
hypercube structures,1,0.0002
polyomino counting,1,0.0002
palindrome property,1,0.0002
language syntax manipulation,1,0.0002
high dimensional integration,1,0.0002
lattice summation,1,0.0002
riemann theta function approximation,1,0.0002
iterating quine,1,0.0002
multilingual support,1,0.0002
error quine,1,0.0002
large state optimization,1,0.0002
multi language programming,1,0.0002
distance transformation,1,0.0002
language transformation,1,0.0002
sierpiski triangle,1,0.0002
autogram generation,1,0.0002
multiple languages,1,0.0002
output control,1,0.0002
hyperbolic tiling,1,0.0002
multi language support,1,0.0002
whitespace language,1,0.0002
recursive definitions,1,0.0002
algebraic structures,1,0.0002
code validation,1,0.0002
euler brick generation,1,0.0002
mathematical primitives,1,0.0002
primitive solutions filtering,1,0.0002
backtracking search,1,0.0002
hyperoperation evaluation,1,0.0002
first order logic,1,0.0002
formal verification,1,0.0002
hilbert system,1,0.0002
modus ponens,1,0.0002
quantifier handling,1,0.0002
symbolic logic,1,0.0002
dynamic output generation,1,0.0002
pristine code,1,0.0002
cyclic programs,1,0.0002
language specific syntax,1,0.0002
boggle search,1,0.0002
complement automaton,1,0.0002
regex generation,1,0.0002
euler tour connectivity,1,0.0002
radiation hardening,1,0.0002
recursive with memoization,1,0.0002
metric space,1,0.0002
glider synthesis,1,0.0002
constructible numbers,1,0.0002
constructive geometry,1,0.0002
polytopes,1,0.0002
language processing,1,0.0002
euler tour bipartite graph,1,0.0002
leap seconds,1,0.0002
network requests,1,0.0002
system apis,1,0.0002
utc time,1,0.0002
loop based algorithm,1,0.0002
scope handling,1,0.0002
matrix rank theory,1,0.0002
mirror symmetry,1,0.0002
palindromic program,1,0.0002
character restriction,1,0.0002
brute force enumeration,1,0.0002
card evaluation,1,0.0002
hand ranking,1,0.0002
code injection,1,0.0002
template programming,1,0.0002
computational theory,1,0.0002
brainfk,1,0.0002
character set transformation,1,0.0002
ackermann function variant,1,0.0002
busy beaver,1,0.0002
calculus of constructions,1,0.0002
fast growing hierarchy,1,0.0002
large number generation,1,0.0002
recursive function theory,1,0.0002
general number field sieve,1,0.0002
quadratic sieve,1,0.0002
undecidability,1,0.0002
basic inputoutput,1,0.0002
infinite search,1,0.0002
turing completeness,1,0.0002
undecidable problem,1,0.0002
path in mst,1,0.0002
reverse preprocessing,1,0.0002
longest increasing subsequence variants,1,0.0002
reverse blurring,1,0.0002
merge procedure,1,0.0002
multi source pathfinding,1,0.0002
dimension checking,1,0.0002
esoteric language interpreter,1,0.0002
infinite loop simulation,1,0.0002
tape based memory model,1,0.0002
disjoint groups,1,0.0002
well bracketed sequences,1,0.0002
file system handling,1,0.0002
operating system abstraction,1,0.0002
word square,1,0.0002
lookup,1,0.0002
hexagonal grid movement,1,0.0002
triangle,1,0.0002
right associative exponentiation,1,0.0002
fixed point arithmetic,1,0.0002
circle perimeter,1,0.0002
minimum enclosing shapes,1,0.0002
multi string comparison,1,0.0002
point comparison,1,0.0002
index generation,1,0.0002
file path operations,1,0.0002
exponentiation parsing,1,0.0002
proper divisors,1,0.0002
distance from point to polygon,1,0.0002
unbounded knapsack with count,1,0.0002
array reorganization,1,0.0002
multi dimensional bfs,1,0.0002
skyline computation,1,0.0002
non power of two handling,1,0.0002
validation of graph connectivity,1,0.0002
insertion in balanced trees,1,0.0002
contour traversal,1,0.0002
efficiency measurement,1,0.0002
key based operations,1,0.0002
booleanqueries,1,0.0002
datastructures,1,0.0002
invertedindex,1,0.0002
stringprocessing,1,0.0002
textprocessing,1,0.0002
data sharding,1,0.0002
mapreduce pattern,1,0.0002
polynomial determinant,1,0.0002
tutte matrix,1,0.0002
pixel intensity calculation,1,0.0002
handling edge cases,1,0.0002
minimum spanning tree for strong connectivity,1,0.0002
polyhedron traversal,1,0.0002
finding mex,1,0.0002
custom logic implementation,1,0.0002
ternary operators,1,0.0002
parentheses evaluation,1,0.0002
edge relaxation,1,0.0002
degree sum condition,1,0.0002
power index calculation,1,0.0002
bitwise operations custom logic,1,0.0002
csv data processing,1,0.0002
aws lambda optimization,1,0.0002
python memory management,1,0.0002
brute force or permutations,1,0.0002
crossover ga,1,0.0002
mutation ga,1,0.0002
population replacement,1,0.0002
selection ga,1,0.0002
circular range queries,1,0.0002
discrete convolution,1,0.0002
obstacle detection,1,0.0002
date difference calculation,1,0.0002
efficient trial division,1,0.0002
approximate answer,1,0.0002
balanced tree avl tree,1,0.0002
k th element in tree,1,0.0002
state expansion with constraints,1,0.0002
cyclic validation,1,0.0002
polynomial generation,1,0.0002
maximum weight disjoint paths,1,0.0002
flow with capacities,1,0.0002
function memoization,1,0.0002
random eviction,1,0.0002
big integersexponentiation,1,0.0002
metaheuristic optimization,1,0.0002
maximum weight connected subgraph,1,0.0002
plotly,1,0.0002
subarraysubgrid problems,1,0.0002
modified edge handling,1,0.0002
epsilon closure,1,0.0002
geospatial analysis,1,0.0002
enums,1,0.0002
walks in graphs,1,0.0002
trie or path handling,1,0.0002
switch case conditions,1,0.0002
control flow switch case,1,0.0002
vulnerability analysis,1,0.0002
binary indexed tree fenwick tree or binary search,1,0.0002
multi stage blocking,1,0.0002
dynamic programming for small instances,1,0.0002
spherical harmonics,1,0.0002
on log n,1,0.0002
leap year rules,1,0.0002
counting loops,1,0.0002
algorithms arithmetic operations,1,0.0002
algorithms custom class implementation,1,0.0002
algorithms large number handling,1,0.0002
time series,1,0.0002
edge disjoint branchings,1,0.0002
edmonds branching algorithm,1,0.0002
efficient cursor handling,1,0.0002
fuel constraint optimization,1,0.0002
edge orientation,1,0.0002
inorder and postorder reconstruction,1,0.0002
inverse bwt,1,0.0002
trie or table based inversion,1,0.0002
non overlapping selection,1,0.0002
n dimensional array traversal,1,0.0002
graphics simulation,1,0.0002
l system interpretation,1,0.0002
assembly language concepts,1,0.0002
control flow design,1,0.0002
stemming,1,0.0002
stop words removal,1,0.0002
bounded resource optimization,1,0.0002
non overlapping substring extraction,1,0.0002
gene tracking,1,0.0002
write through caching,1,0.0002
priority search,1,0.0002
arbitrage,1,0.0002
backtracking or dfs,1,0.0002
regular graph construction,1,0.0002
file metadata handling,1,0.0002
backup and restore,1,0.0002
dfa implementation,1,0.0002
hopcrofts algorithm,1,0.0002
distributed data processing,1,0.0002
convergence check,1,0.0002
in degree and out degree balance,1,0.0002
2d range maximum query rmq,1,0.0002
rotation and reversal,1,0.0002
union of sorted arrays,1,0.0002
array pair sum,1,0.0002
data encryption,1,0.0002
homomorphic encryption,1,0.0002
bitmap indexing,1,0.0002
normal distribution check,1,0.0002
data distribution adaptation,1,0.0002
multiple data sources,1,0.0002
spherical intersection,1,0.0002
radial sorting,1,0.0002
factorial notation,1,0.0002
forward difference,1,0.0002
ellipsoidal distance calculation,1,0.0002
geodesy,1,0.0002
vincentys formula,1,0.0002
priority update,1,0.0002
fractal pattern recognition,1,0.0002
motion modeling,1,0.0002
beautiful triple,1,0.0002
wavy sequence,1,0.0002
manual slicing,1,0.0002
sentinel padding,1,0.0002
sublist handling,1,0.0002
prefixsuffix sum on tree,1,0.0002
shortcuts expansion,1,0.0002
multiple source sink paths,1,0.0002
suffix and prefix handling,1,0.0002
filtering and sorting,1,0.0002
line cutting,1,0.0002
sentence detection,1,0.0002
base encoding,1,0.0002
low link lca,1,0.0002
minimum time assignment,1,0.0002
data structure set or hash,1,0.0002
hashing or map for counting,1,0.0002
game theory optimal play,1,0.0002
minmax algorithm,1,0.0002
eulerian cycle,1,0.0002
segment divisors,1,0.0002
grid puzzle,1,0.0002
two variable state optimization,1,0.0002
minimum operations calculation,1,0.0002
hash map lookup table,1,0.0002
queue or list for dynamic sequence,1,0.0002
math binomial coefficients,1,0.0002
pairs of points,1,0.0002
contributions by character,1,0.0002
maximum path length,1,0.0002
grid dp,1,0.0002
tree or graph properties,1,0.0002
honeycomb geometry,1,0.0002
number theory gcd and diophantine equations,1,0.0002
transformation analysis,1,0.0002
angle range check,1,0.0002
minimization with constraints,1,0.0002
backward calculation,1,0.0002
boolean existence check,1,0.0002
adjacency list construction,1,0.0002
graph burning,1,0.0002
fast fourier transform fft fast walsh hadamard transform fwht,1,0.0002
insertion sort simulation,1,0.0002
boolean area check,1,0.0002
dynamic programming with binary search patience sorting,1,0.0002
division in base 7,1,0.0002
binary vectors,1,0.0002
square frame detection,1,0.0002
infinite check,1,0.0002
maximum subset xor,1,0.0002
recursive bracket simulation,1,0.0002
math triangle inequality,1,0.0002
burnsides lemma counting with symmetries,1,0.0002
geometric shape detection,1,0.0002
bipartite tree processing,1,0.0002
tree subtree identification,1,0.0002
eertree reverse suffix automaton,1,0.0002
mathematics modulo operations,1,0.0002
layer wise output,1,0.0002
rectangle query processing,1,0.0002
priority queue map based state tracking,1,0.0002
linear algebra basis in binary vector space,1,0.0002
tree based data structures eg segment tree or binary indexed tree,1,0.0002
circular path,1,0.0002
prefix and suffix balancing,1,0.0002
ordered set map,1,0.0002
path decomposition lca,1,0.0002
time based graph traversal,1,0.0002
event driven algorithm,1,0.0002
segment tree or binary lifting conceptual,1,0.0002
binary indexed tree conceptual,1,0.0002
heavy light decomposition conceptual,1,0.0002
priority queue multisource bfs,1,0.0002
subarray minimum sum,1,0.0002
event based bfs,1,0.0002
multiple tree centroid decomposition,1,0.0002
2 ecc biconnected components,1,0.0002
arc distance calculation,1,0.0002
efficient path counting,1,0.0002
infinite data structures,1,0.0002
stack for loops,1,0.0002
grid and geometry,1,0.0002
ordinal arithmetic,1,0.0002
program output simulation,1,0.0002
transfinite induction,1,0.0002
2d matrix processing,1,0.0002
multiple states,1,0.0002
recursive state tracking,1,0.0002
multi core optimization,1,0.0002
subarray sum problem,1,0.0002
three way lcs,1,0.0002
prefix frequency counting,1,0.0002
strictly increasingdecreasing sequences,1,0.0002
disjoint structures,1,0.0002
gcd optimization,1,0.0002
symmetric path,1,0.0002
k th missing number,1,0.0002
xor shortest path,1,0.0002
valid bracket sequences,1,0.0002
buffer zone creation,1,0.0002
feature selection,1,0.0002
geospatial data processing,1,0.0002
line equation evaluation,1,0.0002
circle algorithms,1,0.0002
point set processing,1,0.0002
sutherland hodgman algorithm,1,0.0002
graph connectivity check,1,0.0002
graph density analysis,1,0.0002
modeling infinite edges,1,0.0002
suffix array path tracking,1,0.0002
circle through three points,1,0.0002
mst minimum spanning tree,1,0.0002
palindrome path,1,0.0002
edge weight optimization,1,0.0002
spiral path validation,1,0.0002
prefixpostfix analysis,1,0.0002
event propagation,1,0.0002
mathematics expected value,1,0.0002
in degree and out degree calculation,1,0.0002
mathematical modulo operations,1,0.0002
hierarchical folding,1,0.0002
segment tree or bfs with edge generation,1,0.0002
symmetric graph structure,1,0.0002
bitmasking or dsu with union by sizepath compression,1,0.0002
segment tree or mos algorithm for queries,1,0.0002
circular path planning,1,0.0002
subsegment queries,1,0.0002
trietree based path selection,1,0.0002
efficient subsets,1,0.0002
imprecise constraints,1,0.0002
heavy light decomposition or dfs traversal,1,0.0002
segment tree or binary indexed tree for efficient updates,1,0.0002
efficient minimum xor pair,1,0.0002
tree rebuilding,1,0.0002
matrix path counting,1,0.0002
edge processing by weight,1,0.0002
ascii parsing,1,0.0002
priority queue event based scheduling,1,0.0002
eccentricity,1,0.0002
radius,1,0.0002
efficient connectivity updates,1,0.0002
low link cut tree dynamic trees,1,0.0002
heavy light decomposition or tree traversal,1,0.0002
ip subnet manipulation,1,0.0002
maximum on path query,1,0.0002
sorted set,1,0.0002
edge indexing,1,0.0002
data structure for lis computation,1,0.0002
efficient distance calculation on trees,1,0.0002
segment tree or bfs for range edges,1,0.0002
efficient subset contribution calculation,1,0.0002
2 ecc 2 edge connected components,1,0.0002
2d grid transformation,1,0.0002
batch queries,1,0.0002
formal language processing,1,0.0002
probabilistic equivalence checking,1,0.0002
board generation,1,0.0002
balanced search,1,0.0002
javascript coercion,1,0.0002
currying,1,0.0002
functional programming simulation,1,0.0002
stack based interpreter,1,0.0002
gnfs,1,0.0002
number field sieve nfs,1,0.0002
irreducible polynomials,1,0.0002
primitive elements,1,0.0002
nimber multiplication,1,0.0002
answer chaining,1,0.0002
infinite language,1,0.0002
algorithm string matching,1,0.0002
2d array summation,1,0.0002
code self analysis,1,0.0002
unicode codepoint conversion,1,0.0002
geometry spacing,1,0.0002
polyhedra,1,0.0002
stereographic projection,1,0.0002
infinite grid,1,0.0002
symmetry handling burnsides lemma group theory,1,0.0002
isomorphism classes,1,0.0002
wavy numbers,1,0.0002
efficient mapdictionary usage,1,0.0002
string occurrence counting,1,0.0002
trie aho corasick,1,0.0002
edge sensitivity analysis,1,0.0002
ordered set tree or balanced bst,1,0.0002
range maximum and minimum query,1,0.0002
range merging,1,0.0002
dynamic maximum path length,1,0.0002
no comparison logic,1,0.0002
low level arithmetic,1,0.0002
link detection,1,0.0002
convex polyhedra,1,0.0002
minimum enclosing rectangle,1,0.0002
search with pruning,1,0.0002
ipv4 and ipv6 handling,1,0.0002
subnet validation,1,0.0002
central moment,1,0.0002
loop and condition control,1,0.0002
python syntax validation,1,0.0002
efficient prime sum,1,0.0002
sublinear time algorithms,1,0.0002
segmentation techniques,1,0.0002
3d transformations,1,0.0002
plane rotation,1,0.0002
lowest common ancestor lct lca,1,0.0002
file io xml,1,0.0002
efficient file reading,1,0.0002
directory validation,1,0.0002
data structures priority queues graphs,1,0.0002
heuristics and metaheuristics,1,0.0002
time windowed vrp vrptw,1,0.0002
edge management,1,0.0002
floyd warshall for small constraints,1,0.0002
game mechanics,1,0.0002
multiple days handling,1,0.0002
root change analysis,1,0.0002
border finding,1,0.0002
suffix automaton sam,1,0.0002
forced online,1,0.0002
index based operations,1,0.0002
dynamic string handling,1,0.0002
path query with constraints,1,0.0002
dynamic programming on tree paths,1,0.0002
double summation optimization,1,0.0002
efficient gcd handling,1,0.0002
polynomial operations,1,0.0002
key dependent constraints,1,0.0002
dynamic shortest paths,1,0.0002
optimal decomposition,1,0.0002
low delay data structures,1,0.0002
control flow handling,1,0.0002
function call stack,1,0.0002
lexical scoping,1,0.0002
swaps and updates,1,0.0002
tree ancestor,1,0.0002
level identification,1,0.0002
complex query handling,1,0.0002
data structure for link cut operations,1,0.0002
lcm counting,1,0.0002
low link lca lowest common ancestor,1,0.0002
mathematical structures monoids,1,0.0002
dfs preorder traversal,1,0.0002
inclusion of subsequences,1,0.0002
time windowed routing,1,0.0002
error correction coding,1,0.0002
operator tree evaluation,1,0.0002
expectation computation,1,0.0002
dynamic data structures for cacti,1,0.0002
path query with tree data structures,1,0.0002
range updates and queries segment tree or binary indexed tree,1,0.0002
shortest path dijkstra or bfs,1,0.0002
simulation of graph operations,1,0.0002
cayleys theorem,1,0.0002
conditional range update,1,0.0002
traffic data handling,1,0.0002
data structure with history,1,0.0002
convex polygon algorithms,1,0.0002
point ordering,1,0.0002
crud operations,1,0.0002
math counting,1,0.0002
cotangent optimization,1,0.0002
optimized sieve,1,0.0002
input filtering,1,0.0002
geometry and layout analysis,1,0.0002
redundancy detection,1,0.0002
fast exponentiation iteration,1,0.0002
conformable arrays,1,0.0002
operator precedence right to left,1,0.0002
variable assignment,1,0.0002
table generation,1,0.0002
assemblyexploitation simulation,1,0.0002
rop gadget construction,1,0.0002
box layout and alignment,1,0.0002
constraint based programming,1,0.0002
decision making under uncertainty,1,0.0002
texas holdem poker strategy,1,0.0002
c api programming,1,0.0002
python extension development,1,0.0002
binary io,1,0.0002
prime summation,1,0.0002
recursion indirect use,1,0.0002
taylor series expansion,1,0.0002
heaps algorithm,1,0.0002
cube substructure analysis,1,0.0002
efficient geometry handling,1,0.0002
adaptive quadrature,1,0.0002
convex polygon shadow,1,0.0002
umbra and penumbral shadow calculation,1,0.0002
angle trisection,1,0.0002
polyominoes,1,0.0002
heavy light decomposition or euler tour for tree traversal,1,0.0002
integer scaling,1,0.0002
disjoint set union dsu or dynamic trees,1,0.0002
prefix subnet matching,1,0.0002
efficient median handling,1,0.0002
in degree and out degree tracking,1,0.0002
important node detection,1,0.0002
semi important node detection,1,0.0002
xor game nim game,1,0.0002
cyclical shift analysis,1,0.0002
dynamic highlighting,1,0.0002
segment trees or offline queries,1,0.0002
symmetry in graphs,1,0.0002
dynamic in degreeout degree tracking,1,0.0002
maximum subarray sum kadanes algorithm variant,1,0.0002
efficient path operations,1,0.0002
value assignment,1,0.0002
mathematical morphology,1,0.0002
efficient median finding,1,0.0002
data structure balanced set eg treeset or map,1,0.0002
euler tour dsu on tree,1,0.0002
heavy light decomposition hld or lca,1,0.0002
xor subsequence counting,1,0.0002
circular obstacles,1,0.0002
low link euler tour,1,0.0002
lexicographical generation,1,0.0002
geometric volume calculation,1,0.0002
k th order statistic,1,0.0002
large multiplicities,1,0.0002
mathematical series and exponentiation,1,0.0002
double counting,1,0.0002
monte carlo integration approximate,1,0.0002
picks theorem optional,1,0.0002
line integral convolution monte carlo or grid based integration,1,0.0002
power sum,1,0.0002
tree graph,1,0.0002
distance queries in trees,1,0.0002
subarray elimination,1,0.0002
district partitioning,1,0.0002
cyclic shift analysis,1,0.0002
greedy swap strategy,1,0.0002
dynamic updates on tree,1,0.0002
segment tree or heavy light decomposition for advanced queries,1,0.0002
lct link cut tree,1,0.0002
heavy light decomposition optional for optimization,1,0.0002
grundy numbers nimber,1,0.0002
input decoding,1,0.0002
segment removal,1,0.0002
dynamic tree modifications,1,0.0002
string length handling,1,0.0002
prefix suffix automaton,1,0.0002
monotonic stack or queue,1,0.0002
polygon area sign,1,0.0002
fast power algorithm,1,0.0002
eccentricity calculation,1,0.0002
path xor,1,0.0002
data structures priority queue or events queue,1,0.0002
data structures balanced trees or heaps,1,0.0002
dynamic counting,1,0.0002
geometry parsing,1,0.0002
grid constraints,1,0.0002
tree reversal on path,1,0.0002
dynamic tree properties,1,0.0002
prefix xor decoding,1,0.0002
symmetric path finding,1,0.0002
time based,1,0.0002
disjoint set union dsu on tree,1,0.0002
sparse sets,1,0.0002
priority queue or min heap,1,0.0002
geometry alignment,1,0.0002
mathematical prefix sums,1,0.0002
difference array or prefix sum,1,0.0002
level constraints,1,0.0002
linearity of edges,1,0.0002
offline query handling,1,0.0002
simulation with priority,1,0.0002
simulation with state management,1,0.0002
problem solving on dags,1,0.0002
imos method fenwick tree,1,0.0002
fast fourier transform fft implicit,1,0.0002
xor algebra,1,0.0002
data structures priority queue or event queue,1,0.0002
knapsack 0 1,1,0.0002
combinatorics conceptual,1,0.0002
edge indexed graph,1,0.0002
heavy light decomposition tree traversal,1,0.0002
efficient interval management,1,0.0002
dfs traversal properties,1,0.0002
spanning tree analysis,1,0.0002
permutation updates,1,0.0002
vertex removal strategy,1,0.0002
efficient path management,1,0.0002
rotation invariant features,1,0.0002
tree path xor,1,0.0002
counting with xor,1,0.0002
efficient exclusion strategy,1,0.0002
tree traversals,1,0.0002
dfs based matching,1,0.0002
heavy light decomposition or range queries,1,0.0002
disjoint events handling,1,0.0002
segment tree with hld,1,0.0002
sub string generation,1,0.0002
geometry and alignment parsing,1,0.0002
disjoint set union optional for root changes,1,0.0002
segment tree with hld heavy light decomposition,1,0.0002
disjoint set union optional for conflict resolution,1,0.0002
simulation with priority handling,1,0.0002
linear algebra binary representation,1,0.0002
prefix sum techniques,1,0.0002
fenwick tree for range queries,1,0.0002
simulation with time constraints,1,0.0002
palindrome character condition,1,0.0002
euler tour dynamic connectivity,1,0.0002
feasibility region,1,0.0002
data structures mapssorting,1,0.0002
matrix graph construction,1,0.0002
efficient bracket matching,1,0.0002
efficient subsets calculation,1,0.0002
2 sat or reachability analysis,1,0.0002
tree reconnection,1,0.0002
convex decomposition,1,0.0002
data structure setmultiset,1,0.0002
efficient point exclusion,1,0.0002
data structures for efficient updates and queries,1,0.0002
subtree update on tree,1,0.0002
efficient subarray contribution calculation,1,0.0002
binary representation bit manipulation,1,0.0002
integer linear equations,1,0.0002
data structure for efficient updates,1,0.0002
reversal operations on tree paths,1,0.0002
in degreeout degree,1,0.0002
heavy light decomposition or subtree size tracking,1,0.0002
efficient pattern counting,1,0.0002
prefix suffix range queries,1,0.0002
geometry processing,1,0.0002
updates and queries,1,0.0002
monte carlo integration alternative,1,0.0002
rectangle overlap counting,1,0.0002
exponentiation in factorials,1,0.0002
multiset or ordered set,1,0.0002
linear algebra binary,1,0.0002
efficient lcm computation,1,0.0002
integer geometry,1,0.0002
exception handling custom,1,0.0002
geometry and layout parsing,1,0.0002
inverses modulo prime,1,0.0002
awesomeness calculation,1,0.0002
prefix suffix path matching,1,0.0002
geometry 2d positioning,1,0.0002
heavy light decomposition hld or range queries,1,0.0002
path reversal on tree,1,0.0002
priority queue simulation with ordering,1,0.0002
plane orientation,1,0.0002
efficient graph algorithms,1,0.0002
rotated rectangle detection,1,0.0002
efficient subset handling,1,0.0002
data structure for range queries,1,0.0002
color frequency management,1,0.0002
path and range updates,1,0.0002
efficient color counting,1,0.0002
search brute force or dfs,1,0.0002
efficient path xor,1,0.0002
subnet handling,1,0.0002
canonical form construction,1,0.0002
computational dag,1,0.0002
hashing or state representation,1,0.0002
level wise analysis,1,0.0002
implicit data structures,1,0.0002
tree based indexing,1,0.0002
convex polygon handling,1,0.0002
polygon shadow casting,1,0.0002
shortest path a or dijkstra,1,0.0002
max pair sum,1,0.0002
efficient path simulation,1,0.0002
stable block processing,1,0.0002
mergeable heaps or sorted lists,1,0.0002
data structures trees nodes,1,0.0002
line integrals,1,0.0002
heronian tetrahedron,1,0.0002
integer embedding,1,0.0002
prefix and suffix inversions,1,0.0002
regression analysis,1,0.0002
state machine generation,1,0.0002
hardcoding,1,0.0002
oscillators,1,0.0002
concatenation logic,1,0.0002
maximal matching,1,0.0002
recursive state compression,1,0.0002
limit computation,1,0.0002
uncomputable numbers,1,0.0002
dynamic programming for marking used cells,1,0.0002
class loading,1,0.0002
exploitation,1,0.0002
java object stream,1,0.0002
polynomial time,1,0.0002
bootloader,1,0.0002
memory layout,1,0.0002
uefi,1,0.0002
ascii,1,0.0002
priority based comparison,1,0.0002
logarithmic integral,1,0.0002
riemann zeta function,1,0.0002
state design,1,0.0002
turing machine construction,1,0.0002
average and distance calculations,1,0.0002
data structure with cancellation,1,0.0002
priority queue ordered events,1,0.0002
infinite data structure handling,1,0.0002
indentation management,1,0.0002
bigdecimal,1,0.0002
line continuation,1,0.0002
large prime handling,1,0.0002
angle bisector theorem,1,0.0002
file existence check,1,0.0002
lempel ziv compression lz77,1,0.0002
text data processing,1,0.0002
merge game simulation,1,0.0002
greatest lower bound glb,1,0.0002
path length constraints,1,0.0002
k th spanning tree,1,0.0002
mode detection,1,0.0002
efficient lexicographical order calculation,1,0.0002
inheritance logic,1,0.0002
bouncing ball physics,1,0.0002
hexagon traversal,1,0.0002
out of core computation,1,0.0002
path routing,1,0.0002
segment tree or hashing for substring comparison,1,0.0002
binary lifting for subtree and parent operations,1,0.0002
difference array or segment tree,1,0.0002
heavy light decomposition hld or dfs traversal,1,0.0002
maximum path cost,1,0.0002
even odd blue region calculation,1,0.0002
segment tree binary indexed tree alternative for max queries,1,0.0002
segment tree with merging,1,0.0002
manhattan search,1,0.0002
quick sort analysis,1,0.0002
suffix automaton segment tree conceptual,1,0.0002
efficient subarray handling,1,0.0002
point line intersection,1,0.0002
catalan like counting,1,0.0002
heavy light decomposition hld or path compression,1,0.0002
priority queue or bfs with priority,1,0.0002
genetic simulation,1,0.0002
dynamic multisets,1,0.0002
prefix reversal cost analysis,1,0.0002
multiple source dijkstra,1,0.0002
data structures tree queue stack,1,0.0002
dfs recursive traversal,1,0.0002
conditional state transitions,1,0.0002
mathematical query generation,1,0.0002
spanning tree optimization,1,0.0002
distance between convex polygons,1,0.0002
gauss circle problem,1,0.0002
iterating triples,1,0.0002
mergeable frequency maps,1,0.0002
subtree and path processing,1,0.0002
dsu disjoint set union,1,0.0002
random array generation,1,0.0002
max subarray sum kadanes algorithm,1,0.0002
efficient maximum pair sum,1,0.0002
cyclic array manipulation,1,0.0002
graph traversal dijkstra,1,0.0002
even odd blue regions,1,0.0002
data structure with constraints,1,0.0002
circular grid handling,1,0.0002
tree linked structure,1,0.0002
motion prediction,1,0.0002
depth limited traversal,1,0.0002
stable blocks,1,0.0002
efficient pair minimization,1,0.0002
simulation with large exponents,1,0.0002
c programming,1,0.0002
link cut tree optional advanced,1,0.0002
reed solomon,1,0.0002
toroidal rotation,1,0.0002
oeis validation,1,0.0002
multiple language support,1,0.0002
irrational number generation,1,0.0002
circle arc drawing,1,0.0002
hyperbolic geometry,1,0.0002
poincar disk model,1,0.0002
contiguous region detection,1,0.0002
circular check,1,0.0002
spatial algorithms,1,0.0002
code manipulation,1,0.0002
pristine program,1,0.0002
good string check,1,0.0002
amidakuji logic,1,0.0002
maze rotation and connection,1,0.0002
divisors computation,1,0.0002
circulation with demands,1,0.0002
parametric algorithms,1,0.0002
call stack usage,1,0.0002
unique substring identification,1,0.0002
dynamicarray,1,0.0002
onlinealgorithm,1,0.0002
priorityqueue,1,0.0002
input reconstruction,1,0.0002
geometry line comparisons,1,0.0002
time window scheduling,1,0.0002
heavy light construction,1,0.0002
bayesian probability,1,0.0002
probabilistic modeling,1,0.0002
cubic interpolation,1,0.0002
tree diagram generation,1,0.0002
complement graph connectivity,1,0.0002
component management,1,0.0002
hamiltonian cycle counting,1,0.0002
linear motion simulation,1,0.0002
suffix automaton optional advanced approach,1,0.0002
cyclic fractions,1,0.0002
disjoint set union optional for offline queries,1,0.0002
polygon matching,1,0.0002
sum of modulo,1,0.0002
algorithmic constraints,1,0.0002
subsets summation,1,0.0002
tree edge importance,1,0.0002
rule filtering,1,0.0002
efficient counting of subarray maximums,1,0.0002
search space pruning,1,0.0002
binary indexed tree fenwick tree prefix sum,1,0.0002
subarray median,1,0.0002
gray code concept,1,0.0002
subtree identification,1,0.0002
prefix and suffix mapping,1,0.0002
ratio normalization,1,0.0002
data structures stacksqueues,1,0.0002
mathematics modulo arithmetic,1,0.0002
map or treeset,1,0.0002
dynamic programming on combinations,1,0.0002
suffix hashing,1,0.0002
trie or lexicographical path selection,1,0.0002
low link cut tree lct or heavy light decomposition hld,1,0.0002
3d position tracking,1,0.0002
convex polygon shadow calculation,1,0.0002
mathematical hashing,1,0.0002
data structures stackssorted lists,1,0.0002
graph traversal with constraints,1,0.0002
undoredo operations,1,0.0002
linear algebra basis for xor space,1,0.0002
oddeven number operations,1,0.0002
tree or dag processing,1,0.0002
path query optimization,1,0.0002
brute force with memoization,1,0.0002
priority queue ranking,1,0.0002
gcd operations,1,0.0002
recursive tree building,1,0.0002
non fibonacci number generation,1,0.0002
tree symmetry,1,0.0002
implicit construction,1,0.0002
segment tree or fenwick tree binary indexed tree,1,0.0002
dovetailing,1,0.0002
interpreters,1,0.0002
turing complete languages,1,0.0002
mathematical lookup,1,0.0002
strong pseudoprime,1,0.0002
min max problems,1,0.0002
bitmasking or tuple encoding,1,0.0002
suffices processing,1,0.0002
greedy algorithms approximations,1,0.0002
alignment formatting,1,0.0002
multiplication partial products,1,0.0002
algorithmic parsing,1,0.0002
automorphism,1,0.0002
line clearing optimization,1,0.0002
tetris ai,1,0.0002
deadlock prevention,1,0.0002
minimum arborescence,1,0.0002
mergeable heap disjoint set union with small to large merging,1,0.0002
automata kmp or aho corasick,1,0.0002
mst variants,1,0.0002
efficient edge processing,1,0.0002
efficient series calculation,1,0.0002
data structures stacks or sorted lists,1,0.0002
interval intersection calculation,1,0.0002
range update with difference array,1,0.0002
efficient tree rebuilding,1,0.0002
basis for linear algebra over gf2,1,0.0002
recursive tree depth,1,0.0002
segment tree or range minimum query,1,0.0002
concatenation and splitting,1,0.0002
persistent data structures alternative,1,0.0002
knapsack problem variant,1,0.0002
tree maximum tracking,1,0.0002
tree size calculation,1,0.0002
shortest path modified for maximum weight,1,0.0002
efficient sum queries,1,0.0002
link cut tree alternative,1,0.0002
tree forest,1,0.0002
suffix array or segment tree,1,0.0002
data structures stacks or sequences,1,0.0002
efficient pair minimum calculation,1,0.0002
complex state management,1,0.0002
tree or binary indexed tree fenwick tree,1,0.0002
efficient recursion simulation,1,0.0002
union find disjoint set union for tracking substrings,1,0.0002
dynamic programming on strings,1,0.0002
prefix reversals,1,0.0002
unicodeascii art generation,1,0.0002
dynamic network flow,1,0.0002
maximize perimeter,1,0.0002
torus navigation,1,0.0002
string subsequence matching,1,0.0002
segment tree binary lifting,1,0.0002
palindromic paths,1,0.0002
winning and losing states,1,0.0002
concatenation and splitting operations,1,0.0002
heavy light decomposition hld for strings,1,0.0002
prefix selection,1,0.0002
union find with 2d coordinates,1,0.0002
heavy light decomposition or offline processing,1,0.0002
segment difference,1,0.0002
dynamic programming on combinatorics,1,0.0002
tree map or ordered set,1,0.0002
string substring queries,1,0.0002
counting with parity,1,0.0002
game state exploration,1,0.0002
segment tree or divide and conquer,1,0.0002
shortest path in a grid,1,0.0002
biconnected components union find,1,0.0002
assembly optimization,1,0.0002
c preprocessor,1,0.0002
macro programming,1,0.0002
function inverse,1,0.0002
fixed point combinator,1,0.0002
recursion theory,1,0.0002
pruning techniques,1,0.0002
turing machine concepts,1,0.0002
minimalism,1,0.0002
symmetry handling burnsides lemma bfsdfs with canonical forms,1,0.0002
arithmetic logic unit alu simulation,1,0.0002
xor subset,1,0.0002
suffix substrings,1,0.0002
efficient construction,1,0.0002
deletion with rotation,1,0.0002
insertion with rotation,1,0.0002
scheduling optimization,1,0.0002
data structure with amortized analysis,1,0.0002
parametric curves,1,0.0002
multiple sources bfssssp,1,0.0002
symmetry and congruence,1,0.0002
chtholly tree,1,0.0002
heavy hitters data structure,1,0.0002
randomized data structure,1,0.0002
randomized dfs,1,0.0002
binary data processing,1,0.0002
balance scale problem,1,0.0002
prefix sum with lazy propagation,1,0.0002
fourier series,1,0.0002
greedy algorithm for fractional case but not applicable here,1,0.0002
string concatenation modeling,1,0.0002
line and arc path analysis,1,0.0002
string lexicographical comparison,1,0.0002
line and arc traversal,1,0.0002
tree balanced bst or treeset,1,0.0002
time interval queries,1,0.0002
valid formula validation,1,0.0002
mathematical sequence analysis,1,0.0002
subarray statistics,1,0.0002
segmented multiplication,1,0.0002
gray code concepts,1,0.0002
suffix automaton tree,1,0.0002
suffix automaton or kmp for substring counting,1,0.0002
exponent parity analysis,1,0.0002
medians calculation,1,0.0002
data structure multiset or map,1,0.0002
repeated function application,1,0.0002
efficient prefix matching,1,0.0002
segment tree or event based processing,1,0.0002
data structure with constraints bounded d,1,0.0002
event logging and time based queries,1,0.0002
segment tree or binary indexed tree bit,1,0.0002
exponent counting in factorials,1,0.0002
path properties on trees,1,0.0002
prefix sum with modulo,1,0.0002
parentheses parsing,1,0.0002
data structure maphashing,1,0.0002
coordinate scaling,1,0.0002
heavy hitter optimization,1,0.0002
edge timestamps,1,0.0002
data structures map or priority queue,1,0.0002
bitmasking or set operations,1,0.0002
efficient search incremental check,1,0.0002
parsing and formatting,1,0.0002
door handling,1,0.0002
optimal command generation,1,0.0002
dynamic programming on function calls,1,0.0002
suffix automaton implicitly for constraints,1,0.0002
pure functions,1,0.0002
substring frequency,1,0.0002
addition circuit,1,0.0002
universal gates,1,0.0002
prefix suffix differences,1,0.0002
similarity metric,1,0.0002
fraction path encoding,1,0.0002
arc consistency,1,0.0002
edge weight filtering,1,0.0002
cycle creation in graph,1,0.0002
priority queue min heap concepts,1,0.0002
bit manipulation optional for toggle,1,0.0002
garland tracking,1,0.0002
model inversion,1,0.0002
commutative algebra,1,0.0002
data structure combinations,1,0.0002
longest common path,1,0.0002
mean imputation,1,0.0002
suffix automaton prefix function,1,0.0002
path sum on tree,1,0.0002
xor decryption,1,0.0002
shortest path bfs,1,0.0002
valgrind,1,0.0002
edge based graph representation,1,0.0002
circulation with demands and lower bounds,1,0.0002
axis aligned shapes,1,0.0002
k edge connected components,1,0.0002
online edge addition,1,0.0002
vector computation,1,0.0002
hashing for canonical form,1,0.0002
linear algebra basis construction in binary fields,1,0.0002
efficient gcd counting,1,0.0002
edge disjoint cycles,1,0.0002
gregorian and julian calendar,1,0.0002
four dimensional geometry,1,0.0002
half space intersection,1,0.0002
maximum square submatrix,1,0.0002
dynamic set merging,1,0.0002
factoradic conversion,1,0.0002
binary indexed trie,1,0.0002
arc handling,1,0.0002
subarray maximum count,1,0.0002
garland toggle,1,0.0002
directed trees,1,0.0002
state compression balls collected,1,0.0002
convex polygon area calculation,1,0.0002
data structures sets queues,1,0.0002
dynamic programming on convex polygons,1,0.0002
f2 field,1,0.0002
efficient range intersection,1,0.0002
2d coordinate compression,1,0.0002
triangle area,1,0.0002
spatial rotation,1,0.0002
geospatial query processing,1,0.0002
data structures priority queues or arrays,1,0.0002
permutation and combinations,1,0.0002
tree or stack,1,0.0002
border computation,1,0.0002
set for unique matches,1,0.0002
multi region processing,1,0.0002
dynamic programming on convex hull,1,0.0002
equation analysis,1,0.0002
union find optional for advanced analysis,1,0.0002
line sweep for intervals,1,0.0002
square pattern matching,1,0.0002
difference array technique,1,0.0002
heavy light decomposition or binary lifting,1,0.0002
prefix xordistance,1,0.0002
character frequency mapping,1,0.0002
euler tour circle graph,1,0.0002
kinematic constraints,1,0.0002
binary indexed tree fenwick tree or binary trie,1,0.0002
prefix and suffix remainders,1,0.0002
prefixsuffix operations,1,0.0002
square matching,1,0.0002
binary lifting or ancestor tracking,1,0.0002
histogram maximum rectangle,1,0.0002
even and odd parity,1,0.0002
binary indexed tree fenwick tree segment tree alternative,1,0.0002
two dimensional range queries,1,0.0002
ellipse point inclusion,1,0.0002
distance between polygons,1,0.0002
character index mapping,1,0.0002
efficient reversal simulation,1,0.0002
borders,1,0.0002
union find with merging,1,0.0002
fast fourier transform fft generating functions,1,0.0002
low and discovery time tarjans algorithm,1,0.0002
multiple strings processing,1,0.0002
efficient core allocation,1,0.0002
polygon and arc decomposition,1,0.0002
circle and triangle properties,1,0.0002
graph theory circular structure,1,0.0002
line and curve intersection,1,0.0002
minimax game theory,1,0.0002
recursive state enumeration,1,0.0002
euler tour line sweep,1,0.0002
iterated permutations,1,0.0002
update processing,1,0.0002
prefix xordistance calculation,1,0.0002
regular expressions or custom matching,1,0.0002
multi dimensional data handling,1,0.0002
multiset or ordered data structure,1,0.0002
efficient subarray sum enumeration,1,0.0002
union find with custom merging,1,0.0002
resultants,1,0.0002
root sum polynomials,1,0.0002
rule parsing,1,0.0002
line drawing algorithms,1,0.0002
de bruijn indexing,1,0.0002
sk combinators,1,0.0002
symbolic transformation,1,0.0002
keyboard layout mapping,1,0.0002
korean character decomposition,1,0.0002
time range handling,1,0.0002
graph to interval mapping,1,0.0002
kirkman triple system,1,0.0002
real time strategy,1,0.0002
source restriction,1,0.0002
subnet overlap detection,1,0.0002
limit behavior,1,0.0002
symmetry exploitation,1,0.0002
low memory algorithm,1,0.0002
haskell operators,1,0.0002
monomial generation,1,0.0002
tree based expression building,1,0.0002
control theory,1,0.0002
time optimal control,1,0.0002
octal encoding,1,0.0002
birthday problem,1,0.0002
string layout,1,0.0002
knot theory,1,0.0002
laurent polynomial arithmetic,1,0.0002
sum free sets,1,0.0002
term simplification,1,0.0002
code bowling,1,0.0002
source code analysis,1,0.0002
formal systems,1,0.0002
tree grammar,1,0.0002
self validation,1,0.0002
cubically syntax generation,1,0.0002
rotation and reflection composition,1,0.0002
prefixsuffix path queries,1,0.0002
suffix and prefix constraints,1,0.0002
right truncatable,1,0.0002
coordinate matching,1,0.0002
circular list simulation,1,0.0002
tree difference,1,0.0002
data encryption handling,1,0.0002
divided difference calculation,1,0.0002
high dimensional computation,1,0.0002
sha 1 hashing,1,0.0002
shortest vector problem,1,0.0002
pathfinding with obstacles,1,0.0002
euler tour edge removal,1,0.0002
minimum path analysis,1,0.0002
calculator logic,1,0.0002
rounding and formatting,1,0.0002
dynamic programming on condensed graph,1,0.0002
large range optimization,1,0.0002
dynamic programming on state compression,1,0.0002
monotonic updates,1,0.0002
ray intersection,1,0.0002
union of volumes,1,0.0002
minimum hamiltonian cycle,1,0.0002
fractional cascading,1,0.0002
multi pass parsing,1,0.0002
odd even operations,1,0.0002
randomized query generation,1,0.0002
multi source bfs dfs,1,0.0002
double integration,1,0.0002
array subarray queries,1,0.0002
balanced bracket sequence,1,0.0002
tree edge replacement,1,0.0002
real number arithmetic,1,0.0002
two phase bfs,1,0.0002
data structure treegraph isomorphism,1,0.0002
binary heap priority queue,1,0.0002
fractal algorithms,1,0.0002
efficient substring enumeration,1,0.0002
efficient concatenation and splitting,1,0.0002
dynamic in degree management,1,0.0002
eratosthenes sieve,1,0.0002
euler tour segment tree,1,0.0002
character set filtering,1,0.0002
nested structures detection,1,0.0002
problem solving logic,1,0.0002
fast fourier transform fft ntt for combinatorics,1,0.0002
or operation properties,1,0.0002
circle and point inclusion,1,0.0002
bfs like optimization,1,0.0002
event based edge reduction,1,0.0002
sparse graph traversal,1,0.0002
disjoint set union dsu or union find alternative approach,1,0.0002
expression optimization,1,0.0002
union find disjoint set union with rollback,1,0.0002
linear composition,1,0.0002
level wise processing,1,0.0002
iterated enumeration,1,0.0002
arithmetic modulo,1,0.0002
reverse function evaluation,1,0.0002
efficient search with overlapping consideration,1,0.0002
string concatenation permutations,1,0.0002
trie or aho corasick for multi pattern matching,1,0.0002
prefix suffix maximum,1,0.0002
sperners game nim game variant,1,0.0002
graph theory state transitions,1,0.0002
reverse function,1,0.0002
optimal flow,1,0.0002
variable dependency,1,0.0002
polygon shadow projection,1,0.0002
byte encoding,1,0.0002
color palette generation,1,0.0002
data structures hashing trees,1,0.0002
gif file format,1,0.0002
lzw compression,1,0.0002
ppm parsing,1,0.0002
byte optimization,1,0.0002
knuth morris pratt kmp or similar grouping,1,0.0002
character restrictions,1,0.0002
byte analysis,1,0.0002
koth king of the hill,1,0.0002
euler diagram,1,0.0002
minimum crossings,1,0.0002
dynamic typing,1,0.0002
limits and approximations,1,0.0002
nfadfa conversion,1,0.0002
regex compilation,1,0.0002
insert and update operations,1,0.0002
tree indexing,1,0.0002
dynamic thrill calculation,1,0.0002
dynamic programming for formatting,1,0.0002
tree like structure traversal,1,0.0002
efficient big integer handling,1,0.0002
bidirectional a search,1,0.0002
all pairs shortest path optimization,1,0.0002
dynamic programming on intervals,1,0.0002
eertree,1,0.0002
color based connectivity queries,1,0.0002
binary matrices,1,0.0002
row updates,1,0.0002
floor division,1,0.0002
lowest common ancestor lmo,1,0.0002
grid based navigation,1,0.0002
real time systems,1,0.0002
heuristic methods,1,0.0002
olog n space complexity,1,0.0002
symmetry in strings,1,0.0002
array reversal with efficient updates,1,0.0002
zero count tracking,1,0.0002
efficient maximum subarray tracking,1,0.0002
dynamic minimum query,1,0.0002
critical edgenode analysis,1,0.0002
clipping algorithm,1,0.0002
bitmap analysis,1,0.0002
efficient lexicographical indexing,1,0.0002
lexicographical path,1,0.0002
dynamic processing,1,0.0002
edge subset selection,1,0.0002
hashing or set for forbidden points,1,0.0002
recursive expression matching,1,0.0002
character index tracking,1,0.0002
quicksort analysis,1,0.0002
visibility region,1,0.0002
flow network with costs,1,0.0002
range algebra,1,0.0002
reverse subrange,1,0.0002
union find disjoint set union optional for validation,1,0.0002
union find with eager deletion,1,0.0002
k th enumeration,1,0.0002
gray string,1,0.0002
disjoint cycles,1,0.0002
dynamic line management,1,0.0002
small constraint handling,1,0.0002
tree traversal with depth limit,1,0.0002
mst,1,0.0002
treewidth,1,0.0002
modular decomposition,1,0.0002
discriminant,1,0.0002
binarylifting,1,0.0002
fenwicktree,1,0.0002
treetraversal,1,0.0002
tree path analysis,1,0.0002
xor relations,1,0.0002
smaller to larger merging,1,0.0002
tree distance queries,1,0.0002
persistent trie,1,0.0002
manacher,1,0.0002
dynamic point set,1,0.0002
3d surface path,1,0.0002
graph modeling with turn restrictions,1,0.0002
dp on trees,1,0.0002
expectation and variance,1,0.0002
grid path finding,1,0.0002
subtree maximum,1,0.0002
range assignment,1,0.0002
genetics,1,0.0002
text rendering,1,0.0002
conditional logic and rule based processing,1,0.0002
genetics and inheritance modeling,1,0.0002
probability and combinatorics,1,0.0002
string parsing and manipulation,1,0.0002
tree traversal or state space exploration,1,0.0002
problem decomposition,1,0.0002
efficient computation with large numbers,1,0.0002
tree drawing,1,0.0002
continuous distributions,1,0.0002
generating permutations,1,0.0002
periodic grid,1,0.0002
optimal edge replacement,1,0.0002
geometric shape recognition,1,0.0002
series evaluation,1,0.0002
k th maximum edge,1,0.0002
data structure arrayvector,1,0.0002
recursive probability modeling,1,0.0002
data structures queueslists,1,0.0002
pattern database,1,0.0002
label based graph expansion,1,0.0002
hex grid representation,1,0.0002
linear recurrence relations,1,0.0002
geometric angles,1,0.0002
maximal subgraphs,1,0.0002
axis aligned bounding box,1,0.0002
bounding volume hierarchy,1,0.0002
parsing and simulation,1,0.0002
coordinate system conversion,1,0.0002
tennis scoring rules,1,0.0002
unordered distance matching,1,0.0002
operation ordering,1,0.0002
operations on 2x2 submatrices,1,0.0002
tracking changes,1,0.0002
custom operation simulation,1,0.0002
custom data parsing,1,0.0002
coordinate decoding,1,0.0002
abstract interpretation,1,0.0002
periodic string detection,1,0.0002
data structure hierarchical data,1,0.0002
address resolution,1,0.0002
linker,1,0.0002
random variables,1,0.0002
deadlock freedom,1,0.0002
shared variables,1,0.0002
starvation freedom,1,0.0002
binary to integer conversion,1,0.0002
subarray and and or calculation,1,0.0002
pairwise computation,1,0.0002
edge merging,1,0.0002
ring network,1,0.0002
tic tac toe rules,1,0.0002
physics projectile motion,1,0.0002
inverse operations,1,0.0002
permutation decomposition,1,0.0002
layered processing,1,0.0002
star construction,1,0.0002
number rounding,1,0.0002
rounding and precision handling,1,0.0002
cyclic scheduling,1,0.0002
simulation of events,1,0.0002
text comparison,1,0.0002
data structure array or hash map,1,0.0002
matching problem,1,0.0002
stream based algorithms,1,0.0002
custom data processing,1,0.0002
2d prefix xor,1,0.0002
sorting with swaps,1,0.0002
sorting and comparison,1,0.0002
geometric processing,1,0.0002
linear congruences,1,0.0002
accountingprofit calculation,1,0.0002
tree embedding,1,0.0002
string truncation,1,0.0002
partition generation,1,0.0002
line alignment check,1,0.0002
recursive pattern recognition,1,0.0002
data structure monotonic queue or segment tree,1,0.0002
unique output,1,0.0002
